parameter,coefficient,expected_return_median,expected_return_q25,expected_return_q75,volatility_median,volatility_q25,volatility_q75,variance_median,variance_q25,variance_q75,income_yield_median,income_yield_q25,income_yield_q75,turnover_median,turnover_q25,turnover_q75,transaction_cost_median,transaction_cost_q25,transaction_cost_q75,heldout_cvar_95_median,heldout_cvar_95_q25,heldout_cvar_95_q75,allocation_l1_from_current_median,allocation_l1_from_current_q25,allocation_l1_from_current_q75,solve_seconds_median,solve_seconds_q25,solve_seconds_q75,zero_breach_rate,maximum_violation
lambda_risk,0.5,0.07950378629410652,0.07266625284830537,0.07954213535848846,0.12031279226426181,0.10942410710799509,0.1208821046786427,0.014475167982423416,0.011973635216381983,0.014612483231538331,0.02134755424035375,0.021209731120414105,0.022226988460277743,0.39999999999999997,0.3999999999999999,0.4,0.0005069873937823438,0.0004926564368306179,0.0005945382936364654,0.16497891536999837,0.1556613995181503,0.16880924378516754,0.39999999999999997,0.3999999999999999,0.4,0.005453549325466156,0.0054123178124427795,0.005667995661497116,1.0,1.6176104483678344e-09
lambda_risk,1.0,0.07900994591129534,0.0719756206826653,0.07927717878374795,0.11816061610180217,0.1064546915404807,0.11892923226316554,0.01396193119755747,0.011332601350978893,0.014144162286705977,0.02222698847905831,0.02080694442934866,0.02237135004936286,0.3999999999999999,0.3999999996692876,0.39999999999999997,0.00045823624220431525,0.00043182175748520654,0.000591517279661319,0.1611235601876085,0.1503171327509074,0.16517052190372805,0.3999999999999999,0.3999999996692876,0.39999999999999997,0.004524853080511093,0.004507392644882202,0.004547961056232452,1.0,8.796624661328023e-10
lambda_risk,2.0,0.07574146497967864,0.06928802102500053,0.07638570560071682,0.11094281017882317,0.101688180384279,0.11277522501898297,0.01230830713037439,0.010340486029865663,0.012718251378082244,0.023156300523569668,0.021720782580444898,0.02366009449743048,0.3999999999999999,0.39999999898659405,0.4,0.0004518277221288579,0.0004399661660426444,0.0005870472900145284,0.1500664916487523,0.14243652009386557,0.1550579167793968,0.3999999999999999,0.39999999898659405,0.4,0.004320379346609116,0.004289522767066956,0.0044865235686302185,1.0,1.3891467923882184e-09
lambda_risk,3.0,0.06617792923469884,0.0657795714060904,0.06976636432267856,0.0934690892765592,0.09097212374395605,0.10098548004772362,0.008736470650189393,0.008275927298485652,0.010198067180469186,0.02257960325250878,0.022354733523136106,0.024494267047829296,0.3999999995975665,0.3999999995380939,0.4,0.000505414193993024,0.00046462472562752434,0.000556388412469935,0.12546899799163727,0.12388735598100639,0.13759577917318683,0.3999999995975665,0.3999999995380939,0.4,0.004292163997888565,0.004239168018102646,0.004348792135715485,1.0,1.2079000577536192e-09
lambda_risk,5.0,0.05954141725015722,0.05938040568365631,0.05969440557976962,0.08165434855102538,0.0799410012030336,0.08379504385498415,0.0066674326372923405,0.006390563673343419,0.007021609374658717,0.022916796271945067,0.02093135982182488,0.024132267268105332,0.4,0.39999999999999997,0.4,0.0005814976151071178,0.0005761899289904289,0.0006913606381504842,0.10754291486517337,0.1063596775036921,0.11253764053574118,0.4,0.39999999999999997,0.4,0.004373282194137573,0.0043611079454422,0.004409175366163254,1.0,7.707282034807861e-10
lambda_risk,7.5,0.05674224874371209,0.05654492767260629,0.057876382278646235,0.08013207182703341,0.07675246412414775,0.08084281069565646,0.006421148935292841,0.005890940749128589,0.006535560041173747,0.023178438177049617,0.02059012503453057,0.02334111945153922,0.39999999999999997,0.3999999999999999,0.4,0.0006467287685581634,0.0005787029742277835,0.0006924808050321956,0.10461096521972833,0.10438452703774725,0.10882835124324855,0.39999999999999997,0.3999999999999999,0.4,0.004389207810163498,0.004327204078435898,0.004404429346323013,1.0,1.570586660726292e-09
lambda_risk,10.0,0.05569585874150585,0.055450261020409536,0.05679828403590729,0.07934714991921493,0.07606753019149882,0.07943946989921769,0.00629597020030237,0.0057862691494345855,0.006310629377868713,0.022908875343334016,0.02039906701576006,0.023202716032828613,0.39999999999999997,0.39999999999999997,0.39999999999999997,0.0006838342423942531,0.0005939609658823967,0.0007146468321535132,0.10375567541880133,0.1036981395281251,0.10742343922428088,0.39999999999999997,0.39999999999999997,0.39999999999999997,0.0044446177780628204,0.0044244080781936646,0.004470929503440857,1.0,7.605674701149923e-10
lambda_risk,15.0,0.055080371765643246,0.05435668028054046,0.055185124417235304,0.07839660647623758,0.0756699067278441,0.07934706922157912,0.006146027906990056,0.0057259347842006265,0.0062959573940540685,0.02250429980465561,0.020404122743427688,0.023063408628197855,0.39999999999999997,0.39999999999999997,0.4,0.0006837403825859767,0.0006184072248239217,0.0006913276607952085,0.10375815475743444,0.10320216920879736,0.10667609000173,0.39999999999999997,0.39999999999999997,0.4,0.00444069504737854,0.004431769251823425,0.004586499184370041,1.0,9.094924535713034e-10
lambda_risk,25.0,0.054556307795473075,0.053994618094351354,0.05507841510483227,0.07809713597573267,0.07562899879704925,0.07933967580858832,0.006099162647612078,0.005719745459044076,0.006294784157411894,0.022404330539253482,0.020392805707135794,0.023063428329840263,0.4,0.3999999999999999,0.4,0.0006842762103525064,0.0006129307310981317,0.0006901628334228483,0.10377160232653232,0.10315072509603843,0.10640808633547344,0.4,0.3999999999999999,0.4,0.004551015794277191,0.004475656896829605,0.004642501473426819,1.0,1.8953993929926582e-10
lambda_income,0.0,0.05962200970529264,0.0593359303701962,0.05965541796457798,0.0818338357544843,0.07944634455169848,0.08231481319871867,0.006696776674291914,0.006311721662627191,0.006775728471939949,0.021762982539998883,0.020446924130111722,0.02251642190878731,0.39999999999999997,0.3999999999999998,0.39999999999999997,0.0005701360295230758,0.0005332850772647455,0.0007108605598984631,0.10646528037795402,0.10630952129057844,0.11045640458017575,0.39999999999999997,0.3999999999999998,0.39999999999999997,0.004387564957141876,0.004382707178592682,0.0044321902096271515,1.0,1.4701677236717003e-09
lambda_income,0.25,0.059486391688701325,0.05932517482369167,0.05971959233097504,0.0816614652798182,0.07944113820779754,0.08243779205716624,0.006668594911646952,0.006310894439750389,0.00679598955926058,0.022151742747654024,0.02067617239096306,0.023026473092601536,0.39999999999999997,0.3999999999496684,0.4,0.000585400056481338,0.0005223115729887951,0.0007281226895517316,0.10625351208372984,0.10612242070041061,0.11053219283095844,0.39999999999999997,0.3999999999496684,0.4,0.004345681518316269,0.004301626235246658,0.0043668970465660095,1.0,1.7032201482525267e-09
lambda_income,0.5,0.05954141725015722,0.05938040568365631,0.05969440557976962,0.08165434855102538,0.0799410012030336,0.08379504385498415,0.0066674326372923405,0.006390563673343419,0.007021609374658717,0.022916796271945067,0.02093135982182488,0.024132267268105332,0.4,0.39999999999999997,0.4,0.0005814976151071178,0.0005761899289904289,0.0006913606381504842,0.10754291486517337,0.1063596775036921,0.11253764053574118,0.4,0.39999999999999997,0.4,0.004364851862192154,0.004364434629678726,0.004381343722343445,1.0,7.707282034807861e-10
lambda_income,1.0,0.05921078067488114,0.05870254000301652,0.06008454586068345,0.08355301321069375,0.08116577514291255,0.08675799585888412,0.006981106016586363,0.006587883054549841,0.007526949845450153,0.023583219571682194,0.022157614111242944,0.024679078219507898,0.39999999999999997,0.39999999999999986,0.4,0.0006094955472158124,0.0005856210243649536,0.0006181499848539742,0.10950384302585427,0.10919169059852772,0.1168696643927163,0.39999999999999997,0.39999999999999986,0.4,0.004368938505649567,0.004354514181613922,0.004372667521238327,1.0,1.089030698953053e-09
lambda_income,2.0,0.05953075619462392,0.05860089336659555,0.06036734543020665,0.0850049777745455,0.08172507817122568,0.08860796670955082,0.007225846246450975,0.006678988402092948,0.007851371764400867,0.02461115946257727,0.022735738684241648,0.0247680047028481,0.39999999984434187,0.39999999966151895,0.3999999998739837,0.0005808579834459531,0.0005740698409466042,0.0005839102618554293,0.11216460607703102,0.10953398461066866,0.12332114317155884,0.39999999984434187,0.39999999966151895,0.3999999998739837,0.004351794719696045,0.00434546172618866,0.004423033446073532,1.0,1.288939885379925e-09
lambda_income,4.0,0.06170386533214706,0.06039967707436447,0.06196110229371748,0.08906386000427251,0.0838818300970384,0.09592576127863134,0.007932371158860653,0.007036161420428416,0.009201751676884968,0.02496404962441583,0.02342797329669699,0.025841037790813717,0.39999999999999997,0.3999999999999999,0.39999999999999997,0.0005359123946461144,0.0005236761995105797,0.0006091592109127888,0.11880512020294998,0.11301632171763758,0.13519731820807976,0.39999999999999997,0.3999999999999999,0.39999999999999997,0.004456214606761932,0.004426576197147369,0.004493895918130875,1.0,8.293415815208149e-10
lambda_cost,0.0,0.05950447523172408,0.059453100377914236,0.05951500903764338,0.08183089996590975,0.0799054436648081,0.08289538895212678,0.006696296189230729,0.006384879927269821,0.006871645509524383,0.022802564088025536,0.020957012756202303,0.024261307023420504,0.39999999999999997,0.39999999999999997,0.4,0.0006015001803287777,0.0005983107780845259,0.0007386564063344774,0.10780184353330063,0.10656180131288762,0.11118522009245038,0.39999999999999997,0.39999999999999997,0.4,0.004430413246154785,0.004360955208539963,0.004446949809789658,1.0,1.7724724327150554e-09
lambda_cost,0.5,0.05942955375360969,0.059417170642184644,0.059599440393656056,0.08169553775347765,0.07986173659801411,0.08324855393084518,0.0066741608888298935,0.006377896972450586,0.006930321731576838,0.02285968019071034,0.020929970914033584,0.024262413933177386,0.3999999999999999,0.3999999999999999,0.39999999999999997,0.0005998950057185372,0.0005939571568492179,0.000716458561033855,0.10776978866955053,0.10638892863151378,0.1117245259896082,0.3999999999999999,0.3999999999999999,0.39999999999999997,0.004451114684343338,0.0043790303170681,0.0044539496302604675,1.0,1.467680241229452e-09
lambda_cost,1.0,0.05954141725015722,0.05938040568365631,0.05969440557976962,0.08165434855102538,0.0799410012030336,0.08379504385498415,0.0066674326372923405,0.006390563673343419,0.007021609374658717,0.022916796271945067,0.02093135982182488,0.024132267268105332,0.4,0.39999999999999997,0.4,0.0005814976151071178,0.0005761899289904289,0.0006913606381504842,0.10754291486517337,0.1063596775036921,0.11253764053574118,0.4,0.39999999999999997,0.4,0.004399467259645462,0.004384815692901611,0.004400487989187241,1.0,7.707282034807861e-10
lambda_cost,2.0,0.05983538768802194,0.05936508995723087,0.05988433592549203,0.08165365685984245,0.08028963487702703,0.08492181116951715,0.006667319678584896,0.006446425468686315,0.007211714012311129,0.02303102846656413,0.02094541929733872,0.023794108661732698,0.39999999999999997,0.3999999999999999,0.4,0.0005761186635638167,0.0005147354592497885,0.0006411647983525726,0.10726910554899204,0.1063940741890854,0.11425203808001341,0.39999999999999997,0.3999999999999999,0.4,0.0043931081891059875,0.004390742629766464,0.0044111087918281555,1.0,9.475756707066907e-10
lambda_cost,5.0,0.05973372838706316,0.05940463008533929,0.06000580526945487,0.08179383344414927,0.08010266981581533,0.0863458666147876,0.006690231189489232,0.006416437711621532,0.007455608681458693,0.022968242773055852,0.021005574258316968,0.02344974160732609,0.39999999999999997,0.3999999999999999,0.39999999999999997,0.0005632786799301154,0.0004269739251224353,0.0006121206855698699,0.10868848811632861,0.10667024867640784,0.11630732947706662,0.39999999999999997,0.3999999999999999,0.39999999999999997,0.004416279494762421,0.0043967105448246,0.004460364580154419,1.0,1.722266107506698e-09
lambda_cost,10.0,0.06096147341590838,0.06086313464581187,0.0628108658876003,0.08584753372717138,0.08379493517705776,0.09084147889299213,0.007369799047037827,0.007021591161327311,0.008252174287465934,0.022890073536835906,0.020798322994298478,0.023054928355360108,0.3000000005939671,0.242159645333822,0.30000000136658406,0.000270326130834901,0.00021932616712397936,0.0003134318964806481,0.11509433435558954,0.11338468642022698,0.12349042156984784,0.3000000005939671,0.242159645333822,0.30000000136658406,0.004325509071350098,0.00431421771645546,0.004328586161136627,1.0,1.3697399187106996e-09
lambda_cost,25.0,0.06514231247425287,0.06132029404614333,0.06640952954957018,0.09354162482241618,0.08818607245718514,0.09719144824605173,0.008750035574417668,0.007776783375423909,0.009446177612164952,0.021634629428637725,0.020024386982932213,0.02213301202399667,0.1235968836464808,0.07999999725085394,0.17155170485945448,7.079622658313813e-05,3.180064940666764e-05,7.873923056083124e-05,0.1249613427010636,0.12234292870661956,0.13397841464232713,0.1235968836464808,0.07999999725085394,0.17155170485945448,0.004315964877605438,0.004302147775888443,0.004348933696746826,1.0,8.101824246209421e-11
