archive_root,relative_path,size_bytes,sha256,repository_path,storage_format
"hybrid_scaling","hybrid_scaling/scaling_config.json","1428","95d23703efe1c1611beae3eec464cab19bf9bdc6bf0833e68933e5f65723806a","results/archive/hybrid_scaling/scaling_config.json","direct"
"hybrid_scaling","hybrid_scaling/scaling_environment.json","485","81f2ab288bb0b0cf79dd8abd8c523af2c6eb37ff7961e7566cf3244309ec7246","results/archive/hybrid_scaling/scaling_environment.json","redacted publication copy; original SHA-256 retained"
"hybrid_scaling","hybrid_scaling/scaling_evidence.pdf","37300","ce6dc00c73870bb689179a5b69250ba79feabd0b9380d92addf60f421730505b","results/archive/hybrid_scaling/scaling_evidence.pdf","direct"
"hybrid_scaling","hybrid_scaling/scaling_evidence.png","426460","1c32fe207434325d07b69803f51119028c85be2dfe250f500a4fc6cb1bbe2b5c","results/archive/hybrid_scaling/scaling_evidence.png","direct"
"hybrid_scaling","hybrid_scaling/scaling_manifest.json","1908","0fb5ae49c900536d94fb62c4053e70ed58bd02e21a78e21e588030924d5a8cf1","results/archive/hybrid_scaling/scaling_manifest.json","direct"
"hybrid_scaling","hybrid_scaling/scaling_methods.csv","61986","2715acc29a7c93ab38456ad0737d1378faac4e16dfa8b745f19a2254e61429fa","results/archive/hybrid_scaling/scaling_methods.csv","direct"
"hybrid_scaling","hybrid_scaling/scaling_quantum.pdf","26935","5bfcd695151311fbda84229916f15889624c83687878a6f58a66bb361deec803","results/archive/hybrid_scaling/scaling_quantum.pdf","direct"
"hybrid_scaling","hybrid_scaling/scaling_quantum.png","197146","a9e25095bd1d22cc557bee3fd17bcca0c845732d4d48315e9e0bb40dc89a016f","results/archive/hybrid_scaling/scaling_quantum.png","direct"
"hybrid_scaling","hybrid_scaling/scaling_runs.csv","18919","31e5c423a7e98b01d812f299c4cd912754adb69c006fe3392ddb65215bfb3711","results/archive/hybrid_scaling/scaling_runs.csv","direct"
"hybrid_scaling","hybrid_scaling/scaling_runtime_presentation.pdf","30052","b2f18c3414f63e507ba5786f0c125487abd316aa14178d7a2b48be00f98e1b06","results/archive/hybrid_scaling/scaling_runtime_presentation.pdf","direct"
"hybrid_scaling","hybrid_scaling/scaling_runtime_presentation.png","249740","69b31235e000a5ab757e4bbf85d32bf563e3f3ae504fe69a72014e4251331e04","results/archive/hybrid_scaling/scaling_runtime_presentation.png","direct"
"hybrid_scaling","hybrid_scaling/scaling_runtime.pdf","31059","cff748d5666c47d28f5bc70dcdddc268c61670f5cdf9edcfa787fe814ffebdda","results/archive/hybrid_scaling/scaling_runtime.pdf","direct"
"hybrid_scaling","hybrid_scaling/scaling_runtime.png","279695","ba3b948f953d2c8efe64e8f6c133f192af86c1a42dc7b04772be1a61d0a2ab67","results/archive/hybrid_scaling/scaling_runtime.png","direct"
"hybrid_scaling","hybrid_scaling/scaling_summary.csv","9666","0cefa15ae065517b8cedc7bffe07564da2faecfc521d0e340db790b720b0bb9c","results/archive/hybrid_scaling/scaling_summary.csv","direct"
"large_example","large_example/allocation_comparison.png","139918","cd943aa8f48fefb97cd76ca783a66a5db2264feda9ab8c00e86439c11f001f5d","results/archive/large_example/allocation_comparison.png","direct"
"large_example","large_example/allocation_weights.csv","788212","feb736fc68bd79ccbf6d0c0ebc3d95c10b03f0a703373710fe3d1ff2dbbd7c75","results/archive/large_example/allocation_weights.csv","direct"
"large_example","large_example/artifact_manifest.json","2960","c7a221646caef2ed1c1521b653604d448943b6042c148b68aab71909ef58f47b","results/archive/large_example/artifact_manifest.json","direct"
"large_example","large_example/benchmark_metadata.json","2996","9f736c547565f54094ecdaa5d906d35e59c9882bacfe20d91e968dc151543926","results/archive/large_example/benchmark_metadata.json","environment block redacted; original SHA-256 retained"
"large_example","large_example/benchmark_runs.csv","11437","b7ef241d9545bd6a0f141f79d57b9ce9e317975d40c9a583ea7d90ee8330d336","results/archive/large_example/benchmark_runs.csv","direct"
"large_example","large_example/benchmark_summary.csv","3118","b4ae71fb9e145dc81dec558290fb0b1cad502560fa47c721c978dcdd79d00f7d","results/archive/large_example/benchmark_summary.csv","direct"
"large_example","large_example/classical_baseline_report.md","1714","6afc6e60388a9c1ebc614b964965d4b02e40f98eca35ccead54fac4f1b85c7d2","results/archive/large_example/classical_baseline_report.md","direct"
"large_example","large_example/constraint_checks.csv","1995961","24d125a0086a3008bf6628b428d6a96806b8204a7ddaaffc2b02d708176336de","results/archive/large_example/constraint_checks.csv","direct"
"large_example","large_example/constraint_slacks.png","290359","070072d849192ebd704fc151baf9b914dd452c0792a7e0a13fde145130593001","results/archive/large_example/constraint_slacks.png","direct"
"large_example","large_example/correlation_heatmap.png","325027","ae0a10ccd44ac6a0738e50a610be91eb9879dc766ce0faff2f10d669f2a3376a","results/archive/large_example/correlation_heatmap.png","direct"
"large_example","large_example/objective_gap.png","88470","e923618e30467212d22057c288997b45d0e5794688792a7e85f99c6c13e5bdb1","results/archive/large_example/objective_gap.png","direct"
"large_example","large_example/problem.json","3532599","985ebc5e5cbd17b4e113ef7a1e10efa62891cc1b1e12bc8cb0f5accb4de87da6","results/archive/large_example/problem.json","direct"
"large_example","large_example/resolved_config.yaml","2023","18c736d62183d9a257b696ea06bab89adaea7a0963a8bd7ce13eebd5cd308e4e","results/archive/large_example/resolved_config.yaml","absolute paths normalized; original SHA-256 retained"
"large_example","large_example/risk_aversion_sweep.png","90252","62099e71e9c1c9cea2f8ffc311249e692d0cbe46843f01d6d7dcb04b717ae4b6","results/archive/large_example/risk_aversion_sweep.png","direct"
"large_example","large_example/risk_return.png","85344","8d3878aae0515c0539679a3adf7527cdad9399a99b3af0238598b2e32dc6ff4d","results/archive/large_example/risk_return.png","direct"
"large_example","large_example/runtime_comparison.png","75949","a236906b20757265b806db457f1c9fbf86be13c8fb4201dbce78f455193eebce","results/archive/large_example/runtime_comparison.png","direct"
"large_example","large_example/solver_diagnostics.json","81248","db451558e6b4deca7728970ec5fb7a4f7aec67a148bb3cead28ba92c69f450fa","results/archive/large_example/solver_diagnostics.json","direct"
"presentation_benchmark_suite","presentation_benchmark_suite/01_tiny_exact_certification/artifact_manifest.json","3920","a7ad909e70768bec5609233374e3272c927d67eeeb905073c9beb15e63391b71","results/archive/presentation_benchmark_suite/01_tiny_exact_certification/artifact_manifest.json","direct"
"presentation_benchmark_suite","presentation_benchmark_suite/01_tiny_exact_certification/backtest_summary.csv","700","99dac17577de89a6be11a894be83cdf27b86e0bf277e0cf87fcf8210a2157af2","results/archive/presentation_benchmark_suite/01_tiny_exact_certification/backtest_summary.csv","direct"
"presentation_benchmark_suite","presentation_benchmark_suite/01_tiny_exact_certification/constraint_checks.csv","2095","28ad9285266a5d493721095b05fc9fd4e12ab2bd58a6e60cbcedcd5cb3c76bb8","results/archive/presentation_benchmark_suite/01_tiny_exact_certification/constraint_checks.csv","direct"
"presentation_benchmark_suite","presentation_benchmark_suite/01_tiny_exact_certification/hybrid_diagnostics.json","5262","9b309f6186f1c78d9e79d12648b856e351d970039d226ef3ff356600b38308f5","results/archive/presentation_benchmark_suite/01_tiny_exact_certification/hybrid_diagnostics.json","direct"
"presentation_benchmark_suite","presentation_benchmark_suite/01_tiny_exact_certification/hybrid_report.md","1731","c9eafb7e4255168932be3b305427bedcd829e274eac7a3ba3f47c4284269da10","results/archive/presentation_benchmark_suite/01_tiny_exact_certification/hybrid_report.md","direct"
"presentation_benchmark_suite","presentation_benchmark_suite/01_tiny_exact_certification/hybrid_summary.csv","1733","96d0f728fe3d158da1fc5ebfd3b311c49d169b4f7281123fe9d81c3fcd584815","results/archive/presentation_benchmark_suite/01_tiny_exact_certification/hybrid_summary.csv","direct"
"presentation_benchmark_suite","presentation_benchmark_suite/01_tiny_exact_certification/notebook_method_summary.csv","1033","6d9a30f50519e3bb2dd2646cb3adf3e7528e4e1396e9d875c15b9f7538e6ac70","results/archive/presentation_benchmark_suite/01_tiny_exact_certification/notebook_method_summary.csv","direct"
"presentation_benchmark_suite","presentation_benchmark_suite/01_tiny_exact_certification/notebook_wall_seconds.txt","12","9f7cf03473079ac4b6ed635c4ca4d5048496ab12469af0d2c65ea21f4adb510a","results/archive/presentation_benchmark_suite/01_tiny_exact_certification/notebook_wall_seconds.txt","direct"
"presentation_benchmark_suite","presentation_benchmark_suite/01_tiny_exact_certification/objective_timeline.csv","240","e90d279a750be1600bdf0ae71c0ea9fea5729127110d8c5e4fd343dacb9950cd","results/archive/presentation_benchmark_suite/01_tiny_exact_certification/objective_timeline.csv","direct"
"presentation_benchmark_suite","presentation_benchmark_suite/01_tiny_exact_certification/plots/constraint_slacks.pdf","18077","5d99eece40339120876d1f8dbd26e327081ce71629b2e72aff26f32561d12a3c","results/archive/presentation_benchmark_suite/01_tiny_exact_certification/plots/constraint_slacks.pdf","direct"
"presentation_benchmark_suite","presentation_benchmark_suite/01_tiny_exact_certification/plots/constraint_slacks.png","134958","4de804b42aa186e145c73cba715890294ae2ee91d6717a7a3103595db38968b0","results/archive/presentation_benchmark_suite/01_tiny_exact_certification/plots/constraint_slacks.png","direct"
"presentation_benchmark_suite","presentation_benchmark_suite/01_tiny_exact_certification/plots/correlation_communities.pdf","15863","5844226a15e51526aafae69ccc3b97237cfb6cae638df6489d2d2c49907f0102","results/archive/presentation_benchmark_suite/01_tiny_exact_certification/plots/correlation_communities.pdf","direct"
"presentation_benchmark_suite","presentation_benchmark_suite/01_tiny_exact_certification/plots/correlation_communities.png","78576","871ac1fa17f0beeb5fc194621b2843f353034a24637be8af1d52ecfb2ba8f764","results/archive/presentation_benchmark_suite/01_tiny_exact_certification/plots/correlation_communities.png","direct"
"presentation_benchmark_suite","presentation_benchmark_suite/01_tiny_exact_certification/plots/group_exposure.pdf","16944","ceed19feb9d1c84a07b920ef4848ef3ed76c3398e396b959f6ba496030da4469","results/archive/presentation_benchmark_suite/01_tiny_exact_certification/plots/group_exposure.pdf","direct"
"presentation_benchmark_suite","presentation_benchmark_suite/01_tiny_exact_certification/plots/group_exposure.png","83489","c4b1a0a376aaeaf5fead7f4fd1b960e386e56de218eface5d52dd044789a8371","results/archive/presentation_benchmark_suite/01_tiny_exact_certification/plots/group_exposure.png","direct"
"presentation_benchmark_suite","presentation_benchmark_suite/01_tiny_exact_certification/plots/key_guardrails.pdf","18677","3559716233bbc51aa976464ad740703ecafb840a19cbac89538970b5c89b5db2","results/archive/presentation_benchmark_suite/01_tiny_exact_certification/plots/key_guardrails.pdf","direct"
"presentation_benchmark_suite","presentation_benchmark_suite/01_tiny_exact_certification/plots/key_guardrails.png","97060","c0ef22d70d064d709a12494250f74f25356a075eb7041422d4415ee2b7cb964c","results/archive/presentation_benchmark_suite/01_tiny_exact_certification/plots/key_guardrails.png","direct"
"presentation_benchmark_suite","presentation_benchmark_suite/01_tiny_exact_certification/plots/objective_runtime.pdf","19555","1cb7964f02d0d71f983f9750c235c53d54aa36d6fad6c8e00824c1e216b8f849","results/archive/presentation_benchmark_suite/01_tiny_exact_certification/plots/objective_runtime.pdf","direct"
"presentation_benchmark_suite","presentation_benchmark_suite/01_tiny_exact_certification/plots/objective_runtime.png","126970","152c1470d468a1f03133c3ccebb48beb41b4e1899a868ebf554c43d40cfd5f93","results/archive/presentation_benchmark_suite/01_tiny_exact_certification/plots/objective_runtime.png","direct"
"presentation_benchmark_suite","presentation_benchmark_suite/01_tiny_exact_certification/plots/out_of_sample_backtest.pdf","19601","97a7f471373a75479c148306701ba2c46d735a84ac204c24bc70679d77807df4","results/archive/presentation_benchmark_suite/01_tiny_exact_certification/plots/out_of_sample_backtest.pdf","direct"
"presentation_benchmark_suite","presentation_benchmark_suite/01_tiny_exact_certification/plots/out_of_sample_backtest.png","198271","ef263af83531f1e9a6ef90741b0d2dcfd866bf5b502236e2026e7df07c788038","results/archive/presentation_benchmark_suite/01_tiny_exact_certification/plots/out_of_sample_backtest.png","direct"
"presentation_benchmark_suite","presentation_benchmark_suite/01_tiny_exact_certification/quantum_execution.csv","1621","1c9de5569905e8ccc76b097a51f85fb1ed568ad6aca7a51c6f571c49a2cbfa1f","results/archive/presentation_benchmark_suite/01_tiny_exact_certification/quantum_execution.csv","direct"
"presentation_benchmark_suite","presentation_benchmark_suite/02_main_100_asset_case/artifact_manifest.json","4327","a5b159c2e93470fe71d14b5ce233d3a21a6585ad727d51173c015b53836659e9","results/archive/presentation_benchmark_suite/02_main_100_asset_case/artifact_manifest.json","direct"
"presentation_benchmark_suite","presentation_benchmark_suite/02_main_100_asset_case/backtest_robustness_paths.csv","22822","8dc9c899e0e1a3aca10e291b14b65f026f82be695c4db047756b129c9f8670ca","results/archive/presentation_benchmark_suite/02_main_100_asset_case/backtest_robustness_paths.csv","direct"
"presentation_benchmark_suite","presentation_benchmark_suite/02_main_100_asset_case/backtest_robustness_summary.csv","4222","4b5bdec75f237a3cbeb0418281a2fae9873c6709603d51c006022193d63115d1","results/archive/presentation_benchmark_suite/02_main_100_asset_case/backtest_robustness_summary.csv","direct"
"presentation_benchmark_suite","presentation_benchmark_suite/02_main_100_asset_case/backtest_robustness.png","150759","264772f6b853ae6af900210fa008fb39a78d46435daa4c27905067b672cbd008","results/archive/presentation_benchmark_suite/02_main_100_asset_case/backtest_robustness.png","direct"
"presentation_benchmark_suite","presentation_benchmark_suite/02_main_100_asset_case/backtest_summary.csv","834","81bd595d7828250efa1c6fd1e9e143d78f4801ee8272d3baa670c79968ead166","results/archive/presentation_benchmark_suite/02_main_100_asset_case/backtest_summary.csv","direct"
"presentation_benchmark_suite","presentation_benchmark_suite/02_main_100_asset_case/constraint_checks.csv","18616","fa64c2ccdad3adb0ec1e9e6a4712a37b720ec9c878407e71f0887df9f48576c6","results/archive/presentation_benchmark_suite/02_main_100_asset_case/constraint_checks.csv","direct"
"presentation_benchmark_suite","presentation_benchmark_suite/02_main_100_asset_case/gurobi_cold_vs_warm.csv","606","d56d2a40f4b3a49616641fda1a228dd93b401d90ffaca1fb7d77f1bf85dcb3b1","results/archive/presentation_benchmark_suite/02_main_100_asset_case/gurobi_cold_vs_warm.csv","direct"
"presentation_benchmark_suite","presentation_benchmark_suite/02_main_100_asset_case/gurobi_cold_vs_warm.png","106182","bd90c1d961d6633a7bf25b12f419fe03fe874cc3abde146cd4a69bb3f611d6b1","results/archive/presentation_benchmark_suite/02_main_100_asset_case/gurobi_cold_vs_warm.png","direct"
"presentation_benchmark_suite","presentation_benchmark_suite/02_main_100_asset_case/hybrid_diagnostics.json","9468","9eb61ad8e37b79c2f4b5549eb80244baf74f1a1eaa7b045f2152704014324301","results/archive/presentation_benchmark_suite/02_main_100_asset_case/hybrid_diagnostics.json","direct"
"presentation_benchmark_suite","presentation_benchmark_suite/02_main_100_asset_case/hybrid_report.md","1910","16d609311e176708c90f2108a2e9ede671c9324d1060fed001a8ceb700a42d2d","results/archive/presentation_benchmark_suite/02_main_100_asset_case/hybrid_report.md","direct"
"presentation_benchmark_suite","presentation_benchmark_suite/02_main_100_asset_case/hybrid_summary.csv","2832","d8dce35add8d3722907bbf47ce1324bcd7a4b5c30dbba1a8dd1a6309aaed5674","results/archive/presentation_benchmark_suite/02_main_100_asset_case/hybrid_summary.csv","direct"
"presentation_benchmark_suite","presentation_benchmark_suite/02_main_100_asset_case/notebook_method_summary.csv","1704","c09d72141f23c4fc73e894e10d8077b26e4bea4ec22408f7eb06b48d78f4379f","results/archive/presentation_benchmark_suite/02_main_100_asset_case/notebook_method_summary.csv","direct"
"presentation_benchmark_suite","presentation_benchmark_suite/02_main_100_asset_case/notebook_wall_seconds.txt","12","b67696142b0cee0c7baf367c3a45350b062e4d7c18a0a4169289b9636ccb5007","results/archive/presentation_benchmark_suite/02_main_100_asset_case/notebook_wall_seconds.txt","direct"
"presentation_benchmark_suite","presentation_benchmark_suite/02_main_100_asset_case/objective_timeline.csv","325","33e1c7367de6f873e8a2926c8b759956b8c15a646592fda607236e011993698f","results/archive/presentation_benchmark_suite/02_main_100_asset_case/objective_timeline.csv","direct"
"presentation_benchmark_suite","presentation_benchmark_suite/02_main_100_asset_case/plots/constraint_slacks.pdf","18125","8703d4ff4b49273da7660e1c833aea06b76301af462c3bc0fd5c6e18053c419d","results/archive/presentation_benchmark_suite/02_main_100_asset_case/plots/constraint_slacks.pdf","direct"
"presentation_benchmark_suite","presentation_benchmark_suite/02_main_100_asset_case/plots/constraint_slacks.png","174160","39d7d93f881edad7563f5ca48ae3827cd2278a9ad9b6ef6f681a4dbd33a35c2d","results/archive/presentation_benchmark_suite/02_main_100_asset_case/plots/constraint_slacks.png","direct"
"presentation_benchmark_suite","presentation_benchmark_suite/02_main_100_asset_case/plots/correlation_communities.pdf","30426","e7e54b0f728ec69e85341ff83462f945c6c8d190e237e765a828307d9cbd2bfc","results/archive/presentation_benchmark_suite/02_main_100_asset_case/plots/correlation_communities.pdf","direct"
"presentation_benchmark_suite","presentation_benchmark_suite/02_main_100_asset_case/plots/correlation_communities.png","128745","6cca0f42bd64653086a4dd11f53b9b851d6a0aec1a50dcfdfd643e0619bbf4b4","results/archive/presentation_benchmark_suite/02_main_100_asset_case/plots/correlation_communities.png","direct"
"presentation_benchmark_suite","presentation_benchmark_suite/02_main_100_asset_case/plots/factor_exposure.pdf","13634","88325c52bc51d572144505c89f62cedb58704e1157ad47d29f229d57764a3c60","results/archive/presentation_benchmark_suite/02_main_100_asset_case/plots/factor_exposure.pdf","direct"
"presentation_benchmark_suite","presentation_benchmark_suite/02_main_100_asset_case/plots/factor_exposure.png","60034","ea55847054c5cfcb08989bf13e1298fc0ed59b90623550f51c1216fabdd2f8c5","results/archive/presentation_benchmark_suite/02_main_100_asset_case/plots/factor_exposure.png","direct"
"presentation_benchmark_suite","presentation_benchmark_suite/02_main_100_asset_case/plots/group_exposure.pdf","16500","82084a9e91abfa3356fb5344d90344408d8f77989a21fb3fdcb58cf3120f5281","results/archive/presentation_benchmark_suite/02_main_100_asset_case/plots/group_exposure.pdf","direct"
"presentation_benchmark_suite","presentation_benchmark_suite/02_main_100_asset_case/plots/group_exposure.png","68740","85f1fb93d886f470c078c49c4cb3cee6a0c2fe6eaa0f2d88d5cee60abdbbfa00","results/archive/presentation_benchmark_suite/02_main_100_asset_case/plots/group_exposure.png","direct"
"presentation_benchmark_suite","presentation_benchmark_suite/02_main_100_asset_case/plots/key_guardrails.pdf","18075","4163d6a1113a7977fad70f8a783047d8767bfa3d92b4c11b47c9ae11f8a6896c","results/archive/presentation_benchmark_suite/02_main_100_asset_case/plots/key_guardrails.pdf","direct"
"presentation_benchmark_suite","presentation_benchmark_suite/02_main_100_asset_case/plots/key_guardrails.png","100020","ddde625279e4a3ddb351b8f62cf5c76af52dcc762f6b0092b266ed7990df152a","results/archive/presentation_benchmark_suite/02_main_100_asset_case/plots/key_guardrails.png","direct"
"presentation_benchmark_suite","presentation_benchmark_suite/02_main_100_asset_case/plots/objective_runtime.pdf","20877","c7ef4842434f773ee5adda271468d1b164f1fc7157a2b4cda6b84a31f845b15a","results/archive/presentation_benchmark_suite/02_main_100_asset_case/plots/objective_runtime.pdf","direct"
"presentation_benchmark_suite","presentation_benchmark_suite/02_main_100_asset_case/plots/objective_runtime.png","146453","5e77e09e796f57b040eb0d9fb6406f5c584ae060d905b5acaf0d14a2df310c07","results/archive/presentation_benchmark_suite/02_main_100_asset_case/plots/objective_runtime.png","direct"
"presentation_benchmark_suite","presentation_benchmark_suite/02_main_100_asset_case/plots/out_of_sample_backtest.pdf","25200","bed0c4240c4d64631c9d4733c57ac528abc2525271937b1712ffd13d20eab793","results/archive/presentation_benchmark_suite/02_main_100_asset_case/plots/out_of_sample_backtest.pdf","direct"
"presentation_benchmark_suite","presentation_benchmark_suite/02_main_100_asset_case/plots/out_of_sample_backtest.png","273743","f42a6e4701da598ecd04cb2fd9a37b9cd6d661c92c752e6882f069b18e0643cd","results/archive/presentation_benchmark_suite/02_main_100_asset_case/plots/out_of_sample_backtest.png","direct"
"presentation_benchmark_suite","presentation_benchmark_suite/02_main_100_asset_case/quantum_execution.csv","2117","75ded43b448754f578a56d9416eec29aa3e8267a74f6f484de644752953b57b7","results/archive/presentation_benchmark_suite/02_main_100_asset_case/quantum_execution.csv","direct"
"presentation_benchmark_suite","presentation_benchmark_suite/02_main_100_asset_case/support_overlap.png","191583","681e3462ffd60fac1bac350820b7ae28d0da879d3d10a6d38b9f646ffa70b41f","results/archive/presentation_benchmark_suite/02_main_100_asset_case/support_overlap.png","direct"
"presentation_benchmark_suite","presentation_benchmark_suite/02_main_100_asset_case/top_trades.png","86356","058020179bde78e57a6199d7baf8d16d5b892a4ddd7ae9b51f009118b22a3cb2","results/archive/presentation_benchmark_suite/02_main_100_asset_case/top_trades.png","direct"
"presentation_benchmark_suite","presentation_benchmark_suite/03_all_constraints_10000_scenario_hybrid/artifact_manifest.json","4331","ec2121d54d27cd02b02ad460d4879abb58631026178ef4df03df6f64a9920702","results/archive/presentation_benchmark_suite/03_all_constraints_10000_scenario_hybrid/artifact_manifest.json","direct"
"presentation_benchmark_suite","presentation_benchmark_suite/03_all_constraints_10000_scenario_hybrid/backtest_summary.csv","547","74c7e2bb72439702311a63d4c45c40f63127a89b309a322109f54ee1150b00ba","results/archive/presentation_benchmark_suite/03_all_constraints_10000_scenario_hybrid/backtest_summary.csv","direct"
"presentation_benchmark_suite","presentation_benchmark_suite/03_all_constraints_10000_scenario_hybrid/constraint_checks.csv","48721","34e5a677901ea20551e329b7b2c2fd6b37b0620235c69e045dee94580f370a9e","results/archive/presentation_benchmark_suite/03_all_constraints_10000_scenario_hybrid/constraint_checks.csv","direct"
"presentation_benchmark_suite","presentation_benchmark_suite/03_all_constraints_10000_scenario_hybrid/constraint_family_certificate.csv","868","ed16385409a31535d89ee75ddf8febd260e6a2073b4586fec4d32030a4876911","results/archive/presentation_benchmark_suite/03_all_constraints_10000_scenario_hybrid/constraint_family_certificate.csv","direct"
"presentation_benchmark_suite","presentation_benchmark_suite/03_all_constraints_10000_scenario_hybrid/hybrid_diagnostics.json","73516489","3a3e602d4f24d475b589e229c38dfcab2280e72feca2ed2c9707deefd841077e","results/archive/presentation_benchmark_suite/03_all_constraints_10000_scenario_hybrid/hybrid_diagnostics.json.gz","lossless gzip; decompresses to exact original JSON"
"presentation_benchmark_suite","presentation_benchmark_suite/03_all_constraints_10000_scenario_hybrid/hybrid_report.md","1372","24058e09cf3ecfcfde378420460f9d87fcf7833d0aa2ed9d7e85e6e99f4ea2a3","results/archive/presentation_benchmark_suite/03_all_constraints_10000_scenario_hybrid/hybrid_report.md","direct"
"presentation_benchmark_suite","presentation_benchmark_suite/03_all_constraints_10000_scenario_hybrid/hybrid_summary.csv","1439","ffea261ede3021f63f273e590be6870461c7bb87ab3a5c7e59079b00ac33d127","results/archive/presentation_benchmark_suite/03_all_constraints_10000_scenario_hybrid/hybrid_summary.csv","direct"
"presentation_benchmark_suite","presentation_benchmark_suite/03_all_constraints_10000_scenario_hybrid/independent_constraint_checks.csv","60625","57fcb59f9cfdd4118dd2787d12527fa122c7e5f5b5b6feab004153c2e4c9461a","results/archive/presentation_benchmark_suite/03_all_constraints_10000_scenario_hybrid/independent_constraint_checks.csv","direct"
"presentation_benchmark_suite","presentation_benchmark_suite/03_all_constraints_10000_scenario_hybrid/notebook_method_summary.csv","911","03e502ed1744957414cfa52f6dc980232a0430da87ee8d60e4fade1d244eec64","results/archive/presentation_benchmark_suite/03_all_constraints_10000_scenario_hybrid/notebook_method_summary.csv","direct"
"presentation_benchmark_suite","presentation_benchmark_suite/03_all_constraints_10000_scenario_hybrid/notebook_wall_seconds.txt","13","a224bdbb412bcec7a95f4ab53b6b3d689f72e6f59eb553bb3b8e8bf37197f663","results/archive/presentation_benchmark_suite/03_all_constraints_10000_scenario_hybrid/notebook_wall_seconds.txt","direct"
"presentation_benchmark_suite","presentation_benchmark_suite/03_all_constraints_10000_scenario_hybrid/objective_timeline.csv","190","b9ec4ddcad3406a8a8188dac67cbe92a89cf6ff55bc2403daeb5896ee56a56da","results/archive/presentation_benchmark_suite/03_all_constraints_10000_scenario_hybrid/objective_timeline.csv","direct"
"presentation_benchmark_suite","presentation_benchmark_suite/03_all_constraints_10000_scenario_hybrid/plots/constraint_slacks.pdf","19813","c695edee7b022296384a03436b260ab056f976b5f1ba277ae5261029790c1dd3","results/archive/presentation_benchmark_suite/03_all_constraints_10000_scenario_hybrid/plots/constraint_slacks.pdf","direct"
"presentation_benchmark_suite","presentation_benchmark_suite/03_all_constraints_10000_scenario_hybrid/plots/constraint_slacks.png","205276","2aff508961249769508d45681dfbc9b6ba21cf2be5391c9d639400b8950379c8","results/archive/presentation_benchmark_suite/03_all_constraints_10000_scenario_hybrid/plots/constraint_slacks.png","direct"
"presentation_benchmark_suite","presentation_benchmark_suite/03_all_constraints_10000_scenario_hybrid/plots/correlation_communities.pdf","79365","5a2d4f88d209ad9903f72af07d0719193795bc91a99c21c0402a69aefb2d6a04","results/archive/presentation_benchmark_suite/03_all_constraints_10000_scenario_hybrid/plots/correlation_communities.pdf","direct"
"presentation_benchmark_suite","presentation_benchmark_suite/03_all_constraints_10000_scenario_hybrid/plots/correlation_communities.png","302338","13fa9c471f1c1ea3bb66cb547c5f34128b9e3913f8a3fab9e9d69c327d389060","results/archive/presentation_benchmark_suite/03_all_constraints_10000_scenario_hybrid/plots/correlation_communities.png","direct"
"presentation_benchmark_suite","presentation_benchmark_suite/03_all_constraints_10000_scenario_hybrid/plots/factor_exposure.pdf","16980","493e5596bb493ec337ffd1e12056b81339d6487ec2fe6ae71b0d758716342d5a","results/archive/presentation_benchmark_suite/03_all_constraints_10000_scenario_hybrid/plots/factor_exposure.pdf","direct"
"presentation_benchmark_suite","presentation_benchmark_suite/03_all_constraints_10000_scenario_hybrid/plots/factor_exposure.png","80326","12f7d58dafc34e48388722718de59b4090d611230886b239a8028a08cce1d543","results/archive/presentation_benchmark_suite/03_all_constraints_10000_scenario_hybrid/plots/factor_exposure.png","direct"
"presentation_benchmark_suite","presentation_benchmark_suite/03_all_constraints_10000_scenario_hybrid/plots/group_exposure.pdf","17586","6d70a10a2b86a87965864269c1e4baa02e309ae5488ac1e189b5002c610810c9","results/archive/presentation_benchmark_suite/03_all_constraints_10000_scenario_hybrid/plots/group_exposure.pdf","direct"
"presentation_benchmark_suite","presentation_benchmark_suite/03_all_constraints_10000_scenario_hybrid/plots/group_exposure.png","69545","885dcc262113d0549f74d32f363a47b07353e7944f5c9dfe48ef2c51b95fbdbc","results/archive/presentation_benchmark_suite/03_all_constraints_10000_scenario_hybrid/plots/group_exposure.png","direct"
"presentation_benchmark_suite","presentation_benchmark_suite/03_all_constraints_10000_scenario_hybrid/plots/key_guardrails.pdf","18924","4792c4fbd4d7033e2aefbc0513701a00ade338f37bd5a78431a846bd6ffb5c80","results/archive/presentation_benchmark_suite/03_all_constraints_10000_scenario_hybrid/plots/key_guardrails.pdf","direct"
"presentation_benchmark_suite","presentation_benchmark_suite/03_all_constraints_10000_scenario_hybrid/plots/key_guardrails.png","101563","83140168e04b0ab15fd3d587eb031d5fa6d6966316dff1ca2d591ec819d8c1c3","results/archive/presentation_benchmark_suite/03_all_constraints_10000_scenario_hybrid/plots/key_guardrails.png","direct"
"presentation_benchmark_suite","presentation_benchmark_suite/03_all_constraints_10000_scenario_hybrid/plots/objective_runtime.pdf","20314","b39340301fbb7eb82a3a291688c1e2b6cbeb492d17a9647d363dcb46d017c8b8","results/archive/presentation_benchmark_suite/03_all_constraints_10000_scenario_hybrid/plots/objective_runtime.pdf","direct"
"presentation_benchmark_suite","presentation_benchmark_suite/03_all_constraints_10000_scenario_hybrid/plots/objective_runtime.png","130693","7b879944752571d6444cd81befd19e766d3a392d136b0564d1231d5d97000b78","results/archive/presentation_benchmark_suite/03_all_constraints_10000_scenario_hybrid/plots/objective_runtime.png","direct"
"presentation_benchmark_suite","presentation_benchmark_suite/03_all_constraints_10000_scenario_hybrid/plots/out_of_sample_backtest.pdf","24414","2c67acc4ab81f44d84e23ad178b599b0353f01f4c1ea38968527d73b6d05f13a","results/archive/presentation_benchmark_suite/03_all_constraints_10000_scenario_hybrid/plots/out_of_sample_backtest.pdf","direct"
"presentation_benchmark_suite","presentation_benchmark_suite/03_all_constraints_10000_scenario_hybrid/plots/out_of_sample_backtest.png","265869","d18eaff9a04fe3cb51503736790992de1a9c97c46321564cf7cdf1f6f1e66866","results/archive/presentation_benchmark_suite/03_all_constraints_10000_scenario_hybrid/plots/out_of_sample_backtest.png","direct"
"presentation_benchmark_suite","presentation_benchmark_suite/03_all_constraints_10000_scenario_hybrid/quantum_execution.csv","1337","cd8e92d49451e30f27889761a9bb8a8d65207353f6b87f5e5dc4db9a1740ae96","results/archive/presentation_benchmark_suite/03_all_constraints_10000_scenario_hybrid/quantum_execution.csv","direct"
"presentation_benchmark_suite","presentation_benchmark_suite/03_all_constraints_certified/artifact_manifest.json","4329","00332c47c8cfb45fb07b8096b2681f8b060fc0c703217ea8b9217f76643d0405","results/archive/presentation_benchmark_suite/03_all_constraints_certified/artifact_manifest.json","direct"
"presentation_benchmark_suite","presentation_benchmark_suite/03_all_constraints_certified/backtest_summary.csv","692","17689306db1949e173b7b48144f57cfd65f1e45b48bbf2fd1ea8036b24344430","results/archive/presentation_benchmark_suite/03_all_constraints_certified/backtest_summary.csv","direct"
"presentation_benchmark_suite","presentation_benchmark_suite/03_all_constraints_certified/constraint_checks.csv","17439","6504ff96ab5fbf97714a385ae533aa0f08f42d716bf1fb48cf3fa73e647ebdd1","results/archive/presentation_benchmark_suite/03_all_constraints_certified/constraint_checks.csv","direct"
"presentation_benchmark_suite","presentation_benchmark_suite/03_all_constraints_certified/constraint_family_certificate.csv","766","6cc4f8cf52098476bc5f41226654af4b24f17fc1fd85600bdf2742ff7140c42a","results/archive/presentation_benchmark_suite/03_all_constraints_certified/constraint_family_certificate.csv","direct"
"presentation_benchmark_suite","presentation_benchmark_suite/03_all_constraints_certified/hybrid_diagnostics.json","1792225","bf0038f33eda7b328ef173218190e90f6e8e765f54451af34cefce2f1bab7ec0","results/archive/presentation_benchmark_suite/03_all_constraints_certified/hybrid_diagnostics.json","direct"
"presentation_benchmark_suite","presentation_benchmark_suite/03_all_constraints_certified/hybrid_report.md","1569","48e4ab4e7811ae85ce8eb567b60495509c2b5f9df154252ba7b4e68aba69459e","results/archive/presentation_benchmark_suite/03_all_constraints_certified/hybrid_report.md","direct"
"presentation_benchmark_suite","presentation_benchmark_suite/03_all_constraints_certified/hybrid_summary.csv","1890","e9c17d2b4eb47fa0b677a29713317fc8815567ee3190494b20f630341f7da12d","results/archive/presentation_benchmark_suite/03_all_constraints_certified/hybrid_summary.csv","direct"
"presentation_benchmark_suite","presentation_benchmark_suite/03_all_constraints_certified/independent_constraint_checks.csv","20798","1b903a8b1daf13a6f3747b7af02d3b6da94f9d0c0b874ba91ffa9d45da19f692","results/archive/presentation_benchmark_suite/03_all_constraints_certified/independent_constraint_checks.csv","direct"
"presentation_benchmark_suite","presentation_benchmark_suite/03_all_constraints_certified/notebook_method_summary.csv","1140","be9b2f28986176c0c235dde15568f6b71ab61dfd252e9731f1f73451474d6157","results/archive/presentation_benchmark_suite/03_all_constraints_certified/notebook_method_summary.csv","direct"
"presentation_benchmark_suite","presentation_benchmark_suite/03_all_constraints_certified/notebook_wall_seconds.txt","12","eb235a635fdb5b5a256ebab1aa61416119e8454bf8dc9ec62cacad133973c618","results/archive/presentation_benchmark_suite/03_all_constraints_certified/notebook_wall_seconds.txt","direct"
"presentation_benchmark_suite","presentation_benchmark_suite/03_all_constraints_certified/objective_timeline.csv","264","e94e58d322704748301d22e315fb8ccd1a80c05e13a3db47355d8150c1793202","results/archive/presentation_benchmark_suite/03_all_constraints_certified/objective_timeline.csv","direct"
"presentation_benchmark_suite","presentation_benchmark_suite/03_all_constraints_certified/plots/constraint_slacks.pdf","19504","fa99b75775e87543c6cc87ec324277d2c1f0886b03b9ff7104dc1303e332c1e3","results/archive/presentation_benchmark_suite/03_all_constraints_certified/plots/constraint_slacks.pdf","direct"
"presentation_benchmark_suite","presentation_benchmark_suite/03_all_constraints_certified/plots/constraint_slacks.png","194967","384546b35578be8a9dd126319a61000f9c4f49eb51907603af32185c4fa18fce","results/archive/presentation_benchmark_suite/03_all_constraints_certified/plots/constraint_slacks.png","direct"
"presentation_benchmark_suite","presentation_benchmark_suite/03_all_constraints_certified/plots/correlation_communities.pdf","22328","7bdcaa27f6af51a9a8b6bca870d2920b59c716e92dfb85e6bed5141459890fae","results/archive/presentation_benchmark_suite/03_all_constraints_certified/plots/correlation_communities.pdf","direct"
"presentation_benchmark_suite","presentation_benchmark_suite/03_all_constraints_certified/plots/correlation_communities.png","105090","28140432f8839dc6ea299f09b1632b43039b5637c88b33999386925826991120","results/archive/presentation_benchmark_suite/03_all_constraints_certified/plots/correlation_communities.png","direct"
"presentation_benchmark_suite","presentation_benchmark_suite/03_all_constraints_certified/plots/factor_exposure.pdf","15293","eb84e3ec3b4ccdf1857e6f97b1f2578dce1ac8008512b83a4286759d4afa06af","results/archive/presentation_benchmark_suite/03_all_constraints_certified/plots/factor_exposure.pdf","direct"
"presentation_benchmark_suite","presentation_benchmark_suite/03_all_constraints_certified/plots/factor_exposure.png","66468","a6b7ffe7e6d9f3c8a74ce19e90acdb26be9f4e843782d039f407072e88f204a8","results/archive/presentation_benchmark_suite/03_all_constraints_certified/plots/factor_exposure.png","direct"
"presentation_benchmark_suite","presentation_benchmark_suite/03_all_constraints_certified/plots/group_exposure.pdf","16544","5a698447828357841fc04fa14d1d9e33b597c74a73c0fe64897527568230e10c","results/archive/presentation_benchmark_suite/03_all_constraints_certified/plots/group_exposure.pdf","direct"
"presentation_benchmark_suite","presentation_benchmark_suite/03_all_constraints_certified/plots/group_exposure.png","68624","f51771472afecdb1d24a6c5810e070ceb53103aba66eae541feb531addef9b6e","results/archive/presentation_benchmark_suite/03_all_constraints_certified/plots/group_exposure.png","direct"
"presentation_benchmark_suite","presentation_benchmark_suite/03_all_constraints_certified/plots/key_guardrails.pdf","18853","691d4b2cd808d3d037842fb95ef3c459ffbf68b3b3f9e2423b294ba287a42cca","results/archive/presentation_benchmark_suite/03_all_constraints_certified/plots/key_guardrails.pdf","direct"
"presentation_benchmark_suite","presentation_benchmark_suite/03_all_constraints_certified/plots/key_guardrails.png","99657","688e050a903c4d71b1cdff8920dc317ccc0c52ff7e433fd9e4e19ee3c23afabc","results/archive/presentation_benchmark_suite/03_all_constraints_certified/plots/key_guardrails.png","direct"
"presentation_benchmark_suite","presentation_benchmark_suite/03_all_constraints_certified/plots/objective_runtime.pdf","20769","66ab200933a72eb2eb7e4b0c7ee81ad39d45cd5ea3ef4aeb5b268ea05e56c15f","results/archive/presentation_benchmark_suite/03_all_constraints_certified/plots/objective_runtime.pdf","direct"
"presentation_benchmark_suite","presentation_benchmark_suite/03_all_constraints_certified/plots/objective_runtime.png","141242","406a0c304a25845fbb815e950986bd5c2e082ea3fe88adb2d96cf83d1c3fb978","results/archive/presentation_benchmark_suite/03_all_constraints_certified/plots/objective_runtime.png","direct"
"presentation_benchmark_suite","presentation_benchmark_suite/03_all_constraints_certified/plots/out_of_sample_backtest.pdf","26453","b8201ad83ef29a9cd619529e7d2d84b2f623bcc9f1364103f947529129cf3540","results/archive/presentation_benchmark_suite/03_all_constraints_certified/plots/out_of_sample_backtest.pdf","direct"
"presentation_benchmark_suite","presentation_benchmark_suite/03_all_constraints_certified/plots/out_of_sample_backtest.png","298390","8c9f055414d683817728cf0d43a7989fd4f4b2036aa52d85d1401c16c9ecefe7","results/archive/presentation_benchmark_suite/03_all_constraints_certified/plots/out_of_sample_backtest.png","direct"
"presentation_benchmark_suite","presentation_benchmark_suite/03_all_constraints_certified/quantum_execution.csv","1337","35405d44f55687ca4853464c9db8c00ab72244c0a4aa13107c7ba8f2c86b9bd1","results/archive/presentation_benchmark_suite/03_all_constraints_certified/quantum_execution.csv","direct"
"presentation_benchmark_suite","presentation_benchmark_suite/03_all_constraints_scenario_scaling/all_constraints_scenario_scaling.pdf","28149","aa297c86eca462ea0d69959b88a39ab0ef82ff9085895e3015838d46e699cdd9","results/archive/presentation_benchmark_suite/03_all_constraints_scenario_scaling/all_constraints_scenario_scaling.pdf","direct"
"presentation_benchmark_suite","presentation_benchmark_suite/03_all_constraints_scenario_scaling/all_constraints_scenario_scaling.png","413722","86c27456c30c209bed90327b6197074d8494654581b0fd6f16bf2729b9df2d35","results/archive/presentation_benchmark_suite/03_all_constraints_scenario_scaling/all_constraints_scenario_scaling.png","direct"
"presentation_benchmark_suite","presentation_benchmark_suite/03_all_constraints_scenario_scaling/scenario_scaling_runs.csv","8263","24b8c28d563064bf6618e6dba77897639f5fef8ceb6b7b33d0bf52c69de212bc","results/archive/presentation_benchmark_suite/03_all_constraints_scenario_scaling/scenario_scaling_runs.csv","direct"
"presentation_benchmark_suite","presentation_benchmark_suite/03_all_constraints_scenario_scaling/scenario_scaling_summary.csv","2956","5ff9f6385fb5d155e67b63803dd0d0fd4512a3817081742921cf0dc7cb9b3c85","results/archive/presentation_benchmark_suite/03_all_constraints_scenario_scaling/scenario_scaling_summary.csv","direct"
"presentation_benchmark_suite","presentation_benchmark_suite/03b_scenario_penalty_frontier/scenario_penalty_allocation_shift.pdf","20668","db580d13a091b24bd77369860c7d24eaeaf37a9087060f06d02be63506d8e84d","results/archive/presentation_benchmark_suite/03b_scenario_penalty_frontier/scenario_penalty_allocation_shift.pdf","direct"
"presentation_benchmark_suite","presentation_benchmark_suite/03b_scenario_penalty_frontier/scenario_penalty_allocation_shift.png","164358","0e83447794fafebafeea16625609b8a1c7d9f69e1b848e514b0671eaeb1e24b6","results/archive/presentation_benchmark_suite/03b_scenario_penalty_frontier/scenario_penalty_allocation_shift.png","direct"
"presentation_benchmark_suite","presentation_benchmark_suite/03b_scenario_penalty_frontier/scenario_penalty_config.json","420","5ac01c3379bfd79cd65eb6f836bb2900c9f29087251387dce47183abed770a21","results/archive/presentation_benchmark_suite/03b_scenario_penalty_frontier/scenario_penalty_config.json","direct"
"presentation_benchmark_suite","presentation_benchmark_suite/03b_scenario_penalty_frontier/scenario_penalty_constraint_checks.csv","664218","9bfb0bd00bca8b46edd6cb16c6dce1f584837c474e7696237e138c79ecf9937b","results/archive/presentation_benchmark_suite/03b_scenario_penalty_frontier/scenario_penalty_constraint_checks.csv","direct"
"presentation_benchmark_suite","presentation_benchmark_suite/03b_scenario_penalty_frontier/scenario_penalty_frontier.pdf","26352","26a3ed5eae50c3031465c853760df4a801e563dc661943e9d600367ddea09640","results/archive/presentation_benchmark_suite/03b_scenario_penalty_frontier/scenario_penalty_frontier.pdf","direct"
"presentation_benchmark_suite","presentation_benchmark_suite/03b_scenario_penalty_frontier/scenario_penalty_frontier.png","431902","097da58c97c176c7b1f7fee143ba546801c4d467a208973e8b48098cd6c0f206","results/archive/presentation_benchmark_suite/03b_scenario_penalty_frontier/scenario_penalty_frontier.png","direct"
"presentation_benchmark_suite","presentation_benchmark_suite/03b_scenario_penalty_frontier/scenario_penalty_runs.csv","13326","3504b86b1ac6c5ee9614f0cb6072d51e7693ec53c20a5b1cafd8c2f8c221dc65","results/archive/presentation_benchmark_suite/03b_scenario_penalty_frontier/scenario_penalty_runs.csv","direct"
"presentation_benchmark_suite","presentation_benchmark_suite/03b_scenario_penalty_frontier/scenario_penalty_summary.csv","5780","0b307019eb54f7126dfa29cd5e2630369b649b295b1d861907d77c4f6b4e00a0","results/archive/presentation_benchmark_suite/03b_scenario_penalty_frontier/scenario_penalty_summary.csv","direct"
"presentation_benchmark_suite","presentation_benchmark_suite/03b_scenario_penalty_frontier/scenario_penalty_weights.csv","35908","bda9fc22c254c170c8fc921e9077299993d8b34afe5642a0e93b5740235644b7","results/archive/presentation_benchmark_suite/03b_scenario_penalty_frontier/scenario_penalty_weights.csv","direct"
"presentation_benchmark_suite","presentation_benchmark_suite/03c_canonical_preference_sensitivity/canonical_preference_config.json","1620","ac55d24675e37409eb2030bc5f39ce21aebdf1ed199e29685524b21c01381341","results/archive/presentation_benchmark_suite/03c_canonical_preference_sensitivity/canonical_preference_config.json","direct"
"presentation_benchmark_suite","presentation_benchmark_suite/03c_canonical_preference_sensitivity/canonical_preference_constraint_checks.csv","4532945","bf93914ea228076a8572272d7cbbd60d9edd30a1a71dbda482943262ba4cd21e","results/archive/presentation_benchmark_suite/03c_canonical_preference_sensitivity/canonical_preference_constraint_checks.csv","direct"
"presentation_benchmark_suite","presentation_benchmark_suite/03c_canonical_preference_sensitivity/canonical_preference_profile_summary.csv","4017","2d0a6cd7e698a1d923dd06237330de5df4278c5075b9b75cc31927245bf9ed60","results/archive/presentation_benchmark_suite/03c_canonical_preference_sensitivity/canonical_preference_profile_summary.csv","direct"
"presentation_benchmark_suite","presentation_benchmark_suite/03c_canonical_preference_sensitivity/canonical_preference_profiles.csv","11677","5a869b18c7e7ae86b0f6241d6dbd7da6827ae337d9740e9d78fb010852fc48a1","results/archive/presentation_benchmark_suite/03c_canonical_preference_sensitivity/canonical_preference_profiles.csv","direct"
"presentation_benchmark_suite","presentation_benchmark_suite/03c_canonical_preference_sensitivity/canonical_preference_profiles.pdf","26329","f1b80908a2ced376f10ab455f40dda43d4611e27af9080f350726804230893a9","results/archive/presentation_benchmark_suite/03c_canonical_preference_sensitivity/canonical_preference_profiles.pdf","direct"
"presentation_benchmark_suite","presentation_benchmark_suite/03c_canonical_preference_sensitivity/canonical_preference_profiles.png","204419","a765a46257be7d0dfce1b11b0eba4fd4096a2ed230a3c2d0c47189ac5c26198a","results/archive/presentation_benchmark_suite/03c_canonical_preference_sensitivity/canonical_preference_profiles.png","direct"
"presentation_benchmark_suite","presentation_benchmark_suite/03c_canonical_preference_sensitivity/canonical_preference_risk_knees.csv","181","e96d40510cbbbafbe44c5075edd6f4f26fade454a2b976041d6350a3c41ccfbf","results/archive/presentation_benchmark_suite/03c_canonical_preference_sensitivity/canonical_preference_risk_knees.csv","direct"
"presentation_benchmark_suite","presentation_benchmark_suite/03c_canonical_preference_sensitivity/canonical_preference_sensitivity_runs.csv","52557","505154246f65000e49255eb09c4c4c0dd017873f46160cfc24aa61cf5d05a18b","results/archive/presentation_benchmark_suite/03c_canonical_preference_sensitivity/canonical_preference_sensitivity_runs.csv","direct"
"presentation_benchmark_suite","presentation_benchmark_suite/03c_canonical_preference_sensitivity/canonical_preference_sensitivity_summary.csv","13115","c075b7b980ad62583103a50ead3297f349dbfc6bd1053ca047c5e27b6314bd6b","results/archive/presentation_benchmark_suite/03c_canonical_preference_sensitivity/canonical_preference_sensitivity_summary.csv","direct"
"presentation_benchmark_suite","presentation_benchmark_suite/03c_canonical_preference_sensitivity/canonical_preference_sensitivity.pdf","26880","f227834622245dacff9b93af3a124c8eda2484c09dcab31c97328604dd90e3fc","results/archive/presentation_benchmark_suite/03c_canonical_preference_sensitivity/canonical_preference_sensitivity.pdf","direct"
"presentation_benchmark_suite","presentation_benchmark_suite/03c_canonical_preference_sensitivity/canonical_preference_sensitivity.png","226680","2c3195398f02ac2cecfc779c35de5bbfffd46004e4738463bf70a7c557c72157","results/archive/presentation_benchmark_suite/03c_canonical_preference_sensitivity/canonical_preference_sensitivity.png","direct"
"presentation_benchmark_suite","presentation_benchmark_suite/05_global_scaling_summary/factor_vs_dense_memory.pdf","22225","94c2a6156e1a40d02d6f49a5f5d068851c663dc699861feafefa8b9a307b9470","results/archive/presentation_benchmark_suite/05_global_scaling_summary/factor_vs_dense_memory.pdf","direct"
"presentation_benchmark_suite","presentation_benchmark_suite/05_global_scaling_summary/factor_vs_dense_memory.png","128442","2ea992dc77d48951037ae71d120b039212de182aa9d56946222caa9d8f2a8458","results/archive/presentation_benchmark_suite/05_global_scaling_summary/factor_vs_dense_memory.png","direct"
"presentation_benchmark_suite","presentation_benchmark_suite/05_global_scaling_summary/global_scaling_summary.csv","2607","12a15757a14b66cb037c5685b61743810f7b01c4f5d90eb834fa1c90222e5d8d","results/archive/presentation_benchmark_suite/05_global_scaling_summary/global_scaling_summary.csv","direct"
"presentation_benchmark_suite","presentation_benchmark_suite/05_global_scaling_summary/risk_representation_projection.csv","5248","ce77e979388c0fd6598a8c80641197a07cbc57c56b037815b1003652714b4bc1","results/archive/presentation_benchmark_suite/05_global_scaling_summary/risk_representation_projection.csv","direct"
"presentation_benchmark_suite","presentation_benchmark_suite/05_global_scaling_summary/scaling_evidence.pdf","37524","18fa50be0b5adcbca4f7d6d40e8c22ac1e3ce9bef07124b93d1e040f1e763f59","results/archive/presentation_benchmark_suite/05_global_scaling_summary/scaling_evidence.pdf","direct"
"presentation_benchmark_suite","presentation_benchmark_suite/05_global_scaling_summary/scaling_evidence.png","439881","34f69fca718d25895ece6e2ea7289677de3e09ad7f3fed56f8ae2c8a9c9d0b7d","results/archive/presentation_benchmark_suite/05_global_scaling_summary/scaling_evidence.png","direct"
"presentation_benchmark_suite","presentation_benchmark_suite/05_global_scaling_summary/scaling_quantum.pdf","28054","3f383d41e88612b2954a739f473fefb59fdc36155377babf0957138741263093","results/archive/presentation_benchmark_suite/05_global_scaling_summary/scaling_quantum.pdf","direct"
"presentation_benchmark_suite","presentation_benchmark_suite/05_global_scaling_summary/scaling_quantum.png","214114","f23ba7ffe3d3680d021030602a6b1ef4483b15f62df78b148e21a45ee18d27e6","results/archive/presentation_benchmark_suite/05_global_scaling_summary/scaling_quantum.png","direct"
"presentation_benchmark_suite","presentation_benchmark_suite/05_global_scaling_summary/scaling_runtime_presentation.pdf","33551","86b7c567ee2fe2cf704d12e6b16812b87daa7714d17882e15e0378844542baf1","results/archive/presentation_benchmark_suite/05_global_scaling_summary/scaling_runtime_presentation.pdf","direct"
"presentation_benchmark_suite","presentation_benchmark_suite/05_global_scaling_summary/scaling_runtime_presentation.png","281189","ea4fbf72a7aecab6c4a794d2242a52ca3ac5a4ed82be760ef1eb640e308f8dbc","results/archive/presentation_benchmark_suite/05_global_scaling_summary/scaling_runtime_presentation.png","direct"
"presentation_benchmark_suite","presentation_benchmark_suite/05_global_scaling_summary/scaling_runtime.pdf","32435","e4afd1ff922962f9122330faffd0128f4960be5c55d4a6635b3d9d1b9ad037ac","results/archive/presentation_benchmark_suite/05_global_scaling_summary/scaling_runtime.pdf","direct"
"presentation_benchmark_suite","presentation_benchmark_suite/05_global_scaling_summary/scaling_runtime.png","322740","afef3090ae623c192507c25d2d3cce372764422b36b6aadf0de2bfa27863697e","results/archive/presentation_benchmark_suite/05_global_scaling_summary/scaling_runtime.png","direct"
"presentation_benchmark_suite","presentation_benchmark_suite/05_scaling_core_repeated/scaling_config.json","1548","eb2adafe84a0499a40ef0f27612691729ca40576a50ffd506c051e8440646aad","results/archive/presentation_benchmark_suite/05_scaling_core_repeated/scaling_config.json","absolute path normalized; original SHA-256 retained"
"presentation_benchmark_suite","presentation_benchmark_suite/05_scaling_core_repeated/scaling_environment.json","485","7687f82637b978578b8df26d3c1f56674d7274747951402981d5cf78c2cf0e8e","results/archive/presentation_benchmark_suite/05_scaling_core_repeated/scaling_environment.json","redacted publication copy; original SHA-256 retained"
"presentation_benchmark_suite","presentation_benchmark_suite/05_scaling_core_repeated/scaling_evidence.pdf","37524","1bbf726c6321913de2e87681f31f73df8c3a202f59c561c2b1a0f3bd7375abff","results/archive/presentation_benchmark_suite/05_scaling_core_repeated/scaling_evidence.pdf","direct"
"presentation_benchmark_suite","presentation_benchmark_suite/05_scaling_core_repeated/scaling_evidence.png","439877","1708206a32a3653c9e6709a1b502aeea5dfd5757d4f34428ae3255428f963805","results/archive/presentation_benchmark_suite/05_scaling_core_repeated/scaling_evidence.png","direct"
"presentation_benchmark_suite","presentation_benchmark_suite/05_scaling_core_repeated/scaling_manifest.json","1909","2334191fc85f7e771e10404cbaef637587056fa08869433e7b9320c64c1749a9","results/archive/presentation_benchmark_suite/05_scaling_core_repeated/scaling_manifest.json","direct"
"presentation_benchmark_suite","presentation_benchmark_suite/05_scaling_core_repeated/scaling_methods.csv","40142","483fd4f482b3fb314f415d342c34df16ae7272cdfec7a6c727517e5ce975a0c9","results/archive/presentation_benchmark_suite/05_scaling_core_repeated/scaling_methods.csv","direct"
"presentation_benchmark_suite","presentation_benchmark_suite/05_scaling_core_repeated/scaling_quantum.pdf","28066","d5e5e48b983e04958a3540c60be10e3a20bd09e30111dc79797dbbd53a2d70bf","results/archive/presentation_benchmark_suite/05_scaling_core_repeated/scaling_quantum.pdf","direct"
"presentation_benchmark_suite","presentation_benchmark_suite/05_scaling_core_repeated/scaling_quantum.png","214114","f23ba7ffe3d3680d021030602a6b1ef4483b15f62df78b148e21a45ee18d27e6","results/archive/presentation_benchmark_suite/05_scaling_core_repeated/scaling_quantum.png","direct"
"presentation_benchmark_suite","presentation_benchmark_suite/05_scaling_core_repeated/scaling_runs.csv","28808","8e2ccab7f56b6bd3579d47b721479802961b374823f48815ba7c3d658128d918","results/archive/presentation_benchmark_suite/05_scaling_core_repeated/scaling_runs.csv","direct"
"presentation_benchmark_suite","presentation_benchmark_suite/05_scaling_core_repeated/scaling_runtime_presentation.pdf","33538","ee07dd7776dba76acbe0942917d61904211650185aa93751469f0fd057e5a7b8","results/archive/presentation_benchmark_suite/05_scaling_core_repeated/scaling_runtime_presentation.pdf","direct"
"presentation_benchmark_suite","presentation_benchmark_suite/05_scaling_core_repeated/scaling_runtime_presentation.png","281189","ea4fbf72a7aecab6c4a794d2242a52ca3ac5a4ed82be760ef1eb640e308f8dbc","results/archive/presentation_benchmark_suite/05_scaling_core_repeated/scaling_runtime_presentation.png","direct"
"presentation_benchmark_suite","presentation_benchmark_suite/05_scaling_core_repeated/scaling_runtime.pdf","32435","d25744cf8f2690c2930d3ea1491c8d635ee112953ff893627e14c306ea8c1486","results/archive/presentation_benchmark_suite/05_scaling_core_repeated/scaling_runtime.pdf","direct"
"presentation_benchmark_suite","presentation_benchmark_suite/05_scaling_core_repeated/scaling_runtime.png","322740","afef3090ae623c192507c25d2d3cce372764422b36b6aadf0de2bfa27863697e","results/archive/presentation_benchmark_suite/05_scaling_core_repeated/scaling_runtime.png","direct"
"presentation_benchmark_suite","presentation_benchmark_suite/05_scaling_core_repeated/scaling_summary.csv","11230","06081cf40f3847b6086c1c5e798f076a5bbb3c32ce683cd549fcbae956895bf3","results/archive/presentation_benchmark_suite/05_scaling_core_repeated/scaling_summary.csv","direct"
"presentation_benchmark_suite","presentation_benchmark_suite/06_final_quantum_audit_v6/candidate_pool_fairness_submission.pdf","27875","47dc8fbc436c2474cb5c3e57c13141cc829b4a3575d61b30931942726de4b87b","results/archive/presentation_benchmark_suite/06_final_quantum_audit_v6/candidate_pool_fairness_submission.pdf","direct"
"presentation_benchmark_suite","presentation_benchmark_suite/06_final_quantum_audit_v6/candidate_pool_fairness_submission.png","551598","3032577d3fc0829e7c7eaffc620961abec24ad8b5f47807305ad6a736909cdec","results/archive/presentation_benchmark_suite/06_final_quantum_audit_v6/candidate_pool_fairness_submission.png","direct"
"presentation_benchmark_suite","presentation_benchmark_suite/06_final_quantum_audit_v6/fair_random_candidate_pool_summary.csv","24757","1bee61487c712494e73e53c0c60d8ad8e2e8db59ecd35f4b8eda37e8a830021e","results/archive/presentation_benchmark_suite/06_final_quantum_audit_v6/fair_random_candidate_pool_summary.csv","direct"
"presentation_benchmark_suite","presentation_benchmark_suite/06_final_quantum_audit_v6/fair_random_candidate_pool_trials.csv","882397","c0c44be6ea0b72838a475de9036eec3c924b26b38b93c9d5c2622a7f11df463b","results/archive/presentation_benchmark_suite/06_final_quantum_audit_v6/fair_random_candidate_pool_trials.csv","direct"
"presentation_benchmark_suite","presentation_benchmark_suite/06_final_quantum_audit_v6/ibm_qpu_frontier_submission.pdf","29383","4ad4f020e0da05027afbae38c7f922fe32707b9517233485f4b9500650b88f20","results/archive/presentation_benchmark_suite/06_final_quantum_audit_v6/ibm_qpu_frontier_submission.pdf","direct"
"presentation_benchmark_suite","presentation_benchmark_suite/06_final_quantum_audit_v6/ibm_qpu_frontier_submission.png","513557","23cb1b41463efb209dfbde5ab224b7778a8da3df137a8c24c79a679cd5e9e5d2","results/archive/presentation_benchmark_suite/06_final_quantum_audit_v6/ibm_qpu_frontier_submission.png","direct"
"presentation_benchmark_suite","presentation_benchmark_suite/06_final_quantum_audit_v6/qpu_campaign_provenance.csv","2392","89b1ed8f71bf9548dae2a61872228fb9ecf07f08d4b56e46bb428f673e0b4845","results/archive/presentation_benchmark_suite/06_final_quantum_audit_v6/qpu_campaign_provenance.csv","direct"
"presentation_benchmark_suite","presentation_benchmark_suite/06_final_quantum_audit_v6/qpu_frontier_summary.csv","1899","0dc0820d8ee7620db9c8c0c30770cabff541c9dc95e89d4a1120457647d6ff03","results/archive/presentation_benchmark_suite/06_final_quantum_audit_v6/qpu_frontier_summary.csv","direct"
"presentation_benchmark_suite","presentation_benchmark_suite/06_final_quantum_audit_v6/qubo_alignment_submission.pdf","26086","fc35115000a56b2d593116471fa6a29a3bfcb05d97b0429ff31850d4716511d3","results/archive/presentation_benchmark_suite/06_final_quantum_audit_v6/qubo_alignment_submission.pdf","direct"
"presentation_benchmark_suite","presentation_benchmark_suite/06_final_quantum_audit_v6/qubo_alignment_submission.png","376096","7dfd5eae3ef7affccac6fc2888ac4c6ae9e0e34d89f90e182a459417b8fb484a","results/archive/presentation_benchmark_suite/06_final_quantum_audit_v6/qubo_alignment_submission.png","direct"
"presentation_benchmark_suite","presentation_benchmark_suite/06_final_quantum_audit_v6/qubo_alignment_summary.csv","1842","39cdefddaaf89ffa016571cc5894cc7583f470bcd596a1cde47580d478875171","results/archive/presentation_benchmark_suite/06_final_quantum_audit_v6/qubo_alignment_summary.csv","direct"
"presentation_benchmark_suite","presentation_benchmark_suite/06_final_quantum_audit_v6/qubo_alignment_supports.csv","1179583","4b7152b9009645712d608f6e5905e92834141abd1045b07120b62f4a8f31f0ca","results/archive/presentation_benchmark_suite/06_final_quantum_audit_v6/qubo_alignment_supports.csv","direct"
"presentation_benchmark_suite","presentation_benchmark_suite/06_ibm_qpu_stress_calibration_day_2_frontier/backend_selection.csv","653","ffa021dac504a13798685b6771bd4ebcfdf6ee6d2353d5fda47ec4c172ba8b11","results/archive/presentation_benchmark_suite/06_ibm_qpu_stress_calibration_day_2_frontier/backend_selection.csv","direct"
"presentation_benchmark_suite","presentation_benchmark_suite/06_ibm_qpu_stress_calibration_day_2_frontier/ibm_qpu_aggregate.csv","10061","172b1b06a4d3dbcad97b54a1c9db05fea1bc6b690c1b50d5fb62f560b4c2e4a5","results/archive/presentation_benchmark_suite/06_ibm_qpu_stress_calibration_day_2_frontier/ibm_qpu_aggregate.csv","direct"
"presentation_benchmark_suite","presentation_benchmark_suite/06_ibm_qpu_stress_calibration_day_2_frontier/ibm_qpu_config.json","2145","141f920134ec5a089ccfdbf0a47d5663e6d2e440c9173e850b5e1d0b624d49fb","results/archive/presentation_benchmark_suite/06_ibm_qpu_stress_calibration_day_2_frontier/ibm_qpu_config.json","direct"
"presentation_benchmark_suite","presentation_benchmark_suite/06_ibm_qpu_stress_calibration_day_2_frontier/ibm_qpu_go_no_go.csv","1003","17e736a4e5a510eeef9a81ad87a0356c7984bb4e773b7abadf879803cffc1e4d","results/archive/presentation_benchmark_suite/06_ibm_qpu_stress_calibration_day_2_frontier/ibm_qpu_go_no_go.csv","direct"
"presentation_benchmark_suite","presentation_benchmark_suite/06_ibm_qpu_stress_calibration_day_2_frontier/ibm_qpu_hardware_validation.csv","44613","7e8486a795f9b0e58d06cc9cbc071e813f630c8dde871255aa07414d79c3b4f7","results/archive/presentation_benchmark_suite/06_ibm_qpu_stress_calibration_day_2_frontier/ibm_qpu_hardware_validation.csv","direct"
"presentation_benchmark_suite","presentation_benchmark_suite/06_ibm_qpu_stress_calibration_day_2_frontier/ibm_qpu_job_manifest.json","11087","bcc087112acdcdc91bb1e79001627709b945c7c628d95643a33d496b9f9f0de0","results/archive/presentation_benchmark_suite/06_ibm_qpu_stress_calibration_day_2_frontier/ibm_qpu_job_manifest.json","direct"
"presentation_benchmark_suite","presentation_benchmark_suite/06_ibm_qpu_stress_calibration_day_2_frontier/ibm_qpu_jobs.csv","806","2de920681302ec73a0220a700021efb34c6bc13849fa31b72007be3ad63b6c1d","results/archive/presentation_benchmark_suite/06_ibm_qpu_stress_calibration_day_2_frontier/ibm_qpu_jobs.csv","direct"
"presentation_benchmark_suite","presentation_benchmark_suite/06_ibm_qpu_stress_calibration_day_2_frontier/ibm_qpu_noise_ablation.csv","1","01ba4719c80b6fe911b091a7c05124b64eeece964e09c058ef8f9805daca546b","results/archive/presentation_benchmark_suite/06_ibm_qpu_stress_calibration_day_2_frontier/ibm_qpu_noise_ablation.csv","direct"
"presentation_benchmark_suite","presentation_benchmark_suite/06_ibm_qpu_stress_calibration_day_2_frontier/ibm_qpu_oracle_budget_curves.csv","99733","cb8fd0e9da0ac1d2272c1cd415e1bdf9a8ef82f68e84be3130c84f0c6b1f26ce","results/archive/presentation_benchmark_suite/06_ibm_qpu_stress_calibration_day_2_frontier/ibm_qpu_oracle_budget_curves.csv","direct"
"presentation_benchmark_suite","presentation_benchmark_suite/06_ibm_qpu_stress_calibration_day_2_frontier/ibm_qpu_raw_counts.json","3225437","b28213fc8db8e916a87e36596ba075db7cfad0f70122e55c85f72bc0020797d3","results/archive/presentation_benchmark_suite/06_ibm_qpu_stress_calibration_day_2_frontier/ibm_qpu_raw_counts.json","direct"
"presentation_benchmark_suite","presentation_benchmark_suite/06_ibm_qpu_stress_calibration_day_2_frontier/ibm_qpu_transpilation_candidates.csv","37944","b8800b8af0014e9f95de5c8f50d131a346f6a88604c7a0d69fdf4823141f4233","results/archive/presentation_benchmark_suite/06_ibm_qpu_stress_calibration_day_2_frontier/ibm_qpu_transpilation_candidates.csv","direct"
"presentation_benchmark_suite","presentation_benchmark_suite/constraint_ablation.csv","488","d5cfcbdeda115852e57e143cb422a5ae4acbfff9130f3f13ca6a315c19695f60","results/archive/presentation_benchmark_suite/constraint_ablation.csv","direct"
"presentation_benchmark_suite","presentation_benchmark_suite/continuous_backend_crosscheck.csv","557","f90d3661703146db80e31dbb731b066d170cbf7426c1970354ce722093e5d879","results/archive/presentation_benchmark_suite/continuous_backend_crosscheck.csv","direct"
"presentation_benchmark_suite","presentation_benchmark_suite/environment.json","5030","7736ebe1b0e911436109b2616220367b6ff2ee03ea9df57702f39b9111204c0e","results/archive/presentation_benchmark_suite/environment.json","redacted publication copy; original SHA-256 retained"
"presentation_benchmark_suite","presentation_benchmark_suite/frozen_window_candidate_efficiency.pdf","17864","ac337397727dde4faa3583e321d52ca81eb28d9c73ad2bec006757f4ccb0a7ba","results/archive/presentation_benchmark_suite/frozen_window_candidate_efficiency.pdf","direct"
"presentation_benchmark_suite","presentation_benchmark_suite/frozen_window_candidate_efficiency.png","146206","ab2bd0db5adc1e59413c4ab2ddeb637bdf1cea94ca9dd3959dcc4a9948ba7384","results/archive/presentation_benchmark_suite/frozen_window_candidate_efficiency.png","direct"
"presentation_benchmark_suite","presentation_benchmark_suite/frozen_window_method_benchmark.csv","1228","d74337de67c54be83d9fb80ed9c29bd9bf51af826cf0ce7f88c1900b178423e3","results/archive/presentation_benchmark_suite/frozen_window_method_benchmark.csv","direct"
"presentation_benchmark_suite","presentation_benchmark_suite/ibm_qpu_hardware_stress.pdf","26702","88ae06d6019b7827bf5070f6ae69b7a67c7f810edcafeb3a25146664fbe386cc","results/archive/presentation_benchmark_suite/ibm_qpu_hardware_stress.pdf","direct"
"presentation_benchmark_suite","presentation_benchmark_suite/ibm_qpu_hardware_stress.png","416175","ad460f14a35d5d9479d4fc5dd730330c5c77dfab783e5905e25236c97c1e9eb5","results/archive/presentation_benchmark_suite/ibm_qpu_hardware_stress.png","direct"
"presentation_benchmark_suite","presentation_benchmark_suite/ibm_qpu_hardware_validation.pdf","28211","2698f1aa3fb15863dcd379adadbdcaab1a3d366ff683fb478a783c7997185916","results/archive/presentation_benchmark_suite/ibm_qpu_hardware_validation.pdf","direct"
"presentation_benchmark_suite","presentation_benchmark_suite/ibm_qpu_hardware_validation.png","519468","b328ef9235d7228cec29c7b964b76fafdb30ece89791b17f350ecae3a530d555","results/archive/presentation_benchmark_suite/ibm_qpu_hardware_validation.png","direct"
"presentation_benchmark_suite","presentation_benchmark_suite/ibm_qpu_width_depth_frontier.pdf","22949","3925f7727722fa721287866b273318e6636275f26c83036cbf101d0a55de6ceb","results/archive/presentation_benchmark_suite/ibm_qpu_width_depth_frontier.pdf","direct"
"presentation_benchmark_suite","presentation_benchmark_suite/ibm_qpu_width_depth_frontier.png","103963","3b123d841daab57b81b20a2388015743c8651e647309c6e5888c93b4d23d3253","results/archive/presentation_benchmark_suite/ibm_qpu_width_depth_frontier.png","direct"
"presentation_benchmark_suite","presentation_benchmark_suite/width_depth_sweep.csv","4071","6ee75d4c268b63c886caec6790fed93464f72e3e32c1e98e0c54dd6715377f3e","results/archive/presentation_benchmark_suite/width_depth_sweep.csv","direct"
"presentation_benchmark_suite","presentation_benchmark_suite/width_depth_sweep.png","273443","02ed158cb251e1c5e5e971c296293b71c1c13ac847b8ff5d98b85d566635d3d6","results/archive/presentation_benchmark_suite/width_depth_sweep.png","direct"
"presentation_benchmark_suite","presentation_benchmark_suite/winning_claims.md","3182","969b95bfce38015dfbd3d0d0241d401c9ffe3cbf27f2937d135c603ded96c8f1","results/archive/presentation_benchmark_suite/winning_claims.md","direct"
