experiment_kind,parameter,coefficient,profile,repetition,universe_seed,backend,lambda_return,lambda_risk,lambda_income,lambda_cost,objective_under_own_preferences,risk_term,return_term,income_term,cost_term,expected_return,volatility,variance,income_yield,turnover,transaction_cost,heldout_cvar_95,allocation_l1_from_current,support_size,breaches,max_violation,solve_seconds
one_at_a_time,lambda_risk,0.5,,0,20260802,osqp,1.0,0.5,0.5,1.0,-0.08393845734154204,0.0073062416157691655,-0.08078863199258543,-0.011113494230138871,0.0006574272654130933,0.08078863199258543,0.1208821046786427,0.014612483231538331,0.022226988460277743,0.3999999999999999,0.0006574272654130933,0.16880924378516754,0.3999999999999999,20,0,5.026046245859561e-11,0.005667995661497116
one_at_a_time,lambda_risk,1.0,,0,20260802,osqp,1.0,1.0,0.5,1.0,-0.07663221574969935,0.014612483214980007,-0.08078863198480173,-0.011113494239529155,0.0006574272596515187,0.08078863198480173,0.12088210461015314,0.014612483214980007,0.02222698847905831,0.39999999952083276,0.0006574272596515187,0.16880924364353794,0.39999999952083276,20,0,2.618625177808198e-10,0.004872757941484451
one_at_a_time,lambda_risk,2.0,,0,20260802,osqp,1.0,2.0,0.5,1.0,-0.06245491651773286,0.0258624498886879,-0.07732626343465045,-0.011578150261784834,0.0005870472900145284,0.07732626343465045,0.11371554398737206,0.01293122494434395,0.023156300523569668,0.4,0.0005870472900145284,0.1574534752924293,0.4,20,0,2.498277747869926e-10,0.004320379346609116
one_at_a_time,lambda_risk,3.0,,0,20260802,osqp,1.0,3.0,0.5,1.0,-0.051084916941152476,0.03059420154140756,-0.07089473105029867,-0.01128980162625439,0.000505414193993024,0.07089473105029867,0.10098548004772362,0.010198067180469186,0.02257960325250878,0.39999999876710746,0.000505414193993024,0.13759577917318683,0.39999999876710746,20,0,1.0283075623646054e-09,0.004239168018102646
one_at_a_time,lambda_risk,5.0,,0,20260802,osqp,1.0,5.0,0.5,1.0,-0.03468763591896715,0.03510804687329359,-0.060505840670443296,-0.009981202759967922,0.0006913606381504842,0.060505840670443296,0.08379504385498415,0.007021609374658717,0.019962405519935843,0.39999999922285323,0.0006913606381504842,0.11253764053574118,0.39999999922285323,20,0,7.576739236014873e-11,0.0043611079454422
one_at_a_time,lambda_risk,7.5,,0,20260802,osqp,1.0,7.5,0.5,1.0,-0.01792238387378431,0.049016700308803104,-0.05816980432479867,-0.009461760662820937,0.0006924808050321956,0.05816980432479867,0.08084281069565646,0.006535560041173747,0.018923521325641873,0.4000000000000001,0.0006924808050321956,0.10882835124324855,0.4000000000000001,20,0,3.2353074386204383e-10,0.004404429346323013
one_at_a_time,lambda_risk,10.0,,0,20260802,osqp,1.0,10.0,0.5,1.0,-0.002013665933028481,0.06310629377868712,-0.05679828403590729,-0.009121951828112543,0.0008002761523042287,0.05679828403590729,0.07943946989921769,0.006310629377868713,0.018243903656225087,0.39999999999999997,0.0008002761523042287,0.10742343922428088,0.39999999999999997,20,0,1.3594680936535042e-12,0.004523776471614838
one_at_a_time,lambda_risk,15.0,,0,20260802,osqp,1.0,15.0,0.5,1.0,0.029129891644091275,0.09219041860485085,-0.055185124417235304,-0.008592283284840395,0.0007168807413161255,0.055185124417235304,0.07839660647623758,0.006146027906990056,0.01718456656968079,0.39999999999999997,0.0007168807413161255,0.10667609000173,0.39999999999999997,20,0,9.094924535713034e-10,0.004431769251823425
one_at_a_time,lambda_risk,25.0,,0,20260802,osqp,1.0,25.0,0.5,1.0,0.09028398120743937,0.15247906619030194,-0.054556307795473075,-0.008334748248396692,0.0006959710610072042,0.054556307795473075,0.07809713597573267,0.006099162647612078,0.016669496496793383,0.3999999999999999,0.0006959710610072042,0.10640808633547344,0.3999999999999999,20,0,1.8953993929926582e-10,0.004472535103559494
one_at_a_time,lambda_income,0.0,,0,20260802,osqp,1.0,5.0,0.0,1.0,-0.025065915044979778,0.03387864235969974,-0.05965541796457798,-0.0,0.0007108605598984631,0.05965541796457798,0.08231481319871867,0.006775728471939949,0.01880419920131551,0.3999999999999998,0.0007108605598984631,0.11045640458017575,0.3999999999999998,20,0,3.9861311473821104e-10,0.004382707178592682
one_at_a_time,lambda_income,0.25,,0,20260802,osqp,1.0,5.0,0.25,1.0,-0.02980179153077538,0.0339799477963029,-0.05971959233097504,-0.004790269685654974,0.0007281226895517316,0.05971959233097504,0.08243779205716624,0.00679598955926058,0.019161078742619898,0.3999999999496684,0.0007281226895517316,0.11053219283095844,0.3999999999496684,20,0,7.142871294441022e-10,0.004301626235246658
one_at_a_time,lambda_income,0.5,,0,20260802,osqp,1.0,5.0,0.5,1.0,-0.03468763591896715,0.03510804687329359,-0.060505840670443296,-0.009981202759967922,0.0006913606381504842,0.060505840670443296,0.08379504385498415,0.007021609374658717,0.019962405519935843,0.39999999922285323,0.0006913606381504842,0.11253764053574118,0.39999999922285323,20,0,7.576739236014873e-11,0.004364434629678726
one_at_a_time,lambda_income,1.0,,0,20260802,osqp,1.0,5.0,1.0,1.0,-0.04497169924377327,0.03763474922725077,-0.06240091389986652,-0.020815030118373337,0.0006094955472158124,0.06240091389986652,0.08675799585888412,0.007526949845450153,0.020815030118373337,0.4000000000000001,0.0006094955472158124,0.1168696643927163,0.4000000000000001,20,0,1.1102230246251565e-16,0.004354514181613922
one_at_a_time,lambda_income,2.0,,0,20260802,osqp,1.0,5.0,2.0,1.0,-0.0665196943909731,0.042498201346226325,-0.06537923230898728,-0.044168323364322734,0.0005296599361105843,0.06537923230898728,0.09219349363835425,0.008499640269245264,0.022084161682161367,0.39999999984434187,0.0005296599361105843,0.12480999215078815,0.39999999984434187,20,0,1.3588709497913687e-10,0.004423033446073532
one_at_a_time,lambda_income,4.0,,0,20260802,osqp,1.0,5.0,4.0,1.0,-0.11245051029825238,0.04930772979634735,-0.06850752626345291,-0.09371189318678796,0.0004611793556411446,0.06850752626345291,0.09930531687311345,0.00986154595926947,0.02342797329669699,0.39999999999999997,0.0004611793556411446,0.13632833052808566,0.39999999999999997,20,0,7.669125057230275e-11,0.004423234611749649
one_at_a_time,lambda_cost,0.0,,0,20260802,osqp,1.0,5.0,0.5,0.0,-0.03540369747075924,0.03435822754762191,-0.05990894056996753,-0.009852984448413623,0.0,0.05990894056996753,0.08289538895212678,0.006871645509524383,0.019705968896827245,0.39999999999999997,0.0007386564063344774,0.11118522009245038,0.39999999999999997,20,0,2.631228568361621e-13,0.0044866204261779785
one_at_a_time,lambda_cost,0.5,,0,20260802,osqp,1.0,5.0,0.5,0.5,-0.03503959071802484,0.03465160865788419,-0.06014685184118551,-0.009902576815240458,0.0003582292805169275,0.06014685184118551,0.08324855393084518,0.006930321731576838,0.019805153630480916,0.39999999999999997,0.000716458561033855,0.1117245259896082,0.39999999999999997,20,0,1.5143563313058106e-10,0.004479631781578064
one_at_a_time,lambda_cost,1.0,,0,20260802,osqp,1.0,5.0,0.5,1.0,-0.03468763591896715,0.03510804687329359,-0.060505840670443296,-0.009981202759967922,0.0006913606381504842,0.060505840670443296,0.08379504385498415,0.007021609374658717,0.019962405519935843,0.39999999922285323,0.0006913606381504842,0.11253764053574118,0.39999999922285323,20,0,7.576739236014873e-11,0.004399467259645462
one_at_a_time,lambda_cost,2.0,,0,20260802,osqp,1.0,5.0,0.5,2.0,-0.03402137320012996,0.03605857006155565,-0.06122381824778496,-0.010138454610605793,0.0012823295967051452,0.06122381824778496,0.08492181116951715,0.007211714012311129,0.020276909221211586,0.4000000000000001,0.0006411647983525726,0.11425203808001341,0.4000000000000001,20,0,9.353768731790169e-10,0.0043931081891059875
one_at_a_time,lambda_cost,5.0,,0,20260802,osqp,1.0,5.0,0.5,5.0,-0.03216391024900203,0.03727804340729347,-0.06214609059511182,-0.010356466489033028,0.0030606034278493495,0.06214609059511182,0.0863458666147876,0.007455608681458693,0.020712932978066055,0.4000000000000001,0.0006121206855698699,0.11630732947706662,0.4000000000000001,20,0,1.0061396160665481e-16,0.00452214851975441
one_at_a_time,lambda_cost,10.0,,0,20260802,osqp,1.0,5.0,0.5,10.0,-0.029849687327669107,0.04126087143732967,-0.06399975649435093,-0.010245121235454334,0.003134318964806481,0.06399975649435093,0.09084147889299213,0.008252174287465934,0.02049024247090867,0.242159645333822,0.0003134318964806481,0.12349042156984784,0.242159645333822,20,0,1.3697399187106996e-09,0.004328586161136627
one_at_a_time,lambda_cost,25.0,,0,20260802,osqp,1.0,5.0,0.5,25.0,-0.028569361187419626,0.04723088806082476,-0.06671505545921234,-0.009880210024198735,0.0007950162351666911,0.06671505545921234,0.09719144824605173,0.009446177612164952,0.01976042004839747,0.07999999725085394,3.180064940666764e-05,0.13397841464232713,0.07999999725085394,20,0,8.046896482483135e-13,0.004508357495069504
repository_profile,profile,,notebook_reference,0,20260802,osqp,1.0,5.0,0.5,1.0,-0.03468763591896715,0.03510804687329359,-0.060505840670443296,-0.009981202759967922,0.0006913606381504842,0.060505840670443296,0.08379504385498415,0.007021609374658717,0.019962405519935843,0.39999999922285323,0.0006913606381504842,0.11253764053574118,0.39999999922285323,20,0,7.576739236014873e-11,0.004377312958240509
repository_profile,profile,,preset_balanced,0,20260802,osqp,1.0,5.0,0.0,1.0,-0.025065915044979778,0.03387864235969974,-0.05965541796457798,-0.0,0.0007108605598984631,0.05965541796457798,0.08231481319871867,0.006775728471939949,0.01880419920131551,0.3999999999999998,0.0007108605598984631,0.11045640458017575,0.3999999999999998,20,0,3.9861311473821104e-10,0.004413094371557236
repository_profile,profile,,preset_growth,0,20260802,osqp,2.0,3.0,0.0,0.5,-0.11770348009397287,0.04241510459396687,-0.1604464646810563,-0.0,0.00032787999311656077,0.08022323234052815,0.11890487037118773,0.014138368197988957,0.021630414628492876,0.3999999999999999,0.0006557599862331215,0.16553432160642445,0.3999999999999999,20,0,1.9408243068230746e-10,0.00449109822511673
repository_profile,profile,,preset_income,0,20260802,osqp,0.5,4.0,2.0,1.0,-0.042491354280912295,0.032948363579060516,-0.03203006684681509,-0.04395550088246848,0.0005458498693107637,0.06406013369363019,0.09075842051713509,0.008237090894765129,0.02197775044123424,0.3999999999999999,0.0005458498693107637,0.12318004339088591,0.3999999999999999,20,0,1.0114131754335176e-13,0.004431534558534622
repository_profile,profile,,preset_drawdown_control,0,20260802,osqp,0.5,15.0,0.0,1.0,0.0649052569315509,0.09148743977388438,-0.027278153903602623,-0.0,0.0006959710612691403,0.054556307807205245,0.07809713600121512,0.006099162651592291,0.01666949649811857,0.3999999999999999,0.0006959710612691403,0.1064080863766452,0.3999999999999999,20,0,6.767195137591386e-11,0.004468120634555817
repository_profile,profile,,preset_cost_sensitive,0,20260802,osqp,1.0,5.0,0.0,10.0,-0.0198591837826636,0.039473555014558154,-0.06231554402005016,-0.0,0.00298280522282841,0.06231554402005016,0.08885218625848006,0.007894711002911631,0.019414878437454007,0.2376722160212567,0.000298280522282841,0.12106823422622837,0.2376722160212567,20,0,7.219469640162846e-11,0.004381097853183746
one_at_a_time,lambda_risk,0.5,,1,20320803,osqp,1.0,0.5,0.5,1.0,-0.07637891921297585,0.005986817608190992,-0.0722535276977904,-0.010604865560207052,0.0004926564368306179,0.0722535276977904,0.10942410710799509,0.011973635216381983,0.021209731120414105,0.39999999999999997,0.0004926564368306179,0.1556613995181503,0.39999999999999997,20,0,1.1719715337088488e-09,0.005453549325466156
one_at_a_time,lambda_risk,1.0,,1,20320803,osqp,1.0,1.0,0.5,1.0,-0.07046475267557312,0.011332601350978893,-0.0710435007593558,-0.01118567502468143,0.00043182175748520654,0.0710435007593558,0.1064546915404807,0.011332601350978893,0.02237135004936286,0.3999999999999999,0.00043182175748520654,0.1503171327509074,0.3999999999999999,20,0,1.2635618940048943e-10,0.004524853080511093
one_at_a_time,lambda_risk,2.0,,1,20320803,osqp,1.0,2.0,0.5,1.0,-0.05960422541109457,0.020680972059731326,-0.06889060740855657,-0.01183004724871524,0.00043545718644591653,0.06889060740855657,0.101688180384279,0.010340486029865663,0.02366009449743048,0.39999999788725193,0.00043545718644591653,0.14243652009386557,0.39999999788725193,20,0,1.3891467923882184e-09,0.0044865235686302185
one_at_a_time,lambda_risk,3.0,,1,20320803,osqp,1.0,3.0,0.5,1.0,-0.05066421354328298,0.024827781895456955,-0.06367702806444647,-0.012247133523914648,0.00043216614962118734,0.06367702806444647,0.09097212374395605,0.008275927298485652,0.024494267047829296,0.4,0.00043216614962118734,0.12546899799163727,0.4,20,0,7.389224787601734e-10,0.0043798647820949554
one_at_a_time,lambda_risk,5.0,,1,20320803,osqp,1.0,5.0,0.5,1.0,-0.03677378970719103,0.0312630452974042,-0.056546891299533,-0.012066133634052666,0.0005761899289904289,0.056546891299533,0.07907344092349113,0.0062526090594808405,0.024132267268105332,0.39999999999999997,0.0005761899289904289,0.10754291486517337,0.39999999999999997,20,0,3.44418951692127e-10,0.004470180720090866
one_at_a_time,lambda_risk,7.5,,1,20320803,osqp,1.0,7.5,0.5,1.0,-0.0218468108018226,0.04405799591601272,-0.05474622007222891,-0.01167055972576961,0.0005119730801631983,0.05474622007222891,0.07664463096309071,0.0058743994554683624,0.02334111945153922,0.3999999999999999,0.0005119730801631983,0.10438452703774725,0.3999999999999999,20,0,9.519609406316576e-10,0.004405040293931961
one_at_a_time,lambda_risk,10.0,,1,20320803,osqp,1.0,10.0,0.5,1.0,-0.0072595331486132635,0.05786269149434586,-0.05417775222874045,-0.011454437671667008,0.000509965257448341,0.05417775222874045,0.07606753019149882,0.0057862691494345855,0.022908875343334016,0.3999999999999998,0.000509965257448341,0.1036981395281251,0.3999999999999998,20,0,2.6943702824411275e-10,0.0044446177780628204
one_at_a_time,lambda_risk,15.0,,1,20320803,osqp,1.0,15.0,0.5,1.0,0.02143603759949151,0.0858890217630094,-0.05370379974776423,-0.011252149902327806,0.0005029654865741442,0.05370379974776423,0.0756699067278441,0.0057259347842006265,0.02250429980465561,0.3999999999999999,0.0005029654865741442,0.10320216920879736,0.3999999999999999,20,0,9.017285113044338e-10,0.00444069504737854
one_at_a_time,lambda_risk,25.0,,1,20320803,osqp,1.0,25.0,0.5,1.0,0.078649281811302,0.14299363647610192,-0.05364353775701416,-0.011202165269626741,0.0005013483618409814,0.05364353775701416,0.07562899879704925,0.005719745459044076,0.022404330539253482,0.4,0.0005013483618409814,0.10315072509603843,0.4,20,0,1.5156764732182637e-12,0.004642501473426819
one_at_a_time,lambda_income,0.0,,1,20320803,osqp,1.0,5.0,0.0,1.0,-0.025195256852281047,0.030543478435202543,-0.056272020364748335,-0.0,0.0005332850772647455,0.056272020364748335,0.07815814536592144,0.006108695687040509,0.02251642190878731,0.3999999943596695,0.0005332850772647455,0.10630952129057844,0.3999999943596695,20,0,8.644504140287168e-10,0.004337981343269348
one_at_a_time,lambda_income,0.25,,1,20320803,osqp,1.0,5.0,0.25,1.0,-0.030902266885987437,0.030431869759910635,-0.056099829945736486,-0.005756618273150384,0.0005223115729887951,0.056099829945736486,0.07801521615673526,0.006086373951982127,0.023026473092601536,0.39999999757661064,0.0005223115729887951,0.10612242070041061,0.39999999757661064,20,0,6.028866433860358e-10,0.004280202090740204
one_at_a_time,lambda_income,0.5,,1,20320803,osqp,1.0,5.0,0.5,1.0,-0.03677378970719103,0.0312630452974042,-0.056546891299533,-0.012066133634052666,0.0005761899289904289,0.056546891299533,0.07907344092349113,0.0062526090594808405,0.024132267268105332,0.39999999999999997,0.0005761899289904289,0.10754291486517337,0.39999999999999997,20,0,3.44418951692127e-10,0.004443451762199402
one_at_a_time,lambda_income,1.0,,1,20320803,osqp,1.0,5.0,1.0,1.0,-0.04904748983827693,0.032075024101390105,-0.05702905674452409,-0.024679078219507898,0.0005856210243649536,0.05702905674452409,0.0800937252241274,0.006415004820278021,0.024679078219507898,0.39999999999999997,0.0005856210243649536,0.10919169059852772,0.39999999999999997,20,0,1.089030698953053e-09,0.004382815212011337
one_at_a_time,lambda_income,2.0,,1,20320803,osqp,1.0,5.0,2.0,1.0,-0.07379189966551886,0.03220441073364122,-0.05704115897690984,-0.0495360094056962,0.0005808579834459531,0.05704115897690984,0.0802551066707175,0.006440882146728244,0.0247680047028481,0.4,0.0005808579834459531,0.10953398461066866,0.4,20,0,1.2056910608793103e-09,0.004465669393539429
one_at_a_time,lambda_income,4.0,,1,20320803,osqp,1.0,5.0,4.0,1.0,-0.12344786631078562,0.033733317650291875,-0.05784866166292475,-0.09985619849766332,0.0005236761995105797,0.05784866166292475,0.0821380760065536,0.006746663530058375,0.02496404962441583,0.3999999999999999,0.0005236761995105797,0.11252899799375468,0.3999999999999999,20,0,4.3520742565306136e-14,0.004507441073656082
one_at_a_time,lambda_cost,0.0,,1,20320803,osqp,1.0,5.0,0.5,0.0,-0.03736965726263265,0.03140471032168425,-0.05664371407260665,-0.012130653511710252,0.0,0.05664371407260665,0.07925239469149717,0.0062809420643368495,0.024261307023420504,0.3999999999535948,0.0006015001803287777,0.10780184353330063,0.3999999999535948,20,0,1.7724724327150554e-09,0.004313815385103226
one_at_a_time,lambda_cost,0.5,,1,20320803,osqp,1.0,5.0,0.5,0.5,-0.03706914785715012,0.031390169500068316,-0.056628057893489014,-0.012131206966588693,0.0002999475028592686,0.056628057893489014,0.07923404508173026,0.006278033900013663,0.024262413933177386,0.39999999999533037,0.0005998950057185372,0.10776978866955053,0.39999999999533037,20,0,6.289918863533472e-10,0.004363793879747391
one_at_a_time,lambda_cost,1.0,,1,20320803,osqp,1.0,5.0,0.5,1.0,-0.03677378970719103,0.0312630452974042,-0.056546891299533,-0.012066133634052666,0.0005761899289904289,0.056546891299533,0.07907344092349113,0.0062526090594808405,0.024132267268105332,0.39999999999999997,0.0005761899289904289,0.10754291486517337,0.39999999999999997,20,0,3.44418951692127e-10,0.004473406821489334
one_at_a_time,lambda_cost,2.0,,1,20320803,osqp,1.0,5.0,0.5,2.0,-0.036228190640793974,0.031064009742817617,-0.056424616971244825,-0.011897054330866349,0.001029470918499577,0.056424616971244825,0.078821329274274,0.006212801948563523,0.023794108661732698,0.4,0.0005147354592497885,0.10726910554899204,0.4,20,0,9.475756707066907e-10,0.004362940788269043
one_at_a_time,lambda_cost,5.0,,1,20320803,osqp,1.0,5.0,0.5,5.0,-0.03486243811529939,0.03188088102994613,-0.05715331796719465,-0.011724870803663044,0.0021348696256121764,0.05715331796719465,0.07985096246125795,0.006376176205989226,0.02344974160732609,0.3999999999999999,0.0004269739251224353,0.10868848811632861,0.3999999999999999,20,0,1.081529699131778e-09,0.0043967105448246
one_at_a_time,lambda_cost,10.0,,1,20320803,osqp,1.0,5.0,0.5,10.0,-0.033338677075207906,0.03510795580663655,-0.058932983192385886,-0.011527464177680054,0.0020138144882214768,0.058932983192385886,0.08379493517705776,0.007021591161327311,0.023054928355360108,0.3000000005939671,0.00020138144882214768,0.11509433435558954,0.3000000005939671,20,0,5.629820221120241e-11,0.004303459078073502
one_at_a_time,lambda_cost,25.0,,1,20320803,osqp,1.0,5.0,0.5,25.0,-0.03113456880201405,0.03888391687711954,-0.06097107662939318,-0.010817314714318862,0.0017699056645784535,0.06097107662939318,0.08818607245718514,0.007776783375423909,0.021634629428637725,0.1235968836464808,7.079622658313813e-05,0.12234292870661956,0.1235968836464808,20,0,5.1958437552457326e-14,0.004277948290109634
repository_profile,profile,,notebook_reference,1,20320803,osqp,1.0,5.0,0.5,1.0,-0.03677378970719103,0.0312630452974042,-0.056546891299533,-0.012066133634052666,0.0005761899289904289,0.056546891299533,0.07907344092349113,0.0062526090594808405,0.024132267268105332,0.39999999999999997,0.0005761899289904289,0.10754291486517337,0.39999999999999997,20,0,3.44418951692127e-10,0.004455734044313431
repository_profile,profile,,preset_balanced,1,20320803,osqp,1.0,5.0,0.0,1.0,-0.025195256852281047,0.030543478435202543,-0.056272020364748335,-0.0,0.0005332850772647455,0.056272020364748335,0.07815814536592144,0.006108695687040509,0.02251642190878731,0.3999999943596695,0.0005332850772647455,0.10630952129057844,0.3999999943596695,20,0,8.644504140287168e-10,0.004293307662010193
repository_profile,profile,,preset_growth,1,20320803,osqp,2.0,3.0,0.0,0.5,-0.10921464830248884,0.03520287633256547,-0.14467664223270124,-0.0,0.0002591175976469375,0.07233832111635062,0.10832493762220755,0.011734292110855157,0.019240800714165965,0.39999999999999997,0.000518235195293875,0.1535010282945502,0.39999999999999997,20,0,0.0,0.004388097673654556
repository_profile,profile,,preset_income,1,20320803,osqp,0.5,4.0,2.0,1.0,-0.05176847680313875,0.02542585476441425,-0.028272796573814006,-0.04950041214762274,0.0005788771538837494,0.05654559314762801,0.07972743374211641,0.006356463691103562,0.02475020607381137,0.3999999998093203,0.0005788771538837494,0.10877828473141031,0.3999999998093203,20,0,2.599835763339442e-10,0.004363983869552612
repository_profile,profile,,preset_drawdown_control,1,20320803,osqp,0.5,15.0,0.0,1.0,0.05946216431872332,0.08577911131072141,-0.026818865009982023,-0.0,0.0005019180179839384,0.053637730019964046,0.07562147460024012,0.0057186074207147605,0.022311198602954493,0.39999999999999997,0.0005019180179839384,0.10316272414789047,0.39999999999999997,20,0,5.868638908168577e-13,0.004824239760637283
repository_profile,profile,,preset_cost_sensitive,1,20320803,osqp,1.0,5.0,0.0,10.0,-0.02193183315831945,0.03533563213234101,-0.059186349608129525,-0.0,0.0019188843174690652,0.059186349608129525,0.08406620264094367,0.007067126426468203,0.022230727861026103,0.2999999992893112,0.0001918884317469065,0.1155807090442248,0.2999999992893112,20,0,2.876055643641351e-10,0.004331670701503754
one_at_a_time,lambda_risk,0.5,,2,20320804,osqp,1.0,0.5,0.5,1.0,-0.0822325311608775,0.007350493959769435,-0.07950378629410652,-0.010673777120176874,0.0005945382936364654,0.07950378629410652,0.1212476305728853,0.01470098791953887,0.02134755424035375,0.4,0.0005945382936364654,0.169505859954043,0.4,20,0,1.0511883984792858e-09,0.005341466516256332
one_at_a_time,lambda_risk,1.0,,2,20320804,osqp,1.0,1.0,0.5,1.0,-0.07494497143205497,0.014144162286705977,-0.07927717878374795,-0.01040347221467433,0.000591517279661319,0.07927717878374795,0.11892923226316554,0.014144162286705977,0.02080694442934866,0.39999999999999997,0.000591517279661319,0.16517052190372805,0.39999999999999997,20,0,3.8125058665627876e-13,0.004417944699525833
one_at_a_time,lambda_risk,2.0,,2,20320804,osqp,1.0,2.0,0.5,1.0,-0.06117875194798917,0.02543650275616449,-0.07638570560071682,-0.010860391290222449,0.000630842186785608,0.07638570560071682,0.11277522501898297,0.012718251378082244,0.021720782580444898,0.4,0.000630842186785608,0.1550579167793968,0.4,20,0,1.1102230246251565e-16,0.004173103719949722
one_at_a_time,lambda_risk,3.0,,2,20320804,osqp,1.0,3.0,0.5,1.0,-0.049532814669058275,0.030714031661364886,-0.06976636432267856,-0.011177366761568053,0.000696884753823455,0.06976636432267856,0.10118305467709647,0.010238010553788295,0.022354733523136106,0.3999999995975665,0.000696884753823455,0.13805462175913089,0.3999999995975665,20,0,5.536303915310015e-10,0.004200950264930725
one_at_a_time,lambda_risk,5.0,,2,20320804,osqp,1.0,5.0,0.5,1.0,-0.032046825470462253,0.038371147132794346,-0.05969440557976962,-0.011458398135972533,0.0007348311124855542,0.05969440557976962,0.08760267933436094,0.007674229426558869,0.022916796271945067,0.4000000000000001,0.0007348311124855542,0.12023226141068662,0.4000000000000001,20,0,5.652608381367941e-10,0.004337694495916367
one_at_a_time,lambda_risk,7.5,,2,20320804,osqp,1.0,7.5,0.5,1.0,-0.013714709908542457,0.05366078976352485,-0.05654492767260629,-0.011589219088524809,0.0007586470890637961,0.05654492767260629,0.08458588516100059,0.007154771968469979,0.023178438177049617,0.3999999999999999,0.0007586470890637961,0.11744561658156795,0.3999999999999999,20,0,1.570586660726292e-09,0.004303347319364548
one_at_a_time,lambda_risk,10.0,,2,20320804,osqp,1.0,10.0,0.5,1.0,0.003979240642764768,0.0703162128474351,-0.055450261020409536,-0.011601358016414307,0.0007146468321535132,0.055450261020409536,0.08385476304148447,0.007031621284743509,0.023202716032828613,0.39999999999999997,0.0007146468321535132,0.11701098281382136,0.39999999999999997,20,0,2.375877272697835e-14,0.0043153315782547
one_at_a_time,lambda_risk,15.0,,2,20320804,osqp,1.0,15.0,0.5,1.0,0.039046693002062406,0.10496744142100937,-0.055080371765643246,-0.011531704314098928,0.0006913276607952085,0.055080371765643246,0.08365302999932095,0.006997829428067291,0.023063408628197855,0.4,0.0006913276607952085,0.11697776668436657,0.4,20,0,1.0412781747959343e-12,0.0047499313950538635
one_at_a_time,lambda_risk,25.0,,2,20320804,osqp,1.0,25.0,0.5,1.0,0.10902472597660948,0.17494469241293903,-0.05507841510483227,-0.011531714164920132,0.0006901628334228483,0.05507841510483227,0.08365278056656313,0.006997787696517562,0.023063428329840263,0.3999999999999999,0.0006901628334228483,0.11698882779838037,0.3999999999999999,20,0,3.362865541589599e-13,0.006018940359354019
one_at_a_time,lambda_income,0.0,,2,20320804,osqp,1.0,5.0,0.0,1.0,-0.02094324376732991,0.03909958847579874,-0.06081501657569359,-0.0,0.000772184332564938,0.06081501657569359,0.0884302985133475,0.007819917695159748,0.021762982539998883,0.39999999999999997,0.000772184332564938,0.12088544567250001,0.39999999999999997,20,0,4.2388315080188477e-13,0.0044321902096271515
one_at_a_time,lambda_income,0.25,,2,20320804,osqp,1.0,5.0,0.25,1.0,-0.026411979109746162,0.038697919062884716,-0.06033430179496042,-0.005537935686913506,0.0007623393092430445,0.06033430179496042,0.08797490444767157,0.007739583812576944,0.022151742747654024,0.4,0.0007623393092430445,0.12042277806367038,0.4,20,0,6.556924170286749e-10,0.004345681518316269
one_at_a_time,lambda_income,0.5,,2,20320804,osqp,1.0,5.0,0.5,1.0,-0.032046825470462253,0.038371147132794346,-0.05969440557976962,-0.011458398135972533,0.0007348311124855542,0.05969440557976962,0.08760267933436094,0.007674229426558869,0.022916796271945067,0.4000000000000001,0.0007348311124855542,0.12023226141068662,0.4000000000000001,20,0,5.652608381367941e-10,0.004329178482294083
one_at_a_time,lambda_income,1.0,,2,20320804,osqp,1.0,5.0,1.0,1.0,-0.04367752544682103,0.037880233023406894,-0.05870254000301652,-0.023583219571682194,0.0007280011044707883,0.05870254000301652,0.08704048830677238,0.007576046604681379,0.023583219571682194,0.4,0.0007280011044707883,0.1200743876346057,0.4,20,0,7.275348934410175e-10,0.004329167306423187
one_at_a_time,lambda_income,2.0,,2,20320804,osqp,1.0,5.0,2.0,1.0,-0.06785650490974178,0.03925685882200433,-0.05860089336659555,-0.04922231892515454,0.0007098485600039687,0.05860089336659555,0.08860796670955082,0.007851371764400867,0.02461115946257727,0.3999999998739837,0.0007098485600039687,0.12332114317155884,0.3999999998739837,20,0,1.288939885379925e-09,0.004351794719696045
one_at_a_time,lambda_income,4.0,,2,20320804,osqp,1.0,5.0,4.0,1.0,-0.1184163317306228,0.046008758384424836,-0.06170386533214706,-0.10336415116325487,0.000642926380354296,0.06170386533214706,0.09592576127863134,0.009201751676884968,0.025841037790813717,0.4,0.000642926380354296,0.13519731820807976,0.4,20,0,8.293415815208149e-10,0.004426576197147369
one_at_a_time,lambda_cost,0.0,,2,20320804,osqp,1.0,5.0,0.5,0.0,-0.03280173609269073,0.038104021183046115,-0.05950447523172408,-0.011401282044012768,0.0,0.05950447523172408,0.08729721780566219,0.007620804236609223,0.022802564088025536,0.4,0.0007749901687883972,0.11973828728743781,0.4,20,0,7.469488916278522e-10,0.004446949809789658
one_at_a_time,lambda_cost,0.5,,2,20320804,osqp,1.0,5.0,0.5,0.5,-0.03241926088134675,0.038232564286616685,-0.059599440393656056,-0.01142984009535517,0.00037745532104779215,0.059599440393656056,0.0874443414825873,0.007646512857323337,0.02285968019071034,0.39999999999999997,0.0007549106420955843,0.11996981783623645,0.39999999999999997,20,0,1.467680241229452e-09,0.0044539496302604675
one_at_a_time,lambda_cost,1.0,,2,20320804,osqp,1.0,5.0,0.5,1.0,-0.032046825470462253,0.038371147132794346,-0.05969440557976962,-0.011458398135972533,0.0007348311124855542,0.05969440557976962,0.08760267933436094,0.007674229426558869,0.022916796271945067,0.4000000000000001,0.0007348311124855542,0.12023226141068662,0.4000000000000001,20,0,5.652608381367941e-10,0.004400487989187241
one_at_a_time,lambda_cost,2.0,,2,20320804,osqp,1.0,5.0,0.5,2.0,-0.031332073888582675,0.038678432156368896,-0.05988433592549203,-0.011515514233282065,0.0013893441138225205,0.05988433592549203,0.0879527511296479,0.007735686431273779,0.02303102846656413,0.39999999999999997,0.0006946720569112602,0.12084223374658538,0.39999999999999997,20,0,8.052562644467187e-10,0.004390742629766464
one_at_a_time,lambda_cost,5.0,,2,20320804,osqp,1.0,5.0,0.5,5.0,-0.02933342358807501,0.0388786780761077,-0.06000580526945487,-0.011484121386527926,0.003277824991800086,0.06000580526945487,0.08818013163531534,0.00777573561522154,0.022968242773055852,0.39999999999999997,0.0006555649983600172,0.12139497941674493,0.39999999999999997,20,0,3.956834859764058e-13,0.004416279494762421
one_at_a_time,lambda_cost,10.0,,2,20320804,osqp,1.0,5.0,0.5,10.0,-0.02668915304435928,0.04486348830330997,-0.0628108658876003,-0.011445036768417953,0.00270326130834901,0.0628108658876003,0.09472432454582083,0.008972697660661994,0.022890073536835906,0.20609887010367228,0.000270326130834901,0.132101108962168,0.20609887010367228,20,0,5.996141083652873e-11,0.004325509071350098
one_at_a_time,lambda_cost,25.0,,2,20320804,osqp,1.0,5.0,0.5,25.0,-0.02538092874335021,0.05198389394067508,-0.06640952954957018,-0.011066506011998335,0.00011121287754321983,0.06640952954957018,0.10196459575820921,0.010396778788135016,0.02213301202399667,0.009564976637345665,4.448515101728793e-06,0.14317758838571604,0.009564976637345665,20,0,2.220446049250313e-16,0.004315964877605438
repository_profile,profile,,notebook_reference,2,20320804,osqp,1.0,5.0,0.5,1.0,-0.032046825470462253,0.038371147132794346,-0.05969440557976962,-0.011458398135972533,0.0007348311124855542,0.05969440557976962,0.08760267933436094,0.007674229426558869,0.022916796271945067,0.4000000000000001,0.0007348311124855542,0.12023226141068662,0.4000000000000001,20,0,5.652608381367941e-10,0.00437844917178154
repository_profile,profile,,preset_balanced,2,20320804,osqp,1.0,5.0,0.0,1.0,-0.02094324376732991,0.03909958847579874,-0.06081501657569359,-0.0,0.000772184332564938,0.06081501657569359,0.0884302985133475,0.007819917695159748,0.021762982539998883,0.39999999999999997,0.000772184332564938,0.12088544567250001,0.39999999999999997,20,0,4.2388315080188477e-13,0.004536770284175873
repository_profile,profile,,preset_growth,2,20320804,osqp,2.0,3.0,0.0,0.5,-0.11623017669798474,0.04180907685862484,-0.15834362318386289,-0.0,0.0003043696272532974,0.07917181159193144,0.11805235682897207,0.013936358952874947,0.02062705961480629,0.4000000000000001,0.0006087392545065948,0.1635239601797286,0.4000000000000001,20,0,2.368115686185446e-10,0.004535406827926636
repository_profile,profile,,preset_income,2,20320804,osqp,0.5,4.0,2.0,1.0,-0.04676798149451235,0.02983178409102404,-0.02826533689260188,-0.04910539963284731,0.0007709709399128003,0.05653067378520376,0.08635940031493972,0.00745794602275601,0.024552699816423655,0.39999999999999997,0.0007709709399128003,0.12101356891350147,0.39999999999999997,20,0,1.3268103282726429e-09,0.004399828612804413
repository_profile,profile,,preset_drawdown_control,2,20320804,osqp,0.5,15.0,0.0,1.0,0.07811708359791478,0.10496651949636299,-0.027537156613997974,-0.0,0.0006877207155497564,0.05507431322799595,0.08365266263798302,0.006997767966424199,0.023063469682353396,0.3999999999999999,0.0006877207155497564,0.11701220222685549,0.3999999999999999,20,0,3.802513859341161e-13,0.00491255521774292
repository_profile,profile,,preset_cost_sensitive,2,20320804,osqp,1.0,5.0,0.0,10.0,-0.015413452108157198,0.044653375177787495,-0.06251745241266804,-0.0,0.0024506251267233463,0.06251745241266804,0.09450224883862553,0.008930675035557499,0.022125400110871267,0.18051411125126085,0.00024506251267233464,0.1320093592877382,0.18051411125126085,20,0,5.1736392947532295e-14,0.00432872399687767
one_at_a_time,lambda_risk,0.5,,3,20320805,osqp,1.0,0.5,0.5,1.0,-0.07899074719997538,0.0058372722313922735,-0.07266625284830537,-0.012668753976844627,0.0005069873937823438,0.07266625284830537,0.10804880592947128,0.011674544462784547,0.025337507953689255,0.3999999947143404,0.0005069873937823438,0.15148403654772133,0.3999999947143404,20,0,1.6176104483678344e-09,0.005895145237445831
one_at_a_time,lambda_risk,1.0,,3,20320805,osqp,1.0,1.0,0.5,1.0,-0.07340332480168044,0.010883269955320445,-0.0719756206826653,-0.012683547076200305,0.0003725730018647182,0.0719756206826653,0.10432291193846367,0.010883269955320445,0.02536709415240061,0.39999999999999997,0.0003725730018647182,0.1440997426126672,0.39999999999999997,20,0,8.796624661328023e-10,0.004547961056232452
one_at_a_time,lambda_risk,2.0,,3,20320805,osqp,1.0,2.0,0.5,1.0,-0.06297555400875703,0.018636204170812,-0.06928802102500053,-0.012775564876697352,0.0004518277221288579,0.06928802102500053,0.09653031692378307,0.009318102085406,0.025551129753394703,0.3999999999999999,0.0004518277221288579,0.13059549736392062,0.3999999999999999,20,0,5.302433075948798e-10,0.004556592553853989
one_at_a_time,lambda_risk,3.0,,3,20320805,osqp,1.0,3.0,0.5,1.0,-0.05430096580896096,0.024425611365781953,-0.0657795714060904,-0.013411630494280033,0.00046462472562752434,0.0657795714060904,0.0902323138086387,0.008141870455260651,0.026823260988560065,0.4,0.00046462472562752434,0.12114326937476719,0.4,20,0,4.691928096045572e-10,0.004348792135715485
one_at_a_time,lambda_risk,5.0,,3,20320805,osqp,1.0,5.0,0.5,1.0,-0.04008141846406417,0.031952818366717095,-0.05954141725015722,-0.013039810106663895,0.0005469905260398473,0.05954141725015722,0.0799410012030336,0.006390563673343419,0.02607962021332779,0.4,0.0005469905260398473,0.10579079805409115,0.4,20,0,3.8768988019910466e-13,0.004373282194137573
one_at_a_time,lambda_risk,7.5,,3,20320805,osqp,1.0,7.5,0.5,1.0,-0.02483424306413714,0.044182055618464416,-0.05674224874371209,-0.012852752913117249,0.0005787029742277835,0.05674224874371209,0.07675246412414775,0.005890940749128589,0.025705505826234498,0.39999999999999997,0.0005787029742277835,0.10215231291043547,0.39999999999999997,20,0,0.0,0.004327204078435898
one_at_a_time,lambda_risk,10.0,,3,20320805,osqp,1.0,10.0,0.5,1.0,-0.01029538601222227,0.05778043413758675,-0.05569585874150585,-0.012973922374185569,0.0005939609658823967,0.05569585874150585,0.07601344232278048,0.005778043413758675,0.025947844748371137,0.39999999999999997,0.0005939609658823967,0.10168985958410814,0.39999999999999997,20,0,7.605674701149923e-10,0.0044244080781936646
one_at_a_time,lambda_risk,15.0,,3,20320805,osqp,1.0,15.0,0.5,1.0,0.0183092031979538,0.08480406482065636,-0.05435668028054046,-0.012756588566986022,0.0006184072248239217,0.05435668028054046,0.07519045365854025,0.00565360432137709,0.025513177133972043,0.4,0.0006184072248239217,0.10152529867037924,0.4,20,0,7.286393710614902e-13,0.004395544528961182
one_at_a_time,lambda_risk,25.0,,3,20320805,osqp,1.0,25.0,0.5,1.0,0.0745992147849964,0.14065906569864775,-0.053994618094351354,-0.012678163550398134,0.0006129307310981317,0.053994618094351354,0.07500908363622309,0.00562636262794591,0.02535632710079627,0.4,0.0006129307310981317,0.10154545029208799,0.4,20,0,8.471001677889944e-13,0.004475656896829605
one_at_a_time,lambda_income,0.0,,3,20320805,osqp,1.0,5.0,0.0,1.0,-0.02733413453326419,0.03155860831313596,-0.0593359303701962,-0.0,0.000443187523796056,0.0593359303701962,0.07944634455169848,0.006311721662627191,0.025280986413798383,0.4,0.000443187523796056,0.10512124159449546,0.4,20,0,1.4701677236717003e-09,0.004387564957141876
one_at_a_time,lambda_income,0.25,,3,20320805,osqp,1.0,5.0,0.25,1.0,-0.03366341294348907,0.031554472198751946,-0.05932517482369167,-0.006344612621841058,0.0004519023032917175,0.05932517482369167,0.07944113820779754,0.006310894439750389,0.025378450487364233,0.4,0.0004519023032917175,0.10509124134935299,0.4,20,0,2.8788202377505456e-10,0.004449550062417984
one_at_a_time,lambda_income,0.5,,3,20320805,osqp,1.0,5.0,0.5,1.0,-0.04008141846406417,0.031952818366717095,-0.05954141725015722,-0.013039810106663895,0.0005469905260398473,0.05954141725015722,0.0799410012030336,0.006390563673343419,0.02607962021332779,0.4,0.0005469905260398473,0.10579079805409115,0.4,20,0,3.8768988019910466e-13,0.004364851862192154
one_at_a_time,lambda_income,1.0,,3,20320805,osqp,1.0,5.0,1.0,1.0,-0.05359514578013041,0.032939415272749205,-0.05921078067488114,-0.02789930143903586,0.0005755210610373851,0.05921078067488114,0.08116577514291255,0.006587883054549841,0.02789930143903586,0.39999999999999986,0.0005755210610373851,0.10868100526874655,0.39999999999999986,20,0,7.648784383640361e-11,0.004372667521238327
one_at_a_time,lambda_income,2.0,,3,20320805,osqp,1.0,5.0,2.0,1.0,-0.08157264512278477,0.03339494201046474,-0.05953075619462392,-0.056020741200481027,0.0005839102618554293,0.05953075619462392,0.08172507817122568,0.006678988402092948,0.028010370600240513,0.39999999946894615,0.0005839102618554293,0.10950768307503952,0.39999999946894615,20,0,9.41769218165689e-10,0.004267826676368713
one_at_a_time,lambda_income,4.0,,3,20320805,osqp,1.0,5.0,4.0,1.0,-0.1377399245003237,0.03518080710214208,-0.06039967707436447,-0.1131302137390141,0.0006091592109127888,0.06039967707436447,0.0838818300970384,0.007036161420428416,0.028282553434753523,0.3999999999999999,0.0006091592109127888,0.11301632171763758,0.3999999999999999,20,0,4.0745185003743245e-13,0.004493895918130875
one_at_a_time,lambda_cost,0.0,,3,20320805,osqp,1.0,5.0,0.5,0.0,-0.04066555207101502,0.031924399636349104,-0.059453100377914236,-0.013136851329449889,0.0,0.059453100377914236,0.0799054436648081,0.006384879927269821,0.026273702658899778,0.39999999999999997,0.0005983107780845259,0.10576191613516084,0.39999999999999997,20,0,1.344209840659083e-09,0.004430413246154785
one_at_a_time,lambda_cost,0.5,,3,20320805,osqp,1.0,5.0,0.5,0.5,-0.0403674850918744,0.03188948486225293,-0.05942955375360969,-0.013124394778942245,0.0002969785784246089,0.05942955375360969,0.07986173659801411,0.006377896972450586,0.02624878955788449,0.3999999999999999,0.0005939571568492179,0.105706389082592,0.3999999999999999,20,0,4.973361861226877e-10,0.004451114684343338
one_at_a_time,lambda_cost,1.0,,3,20320805,osqp,1.0,5.0,0.5,1.0,-0.04008141846406417,0.031952818366717095,-0.05954141725015722,-0.013039810106663895,0.0005469905260398473,0.05954141725015722,0.0799410012030336,0.006390563673343419,0.02607962021332779,0.4,0.0005469905260398473,0.10579079805409115,0.4,20,0,3.8768988019910466e-13,0.00433630496263504
one_at_a_time,lambda_cost,2.0,,3,20320805,osqp,1.0,5.0,0.5,2.0,-0.03958655949385169,0.032232127343431574,-0.05983538768802194,-0.012884328634515047,0.000901029485253722,0.05983538768802194,0.08028963487702703,0.006446425468686315,0.025768657269030094,0.3999999999999999,0.000450514742626861,0.1062906934686414,0.3999999999999999,20,0,3.9965733500402223e-10,0.004423506557941437
one_at_a_time,lambda_cost,5.0,,3,20320805,osqp,1.0,5.0,0.5,5.0,-0.03831921128903169,0.03208218855810766,-0.05973372838706316,-0.012712150512234155,0.002044479052157959,0.05973372838706316,0.08010266981581533,0.006416437711621532,0.02542430102446831,0.39999999995688185,0.0004088958104315918,0.10614193110981714,0.39999999995688185,20,0,1.4513879403876828e-09,0.004305440932512283
one_at_a_time,lambda_cost,10.0,,3,20320805,osqp,1.0,5.0,0.5,10.0,-0.036767972853192686,0.0346098270186683,-0.06086313464581187,-0.012707926897288915,0.0021932616712397935,0.06086313464581187,0.08319834976568742,0.00692196540373366,0.02541585379457783,0.30000000136658406,0.00021932616712397936,0.1115531483499724,0.30000000136658406,20,0,3.7938537034154507e-10,0.00431421771645546
one_at_a_time,lambda_cost,25.0,,3,20320805,osqp,1.0,5.0,0.5,25.0,-0.034666171721514524,0.037315970325007476,-0.06132029404614333,-0.012661793773436738,0.0019999457730580645,0.06132029404614333,0.08638977986429584,0.007463194065001496,0.025323587546873475,0.17155170485945448,7.999783092232258e-05,0.1178297821366042,0.17155170485945448,20,0,8.101824246209421e-11,0.004302147775888443
repository_profile,profile,,notebook_reference,3,20320805,osqp,1.0,5.0,0.5,1.0,-0.04008141846406417,0.031952818366717095,-0.05954141725015722,-0.013039810106663895,0.0005469905260398473,0.05954141725015722,0.0799410012030336,0.006390563673343419,0.02607962021332779,0.4,0.0005469905260398473,0.10579079805409115,0.4,20,0,3.8768988019910466e-13,0.00437062606215477
repository_profile,profile,,preset_balanced,3,20320805,osqp,1.0,5.0,0.0,1.0,-0.02733413453326419,0.03155860831313596,-0.0593359303701962,-0.0,0.000443187523796056,0.0593359303701962,0.07944634455169848,0.006311721662627191,0.025280986413798383,0.4,0.000443187523796056,0.10512124159449546,0.4,20,0,1.4701677236717003e-09,0.0044049546122550964
repository_profile,profile,,preset_growth,3,20320805,osqp,2.0,3.0,0.0,0.5,-0.11215781803161445,0.03130752164107134,-0.1436637044579852,-0.0,0.00019836478529940995,0.0718318522289926,0.1021559618770426,0.01043584054702378,0.0236158685962884,0.4,0.0003967295705988199,0.1396711043569662,0.4,20,0,1.5953571779608877e-09,0.004677440971136093
repository_profile,profile,,preset_income,3,20320805,osqp,0.5,4.0,2.0,1.0,-0.058675350765978976,0.025712402605619862,-0.029142957755768032,-0.05582316946568248,0.0005783738498516651,0.058285915511536064,0.08017543670853915,0.0064281006514049655,0.02791158473284124,0.39999999975521827,0.0005783738498516651,0.10753833005128641,0.39999999975521827,20,0,8.595516798326486e-10,0.00437057763338089
repository_profile,profile,,preset_drawdown_control,3,20320805,osqp,0.5,15.0,0.0,1.0,0.05801106162198761,0.08439544006443049,-0.026997309168388824,-0.0,0.0006129307259459441,0.05399461833677765,0.0750090839229625,0.005626362670962033,0.025356327021117366,0.3999999999999999,0.0006129307259459441,0.10154545065596213,0.3999999999999999,20,0,1.0185186027911186e-12,0.005103614181280136
repository_profile,profile,,preset_cost_sensitive,3,20320805,osqp,1.0,5.0,0.0,10.0,-0.02422060435171842,0.03551549938332141,-0.06167428551104422,-0.0,0.0019381817760043929,0.06167428551104422,0.08427989010828313,0.007103099876664281,0.024960822922109663,0.3000000006096655,0.0001938181776004393,0.11307542258266501,0.3000000006096655,20,0,3.8320374651235056e-10,0.004498694092035294
one_at_a_time,lambda_risk,0.5,,4,20320806,osqp,1.0,0.5,0.5,1.0,-0.08191295470419552,0.007237583991211708,-0.07954213535848846,-0.010026674976828959,0.00041827163991020654,0.07954213535848846,0.12031279226426181,0.014475167982423416,0.020053349953657918,0.4000000000000001,0.00041827163991020654,0.16497891536999837,0.4000000000000001,20,0,7.485261490497441e-10,0.0054123178124427795
one_at_a_time,lambda_risk,1.0,,4,20320806,osqp,1.0,1.0,0.5,1.0,-0.07476509319424665,0.01396193119755747,-0.07900994591129534,-0.010175314722713087,0.00045823624220431525,0.07900994591129534,0.11816061610180217,0.01396193119755747,0.020350629445426174,0.3999999996692876,0.00045823624220431525,0.1611235601876085,0.3999999996692876,20,0,7.885157232018214e-10,0.004507392644882202
one_at_a_time,lambda_risk,2.0,,4,20320806,osqp,1.0,2.0,0.5,1.0,-0.06112385475667871,0.02461661426074878,-0.07574146497967864,-0.010438970203791496,0.0004399661660426444,0.07574146497967864,0.11094281017882317,0.01230830713037439,0.020877940407582993,0.39999999898659405,0.0004399661660426444,0.1500664916487523,0.39999999898659405,20,0,8.536021611771361e-10,0.004289522767066956
one_at_a_time,lambda_risk,3.0,,4,20320806,osqp,1.0,3.0,0.5,1.0,-0.05052182216829142,0.02620941195056818,-0.06617792923469884,-0.011109693296630703,0.000556388412469935,0.06617792923469884,0.0934690892765592,0.008736470650189393,0.022219386593261406,0.3999999995380939,0.000556388412469935,0.12388735598100639,0.3999999995380939,20,0,1.2079000577536192e-09,0.004292163997888565
one_at_a_time,lambda_risk,5.0,,4,20320806,osqp,1.0,5.0,0.5,1.0,-0.03592742479299993,0.0333371631864617,-0.05938040568365631,-0.01046567991091244,0.0005814976151071178,0.05938040568365631,0.08165434855102538,0.0066674326372923405,0.02093135982182488,0.4,0.0005814976151071178,0.1063596775036921,0.4,20,0,7.707282034807861e-10,0.004409175366163254
one_at_a_time,lambda_risk,7.5,,4,20320806,osqp,1.0,7.5,0.5,1.0,-0.01936609901265705,0.04815861701469631,-0.057876382278646235,-0.010295062517265285,0.0006467287685581634,0.057876382278646235,0.08013207182703341,0.006421148935292841,0.02059012503453057,0.4,0.0006467287685581634,0.10461096521972833,0.4,20,0,2.656147940482967e-10,0.004389207810163498
one_at_a_time,lambda_risk,10.0,,4,20320806,osqp,1.0,10.0,0.5,1.0,-0.00359750463072653,0.0629597020030237,-0.05704150736826445,-0.01019953350788003,0.0006838342423942531,0.05704150736826445,0.07934714991921493,0.00629597020030237,0.02039906701576006,0.39999999999999997,0.0006838342423942531,0.10375567541880133,0.39999999999999997,20,0,3.064215547965432e-13,0.004470929503440857
one_at_a_time,lambda_risk,15.0,,4,20320806,osqp,1.0,15.0,0.5,1.0,0.027882308048125606,0.09443936091081102,-0.05703873187355755,-0.010202061371713844,0.0006837403825859767,0.05703873187355755,0.07934706922157912,0.0062959573940540685,0.020404122743427688,0.39999999999999997,0.0006837403825859767,0.10375815475743444,0.39999999999999997,20,0,4.3220982348657344e-13,0.004586499184370041
one_at_a_time,lambda_risk,25.0,,4,20320806,osqp,1.0,25.0,0.5,1.0,0.09083526711441443,0.15736960393529734,-0.0570222101776675,-0.010196402853567897,0.0006842762103525064,0.0570222101776675,0.07933967580858832,0.006294784157411894,0.020392805707135794,0.4,0.0006842762103525064,0.10377160232653232,0.4,20,0,1.7774670624248756e-13,0.004551015794277191
one_at_a_time,lambda_income,0.0,,4,20320806,osqp,1.0,5.0,0.0,1.0,-0.025567990304309993,0.03348388337145957,-0.05962200970529264,-0.0,0.0005701360295230758,0.05962200970529264,0.0818338357544843,0.006696776674291914,0.020446924130111722,0.39999999999999997,0.0005701360295230758,0.10646528037795402,0.39999999999999997,20,0,6.263757013069693e-10,0.004433032125234604
one_at_a_time,lambda_income,0.25,,4,20320806,osqp,1.0,5.0,0.25,1.0,-0.03072706017172599,0.03334297455823476,-0.059486391688701325,-0.005169043097740765,0.000585400056481338,0.059486391688701325,0.0816614652798182,0.006668594911646952,0.02067617239096306,0.39999999999999997,0.000585400056481338,0.10625351208372984,0.39999999999999997,20,0,1.7032201482525267e-09,0.0043668970465660095
one_at_a_time,lambda_income,0.5,,4,20320806,osqp,1.0,5.0,0.5,1.0,-0.03592742479299993,0.0333371631864617,-0.05938040568365631,-0.01046567991091244,0.0005814976151071178,0.05938040568365631,0.08165434855102538,0.0066674326372923405,0.02093135982182488,0.4,0.0005814976151071178,0.1063596775036921,0.4,20,0,7.707282034807861e-10,0.004381343722343445
one_at_a_time,lambda_income,1.0,,4,20320806,osqp,1.0,5.0,1.0,1.0,-0.0467184799041406,0.03490553008293182,-0.06008454586068345,-0.022157614111242944,0.0006181499848539742,0.06008454586068345,0.08355301321069375,0.006981106016586363,0.022157614111242944,0.3999999999965157,0.0006181499848539742,0.10950384302585427,0.3999999999965157,20,0,6.747177816457395e-11,0.004368938505649567
one_at_a_time,lambda_income,2.0,,4,20320806,osqp,1.0,5.0,2.0,1.0,-0.06913552172548847,0.03612923123225488,-0.06036734543020665,-0.045471477368483296,0.0005740698409466042,0.06036734543020665,0.0850049777745455,0.007225846246450975,0.022735738684241648,0.39999999966151895,0.0005740698409466042,0.11216460607703102,0.39999999966151895,20,0,4.1471145961757827e-10,0.00434546172618866
one_at_a_time,lambda_income,4.0,,4,20320806,osqp,1.0,5.0,4.0,1.0,-0.1152341416750886,0.039661855794303265,-0.06196110229371748,-0.0934708075703205,0.0005359123946461144,0.06196110229371748,0.08906386000427251,0.007932371158860653,0.023367701892580126,0.39999999999999997,0.0005359123946461144,0.11880512020294998,0.39999999999999997,20,0,4.64680037504106e-10,0.004456214606761932
one_at_a_time,lambda_cost,0.0,,4,20320806,osqp,1.0,5.0,0.5,0.0,-0.036512034469590886,0.03348148094615365,-0.05951500903764338,-0.010478506378101151,0.0,0.05951500903764338,0.08183089996590975,0.006696296189230729,0.020957012756202303,0.4,0.0005899599213436285,0.10656180131288762,0.4,20,0,1.0167024722118612e-09,0.004360955208539963
one_at_a_time,lambda_cost,0.5,,4,20320806,osqp,1.0,5.0,0.5,0.5,-0.03621904142101355,0.03337080444414947,-0.059417170642184644,-0.010464985457016792,0.0002923102340384209,0.059417170642184644,0.08169553775347765,0.0066741608888298935,0.020929970914033584,0.3999999999999999,0.0005846204680768418,0.10638892863151378,0.3999999999999999,20,0,1.0399961447582484e-09,0.0043790303170681
one_at_a_time,lambda_cost,1.0,,4,20320806,osqp,1.0,5.0,0.5,1.0,-0.03592742479299993,0.0333371631864617,-0.05938040568365631,-0.01046567991091244,0.0005814976151071178,0.05938040568365631,0.08165434855102538,0.0066674326372923405,0.02093135982182488,0.4,0.0005814976151071178,0.1063596775036921,0.4,20,0,7.707282034807861e-10,0.004384815692901611
one_at_a_time,lambda_cost,2.0,,4,20320806,osqp,1.0,5.0,0.5,2.0,-0.035348963885848114,0.03333659839292448,-0.05936508995723087,-0.01047270964866936,0.0011522373271276333,0.05936508995723087,0.08165365685984245,0.006667319678584896,0.02094541929733872,0.3999999999999999,0.0005761186635638167,0.1063940741890854,0.3999999999999999,20,0,3.3987360148479695e-10,0.0044111087918281555
one_at_a_time,lambda_cost,5.0,,4,20320806,osqp,1.0,5.0,0.5,5.0,-0.03363986786740104,0.03345115594744616,-0.05940463008533929,-0.010502787129158484,0.002816393399650577,0.05940463008533929,0.08179383344414927,0.006690231189489232,0.021005574258316968,0.39999999999999997,0.0005632786799301154,0.10667024867640784,0.39999999999999997,20,0,1.722266107506698e-09,0.004460364580154419
one_at_a_time,lambda_cost,10.0,,4,20320806,osqp,1.0,5.0,0.5,10.0,-0.03132803484185277,0.036848995235189135,-0.06096147341590838,-0.010399161497149239,0.0031836048360157107,0.06096147341590838,0.08584753372717138,0.007369799047037827,0.020798322994298478,0.34364669855489993,0.00031836048360157107,0.11338468642022698,0.34364669855489993,20,0,5.916754586277051e-10,0.004362326115369797
one_at_a_time,lambda_cost,25.0,,4,20320806,osqp,1.0,5.0,0.5,25.0,-0.02943584732960985,0.04375017787208834,-0.06514231247425287,-0.010012193491466106,0.001968480764020781,0.06514231247425287,0.09354162482241618,0.008750035574417668,0.020024386982932213,0.20000000000000034,7.873923056083124e-05,0.1249613427010636,0.20000000000000034,20,0,1.1102230246251565e-16,0.004348933696746826
repository_profile,profile,,notebook_reference,4,20320806,osqp,1.0,5.0,0.5,1.0,-0.03592742479299993,0.0333371631864617,-0.05938040568365631,-0.01046567991091244,0.0005814976151071178,0.05938040568365631,0.08165434855102538,0.0066674326372923405,0.02093135982182488,0.4,0.0005814976151071178,0.1063596775036921,0.4,20,0,7.707282034807861e-10,0.0044473521411418915
repository_profile,profile,,preset_balanced,4,20320806,osqp,1.0,5.0,0.0,1.0,-0.025567990304309993,0.03348388337145957,-0.05962200970529264,-0.0,0.0005701360295230758,0.05962200970529264,0.0818338357544843,0.006696776674291914,0.020446924130111722,0.39999999999999997,0.0005701360295230758,0.10646528037795402,0.39999999999999997,20,0,6.263757013069693e-10,0.004500981420278549
repository_profile,profile,,preset_growth,4,20320806,osqp,2.0,3.0,0.0,0.5,-0.1159706418107453,0.04184496109788372,-0.15803875989774396,-0.0,0.00022315698911494814,0.07901937994887198,0.11810300743825806,0.01394832036596124,0.020034057554658653,0.4,0.0004463139782298963,0.16109155741791698,0.4,20,0,1.5913332995082241e-09,0.004698213189840317
repository_profile,profile,,preset_income,4,20320806,osqp,0.5,4.0,2.0,1.0,-0.046396630140213536,0.027894721253570377,-0.029412484084150713,-0.04550461585650374,0.0006257485468705399,0.05882496816830143,0.08350856431164767,0.006973680313392594,0.02275230792825187,0.4,0.0006257485468705399,0.1106309545344375,0.4,20,0,5.069779457356205e-10,0.0044374018907547
repository_profile,profile,,preset_drawdown_control,4,20320806,osqp,0.5,15.0,0.0,1.0,0.06658341711815323,0.09442476266966116,-0.028527537078410683,-0.0,0.000686191526902767,0.057055074156821366,0.07934093633161517,0.006294984177977411,0.020302522589246218,0.39999999999999997,0.000686191526902767,0.10374820748055144,0.39999999999999997,20,0,3.83026943495679e-14,0.004545334726572037
repository_profile,profile,,preset_cost_sensitive,4,20320806,osqp,1.0,5.0,0.0,10.0,-0.02133157242970431,0.037504578114699164,-0.06175117842625821,-0.0,0.002915027881854739,0.06175117842625821,0.08660782656861811,0.007500915622939833,0.01905786728630816,0.3422474547977791,0.00029150278818547393,0.11438930790130508,0.3422474547977791,20,0,1.2244415759088412e-09,0.0044509656727313995
