measurement_tier,n_assets,runs,successful_runs,success_rate,scaling_schema_version,case_config_sha256,failure_reason,search_seconds_median,peak_rss_gib_median,factor_risk_gib,dense_covariance_gib,dense_to_factor_ratio,zero_breach_rate,relaxation_acceptance_rate,relaxation_bound_rate,relaxation_bound_runs,relaxation_fallback_rate,relative_gap_to_relaxation_median,relaxation_iterations_median,relaxation_requested_tolerance,relaxation_native_tolerance
repeated core,1000,3,3,1.0,2,11ef0ec876e9480c2e690279cfb909f53bd76ca29e66ec28dab415edc81d3df9,,1.095928430557251,0.4690132141113281,9.79304313659668e-05,0.007450580596923828,76.08034083992696,1.0,1.0,1.0,3,0.0,0.0103171549769552,1975.0,1e-09,1e-09
repeated core,10000,3,3,1.0,2,11ef0ec876e9480c2e690279cfb909f53bd76ca29e66ec28dab415edc81d3df9,,13.793499164283276,0.7317161560058594,0.0009696483612060547,0.7450580596923828,768.3796410130317,1.0,1.0,1.0,3,0.0,0.0211810015013285,20625.0,1e-09,1e-09
repeated core,20000,3,3,1.0,2,11ef0ec876e9480c2e690279cfb909f53bd76ca29e66ec28dab415edc81d3df9,,34.63159244507551,0.904438018798828,0.0019382238388061523,2.9802322387695312,1537.6099391106463,1.0,0.3333333333333333,0.3333333333333333,1,0.6666666666666666,0.0394044495575989,27253.0,1e-09,1e-09
repeated core,50000,3,3,1.0,2,11ef0ec876e9480c2e690279cfb909f53bd76ca29e66ec28dab415edc81d3df9,,43.749417673796415,2.2173995971679688,0.004843950271606445,18.62645149230957,3845.301963872619,1.0,0.0,0.0,0,1.0,,8270.0,1e-09,1e-09
repeated core,80000,3,3,1.0,2,11ef0ec876e9480c2e690279cfb909f53bd76ca29e66ec28dab415edc81d3df9,,42.5276395007968,1.6767616271972656,0.007749676704406738,47.6837158203125,6152.994200802966,1.0,0.0,0.0,0,1.0,,3619.0,1e-09,1e-09
repeated core,100000,3,3,1.0,2,11ef0ec876e9480c2e690279cfb909f53bd76ca29e66ec28dab415edc81d3df9,,47.27783890813589,2.351459503173828,0.009686827659606934,74.50580596923828,7691.455715674571,1.0,0.0,0.0,0,1.0,,2746.0,1e-09,1e-09
repeated core,150000,3,3,1.0,2,11ef0ec876e9480c2e690279cfb909f53bd76ca29e66ec28dab415edc81d3df9,,69.5944729745388,5.395469665527344,0.014529705047607422,167.63806343078613,11537.609530373142,1.0,0.0,0.0,0,1.0,,1634.0,1e-09,1e-09
repeated core,200000,3,3,1.0,2,11ef0ec876e9480c2e690279cfb909f53bd76ca29e66ec28dab415edc81d3df9,,65.09272448346019,4.147235870361328,0.01937258243560791,298.0232238769531,15383.763360798479,1.0,0.0,0.0,0,1.0,,1245.0,1e-09,1e-09
repeated core,300000,3,3,1.0,2,11ef0ec876e9480c2e690279cfb909f53bd76ca29e66ec28dab415edc81d3df9,,112.599794074893,10.6572265625,0.029058337211608887,670.5522537231445,23076.07103737708,1.0,0.0,0.0,0,1.0,,784.0,1e-09,1e-09
