circuit_family,case_id,backend,selected,transpiled_depth,transpiled_size,two_qubit_gates,operations_json,calibrated_operations,calibration_available,calibrated_log_error_exposure,two_qubit_log_error_exposure,readout_log_error_exposure,independent_error_success_proxy,circuit_sha256,transpile_seed,transpile_seconds
standard,"F=8, p=1",ibm_kingston,False,206,497,108,"{""barrier"": 1, ""cz"": 108, ""measure"": 8, ""rz"": 149, ""sx"": 231, ""x"": 1}",497,True,0.3002851361629321,0.18280294470331024,0.05432611944118753,0.7406070167292157,7b6d31cc7f919107e175c4fd1a7fc36728fbebf7ab99bc6c3c1fe4b7bce568b2,11,0.016990654170513153
standard,"F=8, p=1",ibm_kingston,False,223,515,106,"{""barrier"": 1, ""cz"": 106, ""measure"": 8, ""rz"": 167, ""sx"": 230, ""x"": 4}",515,True,0.2992927836752025,0.1804549429398918,0.05432611944118753,0.7413423247267152,25ae171cbf59e956f13cc7d4261b9012e7c1cada82208ba25dfeeb6d91232099,29,0.017106633633375168
standard,"F=8, p=1",ibm_kingston,False,190,512,106,"{""barrier"": 1, ""cz"": 106, ""measure"": 8, ""rz"": 159, ""sx"": 235, ""x"": 4}",512,True,0.28826002347406837,0.17853075698683693,0.04592374701249404,0.7495666619694256,23cbe8fb2eb43430a50e4d65f1ad19f5fcd93ce7c11f09e95868f393277c856c,47,0.017056673765182495
standard,"F=8, p=1",ibm_kingston,False,190,512,106,"{""barrier"": 1, ""cz"": 106, ""measure"": 8, ""rz"": 159, ""sx"": 235, ""x"": 4}",512,True,0.28826002347406837,0.17853075698683693,0.04592374701249404,0.7495666619694256,23cbe8fb2eb43430a50e4d65f1ad19f5fcd93ce7c11f09e95868f393277c856c,71,0.016663283109664917
standard,"F=8, p=1",ibm_kingston,False,185,499,101,"{""barrier"": 1, ""cz"": 101, ""measure"": 8, ""rz"": 161, ""sx"": 226, ""x"": 3}",499,True,0.27743201363481723,0.1703046788540407,0.04592374701249405,0.7577270779616827,116b30f87c4a5c38a4bad13998fe6643bdbc0caa5c930dbb71568a717cde1452,101,0.017693359404802322
standard,"F=8, p=1",ibm_kingston,False,211,495,110,"{""barrier"": 1, ""cz"": 110, ""measure"": 8, ""rz"": 142, ""sx"": 234, ""x"": 1}",495,True,0.3065240798985535,0.18824952353310664,0.05432611944118754,0.7360007951414941,08988d5bc1d7a570ab2ba89e6e9ec4db4327aece85891ae01543f108d2a24e23,131,0.011256884783506393
standard,"F=8, p=1",ibm_kingston,False,196,512,106,"{""barrier"": 1, ""cz"": 106, ""measure"": 8, ""rz"": 159, ""sx"": 235, ""x"": 4}",512,True,0.28835043562121415,0.1788622249909774,0.04592374701249405,0.7494988951016082,2d3739be0fa56d7a9275e1055052191a5dd640dd0bc27420c70f5519c3a47a8a,163,0.012641709297895432
standard,"F=8, p=1",ibm_kingston,False,211,495,110,"{""barrier"": 1, ""cz"": 110, ""measure"": 8, ""rz"": 142, ""sx"": 234, ""x"": 1}",495,True,0.3065240798985535,0.18824952353310664,0.05432611944118754,0.7360007951414941,559b1dcd52b277287bb07d01197b2b80e127f5e11202b0564b6214e8f3c5dfdd,197,0.010981850326061249
standard,"F=8, p=1",ibm_kingston,False,185,499,101,"{""barrier"": 1, ""cz"": 101, ""measure"": 8, ""rz"": 161, ""sx"": 226, ""x"": 3}",499,True,0.27743201363481723,0.1703046788540407,0.04592374701249405,0.7577270779616827,5adff3ad75b3db49630f3ae3ec8ba4029ae82765166481af3bfd9c0414c24af5,239,0.012729242444038391
standard,"F=8, p=1",ibm_kingston,False,205,540,119,"{""barrier"": 1, ""cz"": 119, ""measure"": 8, ""rz"": 159, ""sx"": 250, ""x"": 4}",540,True,0.334197755174734,0.20639148794059647,0.057518327236349455,0.715912192886859,490793ed828540a92cf5e61abaf5aba72d2c9c908ef511399369511d93ceac89,283,0.01295902207493782
standard,"F=8, p=1",ibm_kingston,True,171,497,101,"{""barrier"": 1, ""cz"": 101, ""measure"": 8, ""rz"": 159, ""sx"": 226, ""x"": 3}",497,True,0.2773572048197862,0.1699993414351495,0.04592374701249404,0.7577837647468111,725ddb216cff686ba732c62cfb4850972d84d95d00a34fa60ee1bbfc1c084ba5,337,0.013695284724235535
standard,"F=8, p=1",ibm_kingston,False,222,539,116,"{""barrier"": 1, ""cz"": 116, ""measure"": 8, ""rz"": 164, ""sx"": 250, ""x"": 1}",539,True,0.3086396878166494,0.19574269805774658,0.04592374701249405,0.7344453519656713,7c473b18b918f59ffad5a4573c159dc2870a89379486d123d2be2a906bc8fe5e,397,0.012704245746135712
standard,"F=12, p=1",ibm_kingston,False,326,803,165,"{""barrier"": 1, ""cz"": 165, ""measure"": 12, ""rz"": 255, ""sx"": 363, ""x"": 8}",803,True,0.5120918283504858,0.31511900908296475,0.09432952932774631,0.5992407580285748,24092d35817f886c7cfb2c5d42da752d520373bc48661a81459a0437599f14dd,11,0.019629471004009247
standard,"F=12, p=1",ibm_kingston,False,341,810,181,"{""barrier"": 1, ""cz"": 181, ""measure"": 12, ""rz"": 234, ""sx"": 379, ""x"": 4}",810,True,0.506950296956109,0.31447611472818277,0.08361829951732394,0.602329707358964,3e035d0fac422bd7835a6a96b6f75bf4027367274045886fba43cbee2e7f3ad6,29,0.019129280000925064
standard,"F=12, p=1",ibm_kingston,False,315,772,164,"{""barrier"": 1, ""cz"": 164, ""measure"": 12, ""rz"": 238, ""sx"": 351, ""x"": 7}",772,True,0.48683294951038814,0.30749071812898765,0.08300438826960632,0.6145696885374293,1dd0329d918a03c29a80b2e360df6ac914cfa9136782965f196f84897bdb40a8,47,0.017830368131399155
standard,"F=12, p=1",ibm_kingston,False,325,832,183,"{""barrier"": 1, ""cz"": 183, ""measure"": 12, ""rz"": 246, ""sx"": 383, ""x"": 8}",832,True,0.52812051135786,0.3104415832719818,0.11342800466011735,0.5897122863021174,85ce12483a9ce23692b309ba7f10f144baa744609e02c58c181a2db4a2145da5,71,0.016794268041849136
standard,"F=12, p=1",ibm_kingston,False,312,842,177,"{""barrier"": 1, ""cz"": 177, ""measure"": 12, ""rz"": 256, ""sx"": 392, ""x"": 5}",842,True,0.5129108425652197,0.3236394771591938,0.08029654621510221,0.5987501722554854,f39f7eea08e3cbc159f956b65d98d90e5b0cb2f580c2d0d5996748b204bb88a3,101,0.017540358006954193
standard,"F=12, p=1",ibm_kingston,False,307,816,180,"{""barrier"": 1, ""cz"": 180, ""measure"": 12, ""rz"": 241, ""sx"": 379, ""x"": 4}",816,True,0.5284189991190198,0.31482166817844676,0.11047324276922323,0.5895362906696285,7b7dbc7e1a05e02d271b50cb8a2e477c9652b097ec6bbf66cc45b1f111d53653,131,0.01896609365940094
standard,"F=12, p=1",ibm_kingston,False,326,798,171,"{""barrier"": 1, ""cz"": 171, ""measure"": 12, ""rz"": 246, ""sx"": 368, ""x"": 1}",798,True,0.5049070727093548,0.28906208543365924,0.11342800466011733,0.6035616601709156,df1da23a9fcada5225b75530f011b3d96f1ea23dbb653ad184470d71fef4b5f1,163,0.017515741288661957
standard,"F=12, p=1",ibm_kingston,False,327,861,190,"{""barrier"": 1, ""cz"": 190, ""measure"": 12, ""rz"": 250, ""sx"": 405, ""x"": 4}",861,True,0.5316291556369517,0.31545912417261657,0.11132734399387377,0.5876468212724265,fe5d53412162231d5c3ed7b24016697f9125a509da65c33c84460c0534abf1bf,197,0.017056211829185486
standard,"F=12, p=1",ibm_kingston,False,343,795,173,"{""barrier"": 1, ""cz"": 173, ""measure"": 12, ""rz"": 235, ""sx"": 366, ""x"": 9}",795,True,0.49378969599681904,0.28382136128295016,0.1072779237747796,0.6103091200464427,fe1b6907ef5dc77bff786d59ee8f3bfa8448f2cf166aec8e4bbddf98941c0224,239,0.01636858657002449
standard,"F=12, p=1",ibm_kingston,False,292,803,157,"{""barrier"": 1, ""cz"": 157, ""measure"": 12, ""rz"": 263, ""sx"": 366, ""x"": 5}",803,True,0.4757245698363729,0.28008760540632804,0.08422614893954634,0.6214346205172716,6ea1a28549bb9ea364c7dc89deeca1cbe6431a9f5b783c6301f8abe52d8ccd71,283,0.020150471478700638
standard,"F=12, p=1",ibm_kingston,False,323,799,173,"{""barrier"": 1, ""cz"": 173, ""measure"": 12, ""rz"": 233, ""sx"": 375, ""x"": 6}",799,True,0.5150599109047282,0.32999014240503505,0.08411294262799296,0.5974647988893262,fc784350839b4aa7a02073a1f6e55a60ff8887f6c97cbd9125c887ef955db08d,337,0.016970820724964142
standard,"F=12, p=1",ibm_kingston,True,304,782,162,"{""barrier"": 1, ""cz"": 162, ""measure"": 12, ""rz"": 242, ""sx"": 360, ""x"": 6}",782,True,0.4749296239859229,0.30116679874138474,0.07227118589739003,0.6219288237965753,fd0117a80100a5990459bdfa2551986e4205b597dac2fc1fb89671891556f5c1,397,0.016459345817565918
standard,"F=12, p=2",ibm_kingston,False,640,1648,350,"{""barrier"": 1, ""cz"": 350, ""measure"": 12, ""rz"": 505, ""sx"": 774, ""x"": 7}",1648,True,0.9657309633938734,0.6752286388253506,0.07968870043532517,0.38070481672293943,5c3c9829b317833c9b1bd8c6519061b5ab6fd049c7fc6e92696aebe457d5863c,11,0.036750830709934235
standard,"F=12, p=2",ibm_kingston,False,640,1627,342,"{""barrier"": 1, ""cz"": 342, ""measure"": 12, ""rz"": 505, ""sx"": 757, ""x"": 11}",1627,True,0.9315172114069173,0.6445251546969208,0.07968870043532517,0.3939555428696074,7847de8fd91c97b5849e3301596d57803b51337a31f973f2ed8ff202c20d238d,29,0.028730709105730057
standard,"F=12, p=2",ibm_kingston,True,621,1576,321,"{""barrier"": 1, ""cz"": 321, ""measure"": 12, ""rz"": 499, ""sx"": 735, ""x"": 9}",1576,True,0.8924499850431352,0.6114860165443555,0.07968870043532517,0.4096508837598634,75875d9979087d381931739c1df2e0959e62f253f4559f749ded677161f30a00,47,0.034834012389183044
standard,"F=12, p=2",ibm_kingston,False,602,1640,344,"{""barrier"": 1, ""cz"": 344, ""measure"": 12, ""rz"": 502, ""sx"": 776, ""x"": 6}",1640,True,0.9641841283718154,0.680551286500507,0.07968870043532517,0.3812941599573801,8213c626d4ee9cd6566447423e343c7805717ec783aa8f286d123376cdf29047,71,0.032309580594301224
standard,"F=12, p=2",ibm_kingston,False,609,1578,323,"{""barrier"": 1, ""cz"": 323, ""measure"": 12, ""rz"": 496, ""sx"": 735, ""x"": 12}",1578,True,0.8938731244001186,0.6155888078205165,0.07968870043532517,0.4090683081060579,f5ad8de1b48fecb9fa125dfd7c11789482a45dba3cc870a35a961060afef6441,101,0.03481009602546692
standard,"F=12, p=2",ibm_kingston,False,609,1612,336,"{""barrier"": 1, ""cz"": 336, ""measure"": 12, ""rz"": 505, ""sx"": 747, ""x"": 12}",1612,True,0.9138274278960209,0.6336465064588399,0.07968870043532517,0.400986536161632,5208240c6812f8bcb8152da18fc8bb8bd37cb81fd234c00f084a7e01b675adc3,131,0.03080817684531212
standard,"F=12, p=2",ibm_kingston,False,616,1616,338,"{""barrier"": 1, ""cz"": 338, ""measure"": 12, ""rz"": 497, ""sx"": 762, ""x"": 7}",1616,True,0.932318788364534,0.6439515695174055,0.07968870043532517,0.39363988371357234,ef8d71a613f7b28db01d113229a200d1fdee809de75809a86653861b05ddf11b,163,0.028893698006868362
standard,"F=12, p=2",ibm_kingston,False,787,1665,368,"{""barrier"": 1, ""cz"": 368, ""measure"": 12, ""rz"": 499, ""sx"": 780, ""x"": 6}",1665,True,0.9435335192927864,0.6172107706745388,0.10985567338241752,0.38924998013861384,c05d7e1f125d2541cf78dfb8a4cc3511c01fd0afabe3a36710b36f6cc4e63b67,197,0.03483463078737259
standard,"F=12, p=2",ibm_kingston,False,757,1689,392,"{""barrier"": 1, ""cz"": 392, ""measure"": 12, ""rz"": 469, ""sx"": 809, ""x"": 7}",1689,True,1.0358327132852787,0.743065181370779,0.08115538928365915,0.35493070232310936,0665da0f51646abaa5332042d2800644aa9bbe8fa18a04fddb45c5b5b0733929,239,0.025432061403989792
standard,"F=12, p=2",ibm_kingston,False,582,1560,324,"{""barrier"": 1, ""cz"": 324, ""measure"": 12, ""rz"": 484, ""sx"": 727, ""x"": 13}",1560,True,0.8993426014402085,0.6206689463923996,0.07968870043532517,0.40683702592281,c1179f2f7ac22bf79cd78ebffc3b9246ddb84c0b8f8ef3f221c049faf0ecc396,283,0.029896974563598633
standard,"F=12, p=2",ibm_kingston,False,592,1596,325,"{""barrier"": 1, ""cz"": 325, ""measure"": 12, ""rz"": 500, ""sx"": 751, ""x"": 8}",1596,True,0.9139198037560162,0.6303264619921805,0.07968870043532517,0.40094949639632393,22e071f674a9d7a0003b7be5fd4656ff14dbaf3fd9a56d518f12f4ee48371eb0,337,0.0334162600338459
standard,"F=12, p=2",ibm_kingston,False,640,1617,340,"{""barrier"": 1, ""cz"": 340, ""measure"": 12, ""rz"": 500, ""sx"": 754, ""x"": 11}",1617,True,0.9343969612882435,0.6465351357646595,0.07968870043532517,0.3928226814035149,2e2daa84d60acd1f6847b4c83bd0256fd1437b9079136069f2d4fe9e0204eba6,397,0.03414387255907059
standard,"F=12, p=3",ibm_kingston,False,913,2361,490,"{""barrier"": 1, ""cz"": 490, ""measure"": 12, ""rz"": 733, ""sx"": 1111, ""x"": 15}",2361,True,1.3420108724984947,0.960691457574705,0.07968870043532518,0.26131965937250073,c37c6b1766f0b1207eef46c91ca3f0190f3f8bb718fd00d13464cb4ad3ba25d9,11,0.044669970870018005
standard,"F=12, p=3",ibm_kingston,False,929,2396,505,"{""barrier"": 1, ""cz"": 505, ""measure"": 12, ""rz"": 732, ""sx"": 1136, ""x"": 11}",2396,True,1.3745955487851453,0.9858934845983036,0.07968870043532517,0.2529418777690712,cb24cb2b102a72560d98b35d63459ff3a4a2c45862d7ef47804df96fae326111,29,0.04403337091207504
standard,"F=12, p=3",ibm_kingston,False,925,2416,502,"{""barrier"": 1, ""cz"": 502, ""measure"": 12, ""rz"": 741, ""sx"": 1146, ""x"": 15}",2416,True,1.3758015541361552,0.9866123104645891,0.07968870043532518,0.2526370123825818,9b09a73463c821e400ee5541de6bf7f1f6512bffcc2ce939cc96c8b65e142d53,47,0.04213821887969971
standard,"F=12, p=3",ibm_kingston,False,959,2411,504,"{""barrier"": 1, ""cz"": 504, ""measure"": 12, ""rz"": 735, ""sx"": 1145, ""x"": 15}",2411,True,1.3602690898183794,0.9770136782371431,0.07968870043532517,0.25659172144318443,0cee859435a98f2621c854074a77d73e903e793fa77f5499ab863a644a9ab0e7,71,0.04911692440509796
standard,"F=12, p=3",ibm_kingston,True,923,2339,483,"{""barrier"": 1, ""cz"": 483, ""measure"": 12, ""rz"": 729, ""sx"": 1105, ""x"": 10}",2339,True,1.3185958358237726,0.9412439221232334,0.07968870043532518,0.267510667262653,72fda46df9554aa90f23e30c0b66c92ec5e27ea2147c86730c4d0c040af24dab,101,0.03866758942604065
standard,"F=12, p=3",ibm_kingston,False,941,2414,509,"{""barrier"": 1, ""cz"": 509, ""measure"": 12, ""rz"": 733, ""sx"": 1146, ""x"": 14}",2414,True,1.3891451200645293,1.0052043129313981,0.07968870043532517,0.24928832515253033,10e9821265f249235797bbf33ee414905b6a8e15cfe8d4777a0d441a01c3c36c,131,0.044456418603658676
standard,"F=12, p=3",ibm_kingston,False,946,2367,493,"{""barrier"": 1, ""cz"": 493, ""measure"": 12, ""rz"": 732, ""sx"": 1117, ""x"": 13}",2367,True,1.3381302134366233,0.9503382166557472,0.07968870043532517,0.2623357220980842,90dff022043b8ee1f7657cc198824b30b5c2e2fc9ba621ef1da0c2f8e02ca8b9,163,0.04314897581934929
standard,"F=12, p=3",ibm_kingston,False,986,2436,524,"{""barrier"": 1, ""cz"": 524, ""measure"": 12, ""rz"": 737, ""sx"": 1154, ""x"": 9}",2436,True,1.4083169211770739,1.0156903934349342,0.07968870043532517,0.2445545415361268,8d86964660cacafa36dd5be31c107f2fb68bcf42efb71cbf6acc9bef4bb0d9bc,197,0.041765421628952026
standard,"F=12, p=3",ibm_kingston,False,974,2476,535,"{""barrier"": 1, ""cz"": 535, ""measure"": 12, ""rz"": 746, ""sx"": 1171, ""x"": 12}",2476,True,1.4411236750438923,1.0405912313885741,0.07968870043532517,0.23666167839437194,e46677f0800e6e370e42095c2b9392242f869cd21d6f92753c07428b746ea359,239,0.26035621762275696
standard,"F=12, p=3",ibm_kingston,False,936,2394,510,"{""barrier"": 1, ""cz"": 510, ""measure"": 12, ""rz"": 726, ""sx"": 1131, ""x"": 15}",2394,True,1.3719128930901552,0.9855699893676185,0.07968870043532518,0.2536213447184205,8f0965962f5d54f5f650e06fa82126081d175d2d52fdbedc12c935954b157863,283,0.04655282571911812
standard,"F=12, p=3",ibm_kingston,False,995,2434,529,"{""barrier"": 1, ""cz"": 529, ""measure"": 12, ""rz"": 713, ""sx"": 1163, ""x"": 17}",2434,True,1.414312673394711,1.0222321846052238,0.07968870043532517,0.24309264008032028,2df530caeb54434e40c5eea2b2217afd1cb8f80667ed2891d80d109c12ae129b,337,0.04221298545598984
standard,"F=12, p=3",ibm_kingston,False,929,2348,489,"{""barrier"": 1, ""cz"": 489, ""measure"": 12, ""rz"": 726, ""sx"": 1112, ""x"": 9}",2348,True,1.3329627228982786,0.951955363036857,0.07968870043532518,0.2636948480708091,07dd30ff21b205257da6f57445db129f8b4b3c635962459afcc4c91b1dd086b0,397,0.038546252995729446
standard,"F=16, p=1",ibm_kingston,False,395,944,206,"{""barrier"": 1, ""cz"": 206, ""measure"": 16, ""rz"": 276, ""sx"": 443, ""x"": 3}",944,True,0.608636260134496,0.3537068992880469,0.13398178420887205,0.5440923638036556,2b0fdedf96427db330f1b1bf43932f19368b01c640fc6121a329ee6147935282,11,0.02134208008646965
standard,"F=16, p=1",ibm_kingston,False,402,968,212,"{""barrier"": 1, ""cz"": 212, ""measure"": 16, ""rz"": 280, ""sx"": 450, ""x"": 10}",968,True,0.62060406906082,0.36400895033278163,0.1254572159096058,0.537619580131533,b79e073ef800a6d41403199fa6965b08d64c24a42734a800735b01b8194ed2c1,29,0.024982769042253494
standard,"F=16, p=1",ibm_kingston,False,396,957,211,"{""barrier"": 1, ""cz"": 211, ""measure"": 16, ""rz"": 275, ""sx"": 451, ""x"": 4}",957,True,0.6407883259942229,0.4184537206441323,0.10897684882605875,0.5268769095205869,3dd97150537e18a4c70d8e6ab93921dfcf0bd903e83f4842b5fead05424d19ef,47,0.020760811865329742
standard,"F=16, p=1",ibm_kingston,False,415,980,213,"{""barrier"": 1, ""cz"": 213, ""measure"": 16, ""rz"": 291, ""sx"": 453, ""x"": 7}",980,True,0.6415439769106086,0.37667130260547055,0.13621465508920547,0.5264789248887487,42ea1d88856617649d6e69b9cd3caee7005864fa3b66c7475ac89df31a8f101c,71,0.018918905407190323
standard,"F=16, p=1",ibm_kingston,False,325,892,192,"{""barrier"": 1, ""cz"": 192, ""measure"": 16, ""rz"": 265, ""sx"": 413, ""x"": 6}",892,True,0.6928104142253285,0.39904149333799355,0.17486834694136277,0.5001684115233824,01f91443294684cc19148278a4e9de036dade2b1b3b48e070930e7a7c47123de,101,0.018159132450819016
standard,"F=16, p=1",ibm_kingston,False,394,991,207,"{""barrier"": 1, ""cz"": 207, ""measure"": 16, ""rz"": 294, ""sx"": 465, ""x"": 9}",991,True,0.754784700583588,0.43974522216454226,0.17172275009559254,0.47011181863577683,1829739ab3db2de4483f23106dbe6d82352bd72177ed810115be7c291329733e,131,0.022467851638793945
standard,"F=16, p=1",ibm_kingston,False,365,918,196,"{""barrier"": 1, ""cz"": 196, ""measure"": 16, ""rz"": 271, ""sx"": 426, ""x"": 9}",918,True,0.6025747233784815,0.3808392424468433,0.10897684882605875,0.5474004154751575,cc32d0b4cad730b0beb4b89ec2c85af536cd10a444741cf505d2dd65318b3e84,163,0.020053662359714508
standard,"F=16, p=1",ibm_kingston,False,420,977,221,"{""barrier"": 1, ""cz"": 221, ""measure"": 16, ""rz"": 268, ""sx"": 465, ""x"": 7}",977,True,0.6523875513594043,0.38096176097549433,0.14146497713769116,0.5208008524088343,dfd8ef7e080ae31420bf808959dcd94471d135b9f8f88dc0dc2cf128f3f1de43,197,0.019731301814317703
standard,"F=16, p=1",ibm_kingston,False,405,945,216,"{""barrier"": 1, ""cz"": 216, ""measure"": 16, ""rz"": 257, ""sx"": 450, ""x"": 6}",945,True,0.6544469913229577,0.42537402914810024,0.1045650851184175,0.5197293979970443,ca889fde02abdbf35b9e851b5335b160cd305599a2536b3594079d4ffb079487,239,0.01941867545247078
standard,"F=16, p=1",ibm_kingston,False,406,950,203,"{""barrier"": 1, ""cz"": 203, ""measure"": 16, ""rz"": 279, ""sx"": 447, ""x"": 5}",950,True,0.6119012716400521,0.35510735279978317,0.13742876619118133,0.5423187929159946,58e0fbee79ec0a7b9db6cf98d06e444c8c5bec5899e58e68f1ea80cbd0091824,283,0.01771916076540947
standard,"F=16, p=1",ibm_kingston,False,405,983,219,"{""barrier"": 1, ""cz"": 219, ""measure"": 16, ""rz"": 271, ""sx"": 471, ""x"": 6}",983,True,0.6717270782697113,0.4260436022401334,0.11536956169559935,0.5108255797442718,beeba83059a7d8ab65fb13936f1f4283e49c135cfff11ae03ebed32979ddc207,337,0.01856134831905365
standard,"F=16, p=1",ibm_kingston,True,372,926,198,"{""barrier"": 1, ""cz"": 198, ""measure"": 16, ""rz"": 274, ""sx"": 430, ""x"": 8}",926,True,0.5765119164375269,0.3522029142571504,0.10554230661502889,0.5618547488834134,0acfa5b934157de052e2578471c34fc680d42b988d82a4e57939f074c98fc8a4,397,0.01746397837996483
standard,"F=16, p=2",ibm_kingston,True,832,1848,411,"{""barrier"": 1, ""cz"": 411, ""measure"": 16, ""rz"": 521, ""sx"": 890, ""x"": 10}",1848,True,1.0909739624314942,0.7003856306421256,0.13656502037009993,0.3358891908892116,9c92a4687e21c482533a2e85982215ad3cea47bade87c2aef179d77bac18dc62,11,0.03205646947026253
standard,"F=16, p=2",ibm_kingston,False,923,1918,436,"{""barrier"": 1, ""cz"": 436, ""measure"": 16, ""rz"": 515, ""sx"": 943, ""x"": 8}",1918,True,1.2156352401028874,0.7408485721522045,0.20965007754038348,0.29652159204705736,8e39c4e2bd9edba3958de3d4ccf500a570898354d89f5317b0154ba640a2874b,29,0.0328029990196228
standard,"F=16, p=2",ibm_kingston,False,773,1869,421,"{""barrier"": 1, ""cz"": 421, ""measure"": 16, ""rz"": 520, ""sx"": 905, ""x"": 7}",1869,True,1.1481973506955723,0.7700533670299615,0.13557976720523415,0.31720806920304045,4a2c4dadc4f1af65e1c33ca501523d741591491eb903934afa067e055a5ad808,47,0.03438185155391693
standard,"F=16, p=2",ibm_kingston,False,831,1836,406,"{""barrier"": 1, ""cz"": 406, ""measure"": 16, ""rz"": 517, ""sx"": 888, ""x"": 9}",1836,True,1.1479448538497117,0.7504602413691819,0.1429710225386419,0.3172881733525927,109bbbb431f1ce2cfb1260a2183fd64830b80809b99431349d4277f0e68e0c16,71,0.03596232086420059
standard,"F=16, p=2",ibm_kingston,False,799,1871,426,"{""barrier"": 1, ""cz"": 426, ""measure"": 16, ""rz"": 499, ""sx"": 922, ""x"": 8}",1871,True,1.1773233844380127,0.8231145798966766,0.11365408523029658,0.3081023073515166,16cdd7dab0fe906b06334fc5869c3ccb4306e0be011ffc0763327dee5d191b5d,101,0.034157514572143555
standard,"F=16, p=2",ibm_kingston,False,833,1890,417,"{""barrier"": 1, ""cz"": 417, ""measure"": 16, ""rz"": 543, ""sx"": 899, ""x"": 15}",1890,True,1.12033134310787,0.7342083797531498,0.1337384247918779,0.3261717019707205,85495e4d3e1b7d3cfebe072aad2ae219c2844b11badeff4192b933a05e682815,131,0.03236565738916397
standard,"F=16, p=2",ibm_kingston,False,769,1765,385,"{""barrier"": 1, ""cz"": 385, ""measure"": 16, ""rz"": 510, ""sx"": 849, ""x"": 5}",1765,True,1.1100211017270216,0.6384717048154784,0.24036494224388338,0.3295520068853279,bd496d7a4fe13c8ccfd7643b29b678acd865b8869ad5bb6e52f70b2476e38474,163,0.034961603581905365
standard,"F=16, p=2",ibm_kingston,False,810,1823,407,"{""barrier"": 1, ""cz"": 407, ""measure"": 16, ""rz"": 502, ""sx"": 887, ""x"": 11}",1823,True,1.092619316814825,0.7511292064547966,0.10369330762908174,0.3353369885455184,925fdd3db6ac0190774f69b603a0e664fa4dfae7c2f174edd6a7a6a9e466217b,197,0.032557420432567596
standard,"F=16, p=2",ibm_kingston,False,751,1831,407,"{""barrier"": 1, ""cz"": 407, ""measure"": 16, ""rz"": 503, ""sx"": 896, ""x"": 9}",1831,True,1.1553372381329678,0.689720446612767,0.1762104458223297,0.3149513054015541,54fc9ecf38e93c0c1f3a433eaaecd2c6bcf1f4a0f7278ab78f289f9cdb9c8593,239,0.031828004866838455
standard,"F=16, p=2",ibm_kingston,False,810,1883,421,"{""barrier"": 1, ""cz"": 421, ""measure"": 16, ""rz"": 528, ""sx"": 907, ""x"": 11}",1883,True,1.1369792788115831,0.737829281838667,0.14492384664161048,0.3207865665176358,e7a32dbc2a22ffc8eb697417a43e5b544feb5c3a7078b0af4abaded21fac357b,283,0.030545208603143692
standard,"F=16, p=2",ibm_kingston,False,878,1975,448,"{""barrier"": 1, ""cz"": 448, ""measure"": 16, ""rz"": 537, ""sx"": 964, ""x"": 10}",1975,True,1.2440559934640465,0.8428667998555729,0.1375464703384956,0.28821285456942647,635d6093eea7e481d0429c8fad8baf6868d29103899f3584e622a1c557e690e0,337,0.03456926345825195
standard,"F=16, p=2",ibm_kingston,False,811,1863,418,"{""barrier"": 1, ""cz"": 418, ""measure"": 16, ""rz"": 506, ""sx"": 911, ""x"": 12}",1863,True,1.2154780960465617,0.7712958738966659,0.17669946636599843,0.2965681923142014,e9a9c20c4b346831027aec9d1c9114b8ac6b9b6b1cf47c301e85adc47584c989,397,0.03193860501050949
standard,"F=20, p=1",ibm_kingston,False,398,1026,196,"{""barrier"": 1, ""cz"": 196, ""measure"": 20, ""rz"": 335, ""sx"": 468, ""x"": 7}",1026,True,0.7320389567679233,0.4254862619133677,0.16920947666636227,0.4809273995437464,73cee36348add4efd8859e189199b6e876e0189030a8c4b975abe6809549028d,11,0.02463015541434288
standard,"F=20, p=1",ibm_kingston,False,495,1087,238,"{""barrier"": 1, ""cz"": 238, ""measure"": 20, ""rz"": 310, ""sx"": 516, ""x"": 3}",1087,True,0.8820781812436247,0.5603941235990836,0.18150141946588297,0.4139218126841535,eca8e2f0962b37100ba4df166d255bf9a6c154754ed720806e00f119d66bf7d9,29,0.023404456675052643
standard,"F=20, p=1",ibm_kingston,False,389,1085,216,"{""barrier"": 1, ""cz"": 216, ""measure"": 20, ""rz"": 336, ""sx"": 506, ""x"": 7}",1085,True,0.7300801601733704,0.37332220327737736,0.19155689541941628,0.4818703617302567,fbc88f0e8e1fdf1b4ea7478d8316d72894df0f9479c67ef5f6b62c76c37e7f1d,47,0.024939734488725662
standard,"F=20, p=1",ibm_kingston,False,455,1069,226,"{""barrier"": 1, ""cz"": 226, ""measure"": 20, ""rz"": 324, ""sx"": 494, ""x"": 5}",1069,True,0.8358644259883939,0.48296879094661344,0.24420403657774586,0.4334995911113519,679c011622326feeec5f9ccd5b2116b0125fcb7827461f36d0ef2ea27c5855a3,71,0.024840112775564194
standard,"F=20, p=1",ibm_kingston,False,456,1118,236,"{""barrier"": 1, ""cz"": 236, ""measure"": 20, ""rz"": 334, ""sx"": 522, ""x"": 6}",1118,True,0.8600813891620631,0.4458831483591584,0.304048031902769,0.4231276429119683,a9ed779ad4e017c51b1869a4446e198a5fd4a69cf94149288cfaad6b0c948285,101,0.02339254692196846
standard,"F=20, p=1",ibm_kingston,False,473,1042,219,"{""barrier"": 1, ""cz"": 219, ""measure"": 20, ""rz"": 321, ""sx"": 478, ""x"": 4}",1042,True,0.720514306292739,0.4179947192340778,0.16487267676715223,0.4865019805763456,d96552ad629111e06df0b7bd365ec256e9a80761d697c71c2b406814221d481a,131,0.02084420993924141
standard,"F=20, p=1",ibm_kingston,False,478,1058,228,"{""barrier"": 1, ""cz"": 228, ""measure"": 20, ""rz"": 306, ""sx"": 497, ""x"": 7}",1058,True,0.7196495598025509,0.4162881245936167,0.15775430186387793,0.4869228634087671,6cff9bbc3998fd38006b2a6ec3583b20c2fb1d0acf53e368bc450d911fbdd6b6,163,0.01987374946475029
standard,"F=20, p=1",ibm_kingston,False,430,1085,222,"{""barrier"": 1, ""cz"": 222, ""measure"": 20, ""rz"": 331, ""sx"": 507, ""x"": 5}",1085,True,0.7211856369909183,0.3751698154942269,0.21979309626366766,0.486175486467081,3a7f698977d59dd59c1e06ae3f70ae5c941f1b91286fdab0276da9b693cfe20a,197,0.022614888846874237
standard,"F=20, p=1",ibm_kingston,False,419,1075,210,"{""barrier"": 1, ""cz"": 210, ""measure"": 20, ""rz"": 348, ""sx"": 492, ""x"": 5}",1075,True,0.7597330286639721,0.4197632000808411,0.20489964554848974,0.4677912972083837,1b6786a5ae462d0152720e8cc2ee7bf8300c96dbed70ce8f4136c25f2dd6bd67,239,0.023983392864465714
standard,"F=20, p=1",ibm_kingston,False,402,1034,203,"{""barrier"": 1, ""cz"": 203, ""measure"": 20, ""rz"": 328, ""sx"": 478, ""x"": 5}",1034,True,0.6931433156212509,0.3832638072329795,0.16205128483556636,0.5000019324730817,b11d4c90049399d5bfbae5a5c338224e91d7f34ce19215ece815abb8ae550df0,283,0.024163413792848587
standard,"F=20, p=1",ibm_kingston,True,358,944,180,"{""barrier"": 1, ""cz"": 180, ""measure"": 20, ""rz"": 317, ""sx"": 424, ""x"": 3}",944,True,0.6709985055962235,0.31505657578070806,0.2408287556218996,0.5111978889132662,4ad8df2f7ee2902461767449f011464cf7698aacb9e621e0192196f61e46875d,337,0.02144351229071617
standard,"F=20, p=1",ibm_kingston,False,471,1115,241,"{""barrier"": 1, ""cz"": 241, ""measure"": 20, ""rz"": 325, ""sx"": 523, ""x"": 6}",1115,True,0.8940561952886299,0.5075636387076901,0.269312718297093,0.40899342646196474,522f0ff2ef4b80fadb369887224fdb5397cc0b0f8185bf8a2704ff108dfcd0f0,397,0.036441370844841
standard,"F=20, p=2",ibm_kingston,False,859,1986,427,"{""barrier"": 1, ""cz"": 427, ""measure"": 20, ""rz"": 571, ""sx"": 958, ""x"": 10}",1986,True,1.271110328591095,0.7504073060870793,0.2176098938004971,0.2805199794441494,602f459b1d73ce27584cf22b269372498b735b8e7ee736a1b18e66daf69da1b1,11,0.03587859496474266
standard,"F=20, p=2",ibm_kingston,True,843,1897,396,"{""barrier"": 1, ""cz"": 396, ""measure"": 20, ""rz"": 574, ""sx"": 893, ""x"": 14}",1897,True,1.1605842266728037,0.691630995404834,0.19898564321723472,0.31330308738343904,de7eec005ad451aef4e70f51161a610fc444c78e7b7d4b1ac1392bded12457b7,29,0.04101463407278061
standard,"F=20, p=2",ibm_kingston,False,804,1840,393,"{""barrier"": 1, ""cz"": 393, ""measure"": 20, ""rz"": 529, ""sx"": 893, ""x"": 5}",1840,True,1.2154457669608558,0.7209863559533145,0.22425298156222007,0.2965777802476921,9f0852885dd07f061cbc7cc3b58355d87757789eedc8718f55a5b4ee8743ce16,47,0.032869547605514526
standard,"F=20, p=2",ibm_kingston,False,889,1895,406,"{""barrier"": 1, ""cz"": 406, ""measure"": 20, ""rz"": 542, ""sx"": 920, ""x"": 7}",1895,True,1.328973340298944,0.907194698755868,0.18175331310072496,0.2647489288770608,435896f0c61bd012e131db78a61d7807d408bc974b6a6160155d83f3fbaf30a3,71,0.04249265417456627
standard,"F=20, p=2",ibm_kingston,False,713,1884,380,"{""barrier"": 1, ""cz"": 380, ""measure"": 20, ""rz"": 579, ""sx"": 894, ""x"": 11}",1884,True,1.1782882277787001,0.7589861014294117,0.1599658234713782,0.30780518025561815,8e05c2fdc88fed535729024ea2441bfd4b89cdc32b465bb0804268e600208c0e,101,0.038123153150081635
standard,"F=20, p=2",ibm_kingston,False,887,1983,432,"{""barrier"": 1, ""cz"": 432, ""measure"": 20, ""rz"": 548, ""sx"": 977, ""x"": 6}",1983,True,1.2393852799137157,0.821323475560951,0.15480013931884312,0.2895621629180444,f8a35870e950b9ac01f47390a105ba7be738236bd1b96c03a02d2d2b154b8616,131,0.034159619361162186
standard,"F=20, p=2",ibm_kingston,False,830,1981,429,"{""barrier"": 1, ""cz"": 429, ""measure"": 20, ""rz"": 573, ""sx"": 951, ""x"": 8}",1981,True,1.3586486674289435,0.8328160215068354,0.23387163605584116,0.25700784547084665,b6ddfd60c8fe2c93de0a10e878836696fd002989c463ed1d2a862230d6caceee,163,0.035491298884153366
standard,"F=20, p=2",ibm_kingston,False,754,1975,394,"{""barrier"": 1, ""cz"": 394, ""measure"": 20, ""rz"": 618, ""sx"": 934, ""x"": 9}",1975,True,1.2900133073787299,0.7108967720075732,0.3875448525156546,0.2752671199815617,5074a9b3b3de8a4b2b7e0d3fa8f24d6aaba482c6bef2f8e73c9acddd58ed3fd5,197,0.037170056253671646
standard,"F=20, p=2",ibm_kingston,False,838,1812,374,"{""barrier"": 1, ""cz"": 374, ""measure"": 20, ""rz"": 540, ""sx"": 873, ""x"": 5}",1812,True,1.2192522628442561,0.7554781598329129,0.18659242332070153,0.29545100404309005,6e08db374248702a7d522d1c52b73c5a04b057353acfa3ef54cf22a21ba0348b,239,0.03441077470779419
standard,"F=20, p=2",ibm_kingston,False,814,1991,412,"{""barrier"": 1, ""cz"": 412, ""measure"": 20, ""rz"": 597, ""sx"": 951, ""x"": 11}",1991,True,1.261741963123102,0.7698451842724031,0.2760731195878107,0.28316034176103094,797318cbca93771d93fa94c0a127fd52991d8fa67da77fdb44a2d2997fd79b15,283,0.03840154409408569
standard,"F=20, p=2",ibm_kingston,False,773,1883,390,"{""barrier"": 1, ""cz"": 390, ""measure"": 20, ""rz"": 562, ""sx"": 905, ""x"": 6}",1883,True,1.2111892237276416,0.7252705788373116,0.2929844912120403,0.2978428669293178,65e589ea2a7063a297d8e166a3de0a831cf0105e134bd03c2bc0ec229e2546cb,337,0.036767445504665375
standard,"F=20, p=2",ibm_kingston,False,892,2024,437,"{""barrier"": 1, ""cz"": 437, ""measure"": 20, ""rz"": 571, ""sx"": 986, ""x"": 10}",2024,True,1.3754455985181526,0.8844374968750117,0.285185761189549,0.2527269559534648,aa55b2e6bfdb818ac9cb467030a90076c9cf756ecba9719022ca4b987105d05a,397,0.035252172499895096
standard,"F=24, p=1",ibm_kingston,False,478,1182,230,"{""barrier"": 1, ""cz"": 230, ""measure"": 24, ""rz"": 380, ""sx"": 538, ""x"": 10}",1182,True,0.9123493154963342,0.5304117436577255,0.24222553241295855,0.40157967758969765,001868875c89a7c673c78022dc4a6710458ae7ce84000bca4774b96377ca14c7,11,0.029766090214252472
standard,"F=24, p=1",ibm_kingston,False,470,1161,218,"{""barrier"": 1, ""cz"": 218, ""measure"": 24, ""rz"": 384, ""sx"": 529, ""x"": 6}",1161,True,0.7972775780186097,0.4383875152225363,0.23255325023577686,0.45055389379719746,474ec141434b84cca9d855eb033a2168404a17dbb7b8d56a35e0d68c3ba2dec5,29,0.04246337711811066
standard,"F=24, p=1",ibm_kingston,False,555,1261,255,"{""barrier"": 1, ""cz"": 255, ""measure"": 24, ""rz"": 398, ""sx"": 577, ""x"": 7}",1261,True,0.865900000919589,0.4902739557382894,0.217325373540628,0.4206727763178431,d400f51812d3b111a4585d2dd1e3443be89b43feefc55250c4b9bdf902a29186,47,0.07753609493374825
standard,"F=24, p=1",ibm_kingston,False,465,1188,243,"{""barrier"": 1, ""cz"": 243, ""measure"": 24, ""rz"": 356, ""sx"": 558, ""x"": 7}",1188,True,0.8118833454145542,0.3923104050927108,0.26594286225144415,0.44402103328228026,ad11259636f3f4c0b87db83cfef2a210ce8d84cfbfaf00a63d20fa57c14eaa26,71,0.03262593224644661
standard,"F=24, p=1",ibm_kingston,False,597,1278,265,"{""barrier"": 1, ""cz"": 265, ""measure"": 24, ""rz"": 382, ""sx"": 597, ""x"": 10}",1278,True,1.0024653761106777,0.5725574278527183,0.26511357668263574,0.3669735970675916,67b03f9b7f6901a26681f89beca16f21146dd84fc274c91173995e4c5231f15f,101,0.0347827710211277
standard,"F=24, p=1",ibm_kingston,False,474,1222,252,"{""barrier"": 1, ""cz"": 252, ""measure"": 24, ""rz"": 371, ""sx"": 566, ""x"": 9}",1222,True,0.868751648872103,0.41147075719881293,0.29903682727022035,0.41947487446552784,69c80507246d348900ba195213607669e2bcb7b39d2c6d3a28d629e0de683e9b,131,0.03998758643865585
standard,"F=24, p=1",ibm_kingston,False,477,1223,244,"{""barrier"": 1, ""cz"": 244, ""measure"": 24, ""rz"": 376, ""sx"": 573, ""x"": 6}",1223,True,0.9331078410353726,0.5226590440918026,0.25696552525218513,0.39332940362066166,e76499fc839de7b3449dd8c36df25de6a657b4458faca4cd7ab32cbdcd944e62,163,0.27195173129439354
standard,"F=24, p=1",ibm_kingston,False,520,1228,237,"{""barrier"": 1, ""cz"": 237, ""measure"": 24, ""rz"": 396, ""sx"": 561, ""x"": 10}",1228,True,0.8069035187225976,0.4518306399432079,0.198231628059698,0.44623769579232114,1e96e8cc3f07bfc99a394640bed230b479b313af520411ab49aaea3f75f1dd81,197,0.029630403965711594
standard,"F=24, p=1",ibm_kingston,True,506,1213,239,"{""barrier"": 1, ""cz"": 239, ""measure"": 24, ""rz"": 381, ""sx"": 561, ""x"": 8}",1213,True,0.7911348712165016,0.44210144474009805,0.19404815214089072,0.453330032037674,f3d09bd2fb3f712e0345e6f7519490a0b1709c9625eaeaaac340c6a2675c9370,239,0.03085130825638771
standard,"F=24, p=1",ibm_kingston,False,463,1225,246,"{""barrier"": 1, ""cz"": 246, ""measure"": 24, ""rz"": 381, ""sx"": 565, ""x"": 9}",1225,True,0.9107688018386422,0.5052041323541693,0.2510421828473666,0.40221488159685453,385166e7d85c63401b5720815f8e1793d0090c7fd00f53d788175347e9250e43,283,0.031096428632736206
standard,"F=24, p=1",ibm_kingston,False,503,1159,235,"{""barrier"": 1, ""cz"": 235, ""measure"": 24, ""rz"": 363, ""sx"": 534, ""x"": 3}",1159,True,0.9224000744942449,0.5430889137102307,0.2036561398081672,0.39756371258690276,0a8e0fba0684609e3b72a6cc649937e6805db8eb8b7bb0f8c3088811fa8e586b,337,0.029434777796268463
standard,"F=24, p=1",ibm_kingston,False,466,1158,233,"{""barrier"": 1, ""cz"": 233, ""measure"": 24, ""rz"": 365, ""sx"": 530, ""x"": 6}",1158,True,0.920744394520826,0.5200868963606384,0.27122915832653444,0.3982224960808175,59563f71b57210732d6f36e4b947198096de0ea2aa4d212cdfe51e009463d6bc,397,0.02461261674761772
standard,"F=28, p=1",ibm_kingston,False,607,1464,306,"{""barrier"": 1, ""cz"": 306, ""measure"": 28, ""rz"": 436, ""sx"": 688, ""x"": 6}",1464,True,0.9870431048838036,0.5241766773854781,0.2956906546373595,0.3726770303172555,11619abcc8d3ad3247b9a88b0de079e55b04159f73b14c91f049beaf81afa326,11,0.040060728788375854
standard,"F=28, p=1",ibm_kingston,False,635,1412,286,"{""barrier"": 1, ""cz"": 286, ""measure"": 28, ""rz"": 435, ""sx"": 658, ""x"": 5}",1412,True,1.1072849501579056,0.521152729854786,0.3991843595633673,0.33045494585168445,3c53a0debbd105c0f4aded979852447a1efc5f9145709cc4030d37ffb229385c,29,0.07626677677035332
standard,"F=28, p=1",ibm_kingston,False,626,1447,306,"{""barrier"": 1, ""cz"": 306, ""measure"": 28, ""rz"": 426, ""sx"": 680, ""x"": 7}",1447,True,1.1538350619053774,0.5699729851395475,0.4291015013512109,0.31542477329244895,f5267b64c08eb312b43810f77a0a077cffbde644486cfd95f8c646b2a85eb47b,47,0.03581461310386658
standard,"F=28, p=1",ibm_kingston,False,600,1430,299,"{""barrier"": 1, ""cz"": 299, ""measure"": 28, ""rz"": 414, ""sx"": 684, ""x"": 5}",1430,True,1.0870401049617526,0.581417349209738,0.3139194200899001,0.3372131334851722,8b4ca3ddd959b0f7f183c4461f934e796d9dc08d77b2a369761c15f58fcfb2b7,71,0.036789920181035995
standard,"F=28, p=1",ibm_kingston,True,619,1420,294,"{""barrier"": 1, ""cz"": 294, ""measure"": 28, ""rz"": 427, ""sx"": 665, ""x"": 6}",1420,True,0.9535493423499191,0.5067106001665538,0.284584913641651,0.38537078033098443,3003bf53776fa488106f69d63ebcd538ed118cc27a8009481a5bf4f7ccc5bfca,101,0.03887584060430527
standard,"F=28, p=1",ibm_kingston,False,580,1365,274,"{""barrier"": 1, ""cz"": 274, ""measure"": 28, ""rz"": 423, ""sx"": 633, ""x"": 7}",1365,True,1.006747191516784,0.5788979594770151,0.2563968117793721,0.36540564310631124,fb933587644617b2ac0a5ea37ecc24ddaad24bf75ff1fde0e66057693ca83a00,131,0.03796614706516266
standard,"F=28, p=1",ibm_kingston,False,653,1414,286,"{""barrier"": 1, ""cz"": 286, ""measure"": 28, ""rz"": 436, ""sx"": 657, ""x"": 7}",1414,True,0.979655177946813,0.4638399532966153,0.3365032008823674,0.37544053671032096,9719e5203427c67def23aa655a57ffa40cbbc9aae4556a7b620bf63b768dab49,163,0.04894528165459633
standard,"F=28, p=1",ibm_kingston,False,588,1374,298,"{""barrier"": 1, ""cz"": 298, ""measure"": 28, ""rz"": 381, ""sx"": 661, ""x"": 6}",1374,True,0.9913628493471982,0.4992387716835726,0.33989910894213626,0.37107063289007725,15274da649e9110f777577861506edcdbfed7103297a89fb11a3e86c12b35ffb,197,0.05752340331673622
standard,"F=28, p=1",ibm_kingston,False,538,1390,286,"{""barrier"": 1, ""cz"": 286, ""measure"": 28, ""rz"": 413, ""sx"": 658, ""x"": 5}",1390,True,1.2728412331873313,0.7193464381549616,0.37610727813613837,0.28003484610328105,836c001aa4d5852f34eb01b419bd8524ae1dfac57d6affbcda0007818853c749,239,0.03290318697690964
standard,"F=28, p=1",ibm_kingston,False,666,1483,312,"{""barrier"": 1, ""cz"": 312, ""measure"": 28, ""rz"": 434, ""sx"": 702, ""x"": 7}",1483,True,1.1489172012244426,0.6925562164428669,0.2811398523886631,0.31697980897314304,c0708c13c016a1b19bb56c621bba8a214d73f37bfe7450f3a19967b650886942,283,0.03525971621274948
standard,"F=28, p=1",ibm_kingston,False,685,1411,297,"{""barrier"": 1, ""cz"": 297, ""measure"": 28, ""rz"": 423, ""sx"": 656, ""x"": 7}",1411,True,0.9786677801025738,0.5302238460824814,0.28458491364165106,0.37581142896588193,a330a33aa87660cd3a4f8375e8343fc7ce976578a2dddaeb8885534cf50f90a5,337,0.03789645805954933
standard,"F=28, p=1",ibm_kingston,False,604,1443,302,"{""barrier"": 1, ""cz"": 302, ""measure"": 28, ""rz"": 425, ""sx"": 681, ""x"": 7}",1443,True,1.1051425940290134,0.6371704645852886,0.2681796448395992,0.3311636569149339,07875eaa7a6832779aafb49d1f70d7cafd4c14ddd47fcb4455d9ce328c0ec3ae,397,0.03203284367918968
