campaign,case_id,width,depth,noise_management,repetition,method,requested_oracle_budget,candidate_supports_supplied,allocation_supports_evaluated,financially_feasible_supports,validated_objective,objective_improvement,final_breaches,final_max_violation,runtime_seconds
calibration_day_2_frontier,"F=8, p=1",8,1,baseline,1,IBM QPU,4,4,5,5,-0.043474674434745786,0.001303381499603802,0,1.8240490368137685e-10,0.05953940376639366
calibration_day_2_frontier,"F=8, p=1",8,1,baseline,1,Uniform random,4,4,5,5,-0.0439531968193471,0.0017819038842051133,0,9.740913561873121e-10,0.0323772095143795
calibration_day_2_frontier,"F=8, p=1",8,1,baseline,1,QUBO reference,4,4,5,5,-0.043474674434745786,0.001303381499603802,0,1.8240490368137685e-10,0.02860945090651512
calibration_day_2_frontier,"F=8, p=1",8,1,baseline,1,Classical LNS,4,4,5,5,-0.043474674434745786,0.001303381499603802,0,1.8240490368137685e-10,0.02855680137872696
calibration_day_2_frontier,"F=8, p=1",8,1,baseline,1,IBM QPU,8,8,9,9,-0.04405440084271601,0.0018831079075740248,0,3.29440356938715e-10,0.023330029100179672
calibration_day_2_frontier,"F=8, p=1",8,1,baseline,1,Uniform random,8,8,9,9,-0.044014680467660765,0.001843387532518781,0,1.5729187508028986e-08,0.02328385040163994
calibration_day_2_frontier,"F=8, p=1",8,1,baseline,1,QUBO reference,8,8,9,9,-0.04405440084271601,0.0018831079075740248,0,3.29440356938715e-10,0.02325216308236122
calibration_day_2_frontier,"F=8, p=1",8,1,baseline,1,Classical LNS,8,8,9,9,-0.04405440084271601,0.0018831079075740248,0,3.29440356938715e-10,0.02341245487332344
calibration_day_2_frontier,"F=8, p=1",8,1,baseline,1,IBM QPU,16,16,17,17,-0.04405440084271601,0.0018831079075740248,0,3.29440356938715e-10,0.04560112953186035
calibration_day_2_frontier,"F=8, p=1",8,1,baseline,1,Uniform random,16,16,17,17,-0.044049387082115046,0.0018780941469730625,0,5.846136005849267e-10,0.04600460082292557
calibration_day_2_frontier,"F=8, p=1",8,1,baseline,1,QUBO reference,16,16,17,17,-0.04405440084271601,0.0018831079075740248,0,3.29440356938715e-10,0.04532546177506447
calibration_day_2_frontier,"F=8, p=1",8,1,baseline,1,Classical LNS,16,16,17,17,-0.04405440084271601,0.0018831079075740248,0,3.29440356938715e-10,0.0454498827457428
calibration_day_2_frontier,"F=8, p=1",8,1,baseline,1,IBM QPU,32,32,33,33,-0.04405440084271601,0.0018831079075740248,0,3.29440356938715e-10,0.09194808453321457
calibration_day_2_frontier,"F=8, p=1",8,1,baseline,1,Uniform random,32,32,33,33,-0.044424508589446896,0.0022532156543049117,0,1.5098162511884006e-09,0.0905751883983612
calibration_day_2_frontier,"F=8, p=1",8,1,baseline,1,QUBO reference,32,32,33,33,-0.04405440084271601,0.0018831079075740248,0,3.29440356938715e-10,0.09161239117383957
calibration_day_2_frontier,"F=8, p=1",8,1,baseline,1,Classical LNS,32,32,33,33,-0.04405440084271601,0.0018831079075740248,0,3.29440356938715e-10,0.09240829572081566
calibration_day_2_frontier,"F=8, p=1",8,1,baseline,1,IBM QPU,64,64,64,64,-0.044424508589446896,0.0022532156543049117,0,1.5098162511884006e-09,0.40858545154333115
calibration_day_2_frontier,"F=8, p=1",8,1,baseline,1,Uniform random,64,64,64,64,-0.044424508589446896,0.0022532156543049117,0,1.5098162511884006e-09,0.18179024755954742
calibration_day_2_frontier,"F=8, p=1",8,1,baseline,1,QUBO reference,64,64,64,64,-0.044424508589446896,0.0022532156543049117,0,1.5098162511884006e-09,0.18318934366106987
calibration_day_2_frontier,"F=8, p=1",8,1,baseline,1,Classical LNS,64,64,65,65,-0.044424508589446896,0.0022532156543049117,0,1.5098162511884006e-09,0.18831585720181465
calibration_day_2_frontier,"F=8, p=1",8,1,baseline,2,IBM QPU,4,4,5,5,-0.043474674434745786,0.001303381499603802,0,1.8240490368137685e-10,0.02951197326183319
calibration_day_2_frontier,"F=8, p=1",8,1,baseline,2,Uniform random,4,4,5,5,-0.04405440084271601,0.0018831079075740248,0,3.29440356938715e-10,0.029463931918144226
calibration_day_2_frontier,"F=8, p=1",8,1,baseline,2,QUBO reference,4,4,5,5,-0.043474674434745786,0.001303381499603802,0,1.8240490368137685e-10,0.0286150760948658
calibration_day_2_frontier,"F=8, p=1",8,1,baseline,2,Classical LNS,4,4,5,5,-0.043474674434745786,0.001303381499603802,0,1.8240490368137685e-10,0.02891378477215767
calibration_day_2_frontier,"F=8, p=1",8,1,baseline,2,IBM QPU,8,8,9,9,-0.04405440084271601,0.0018831079075740248,0,3.29440356938715e-10,0.023644208908081055
calibration_day_2_frontier,"F=8, p=1",8,1,baseline,2,Uniform random,8,8,9,9,-0.04405440084271601,0.0018831079075740248,0,3.29440356938715e-10,0.023212436586618423
calibration_day_2_frontier,"F=8, p=1",8,1,baseline,2,QUBO reference,8,8,9,9,-0.04405440084271601,0.0018831079075740248,0,3.29440356938715e-10,0.0235709510743618
calibration_day_2_frontier,"F=8, p=1",8,1,baseline,2,Classical LNS,8,8,9,9,-0.04405440084271601,0.0018831079075740248,0,3.29440356938715e-10,0.023884985595941544
calibration_day_2_frontier,"F=8, p=1",8,1,baseline,2,IBM QPU,16,16,17,17,-0.04405440084271601,0.0018831079075740248,0,3.29440356938715e-10,0.046179067343473434
calibration_day_2_frontier,"F=8, p=1",8,1,baseline,2,Uniform random,16,16,17,17,-0.04405440084271601,0.0018831079075740248,0,3.29440356938715e-10,0.045851558446884155
calibration_day_2_frontier,"F=8, p=1",8,1,baseline,2,QUBO reference,16,16,17,17,-0.04405440084271601,0.0018831079075740248,0,3.29440356938715e-10,0.049840159714221954
calibration_day_2_frontier,"F=8, p=1",8,1,baseline,2,Classical LNS,16,16,17,17,-0.04405440084271601,0.0018831079075740248,0,3.29440356938715e-10,0.04607120528817177
calibration_day_2_frontier,"F=8, p=1",8,1,baseline,2,IBM QPU,32,32,33,33,-0.04405440084271601,0.0018831079075740248,0,3.29440356938715e-10,0.09273938462138176
calibration_day_2_frontier,"F=8, p=1",8,1,baseline,2,Uniform random,32,32,33,33,-0.04405440084271601,0.0018831079075740248,0,3.29440356938715e-10,0.09271561354398727
calibration_day_2_frontier,"F=8, p=1",8,1,baseline,2,QUBO reference,32,32,33,33,-0.04405440084271601,0.0018831079075740248,0,3.29440356938715e-10,0.09276864305138588
calibration_day_2_frontier,"F=8, p=1",8,1,baseline,2,Classical LNS,32,32,33,33,-0.04405440084271601,0.0018831079075740248,0,3.29440356938715e-10,0.09338317066431046
calibration_day_2_frontier,"F=8, p=1",8,1,baseline,2,IBM QPU,64,64,64,64,-0.044424508589446896,0.0022532156543049117,0,1.5098162511884006e-09,0.4030824303627014
calibration_day_2_frontier,"F=8, p=1",8,1,baseline,2,Uniform random,64,64,64,64,-0.044424508589446896,0.0022532156543049117,0,1.5098162511884006e-09,0.17822720482945442
calibration_day_2_frontier,"F=8, p=1",8,1,baseline,2,QUBO reference,64,64,64,64,-0.044424508589446896,0.0022532156543049117,0,1.5098162511884006e-09,0.17858150973916054
calibration_day_2_frontier,"F=8, p=1",8,1,baseline,2,Classical LNS,64,64,65,65,-0.044424508589446896,0.0022532156543049117,0,1.5098162511884006e-09,0.1851862408220768
calibration_day_2_frontier,"F=8, p=1",8,1,baseline,3,IBM QPU,4,4,5,5,-0.043474674434745786,0.001303381499603802,0,1.8240490368137685e-10,0.029986988753080368
calibration_day_2_frontier,"F=8, p=1",8,1,baseline,3,Uniform random,4,4,5,5,-0.04350978968834868,0.001338496753206693,0,1.3756918521012906e-10,0.028849557042121887
calibration_day_2_frontier,"F=8, p=1",8,1,baseline,3,QUBO reference,4,4,5,5,-0.043474674434745786,0.001303381499603802,0,1.8240490368137685e-10,0.029165074229240417
calibration_day_2_frontier,"F=8, p=1",8,1,baseline,3,Classical LNS,4,4,5,5,-0.043474674434745786,0.001303381499603802,0,1.8240490368137685e-10,0.029205340892076492
calibration_day_2_frontier,"F=8, p=1",8,1,baseline,3,IBM QPU,8,8,9,9,-0.04405440084271601,0.0018831079075740248,0,3.29440356938715e-10,0.02402098849415779
calibration_day_2_frontier,"F=8, p=1",8,1,baseline,3,Uniform random,8,8,9,9,-0.0439531968193471,0.0017819038842051133,0,9.740913561873121e-10,0.02358938753604889
calibration_day_2_frontier,"F=8, p=1",8,1,baseline,3,QUBO reference,8,8,9,9,-0.04405440084271601,0.0018831079075740248,0,3.29440356938715e-10,0.023932885378599167
calibration_day_2_frontier,"F=8, p=1",8,1,baseline,3,Classical LNS,8,8,9,9,-0.04405440084271601,0.0018831079075740248,0,3.29440356938715e-10,0.024021539837121964
calibration_day_2_frontier,"F=8, p=1",8,1,baseline,3,IBM QPU,16,16,17,17,-0.04405440084271601,0.0018831079075740248,0,3.29440356938715e-10,0.04741189628839493
calibration_day_2_frontier,"F=8, p=1",8,1,baseline,3,Uniform random,16,16,17,17,-0.044024203253616646,0.0018529103184746626,0,1.5425487623343948e-09,0.04662851616740227
calibration_day_2_frontier,"F=8, p=1",8,1,baseline,3,QUBO reference,16,16,17,17,-0.04405440084271601,0.0018831079075740248,0,3.29440356938715e-10,0.04624403268098831
calibration_day_2_frontier,"F=8, p=1",8,1,baseline,3,Classical LNS,16,16,17,17,-0.04405440084271601,0.0018831079075740248,0,3.29440356938715e-10,0.04632090777158737
calibration_day_2_frontier,"F=8, p=1",8,1,baseline,3,IBM QPU,32,32,33,33,-0.04405440084271601,0.0018831079075740248,0,3.29440356938715e-10,0.09436989948153496
calibration_day_2_frontier,"F=8, p=1",8,1,baseline,3,Uniform random,32,32,32,32,-0.044024203253616646,0.0018529103184746626,0,1.5425487623343948e-09,0.09019869565963745
calibration_day_2_frontier,"F=8, p=1",8,1,baseline,3,QUBO reference,32,32,33,33,-0.04405440084271601,0.0018831079075740248,0,3.29440356938715e-10,0.0947929173707962
calibration_day_2_frontier,"F=8, p=1",8,1,baseline,3,Classical LNS,32,32,33,33,-0.04405440084271601,0.0018831079075740248,0,3.29440356938715e-10,0.3173706717789173
calibration_day_2_frontier,"F=8, p=1",8,1,baseline,3,IBM QPU,64,64,64,64,-0.044424508589446896,0.0022532156543049117,0,1.5098162511884006e-09,0.18071137368679047
calibration_day_2_frontier,"F=8, p=1",8,1,baseline,3,Uniform random,64,64,64,64,-0.044424508589446896,0.0022532156543049117,0,1.5098162511884006e-09,0.18559416756033897
calibration_day_2_frontier,"F=8, p=1",8,1,baseline,3,QUBO reference,64,64,64,64,-0.044424508589446896,0.0022532156543049117,0,1.5098162511884006e-09,0.1814006231725216
calibration_day_2_frontier,"F=8, p=1",8,1,baseline,3,Classical LNS,64,64,65,65,-0.044424508589446896,0.0022532156543049117,0,1.5098162511884006e-09,0.18674157932400703
calibration_day_2_frontier,"F=12, p=1",12,1,baseline,1,IBM QPU,4,4,5,5,-0.043982231283615995,0.0018109383484740116,0,1.0246595238960765e-08,0.030436530709266663
calibration_day_2_frontier,"F=12, p=1",12,1,baseline,1,Uniform random,4,4,5,5,-0.04401951627297282,0.0018482233378308358,0,2.368061718938108e-10,0.029817435890436172
calibration_day_2_frontier,"F=12, p=1",12,1,baseline,1,QUBO reference,4,4,5,5,-0.043982231283615995,0.0018109383484740116,0,1.0246595238960765e-08,0.028912518173456192
calibration_day_2_frontier,"F=12, p=1",12,1,baseline,1,Classical LNS,4,4,5,5,-0.043982231283615995,0.0018109383484740116,0,1.0246595238960765e-08,0.029239900410175323
calibration_day_2_frontier,"F=12, p=1",12,1,baseline,1,IBM QPU,8,8,9,9,-0.043982231283615995,0.0018109383484740116,0,1.0246595238960765e-08,0.023747742176055908
calibration_day_2_frontier,"F=12, p=1",12,1,baseline,1,Uniform random,8,8,9,9,-0.04401951627297282,0.0018482233378308358,0,2.368061718938108e-10,0.023267772048711777
calibration_day_2_frontier,"F=12, p=1",12,1,baseline,1,QUBO reference,8,8,9,9,-0.043982231283615995,0.0018109383484740116,0,1.0246595238960765e-08,0.026532862335443497
calibration_day_2_frontier,"F=12, p=1",12,1,baseline,1,Classical LNS,8,8,9,9,-0.043982231283615995,0.0018109383484740116,0,1.0246595238960765e-08,0.026278827339410782
calibration_day_2_frontier,"F=12, p=1",12,1,baseline,1,IBM QPU,16,16,17,17,-0.043982231283615995,0.0018109383484740116,0,1.0246595238960765e-08,0.046968575567007065
calibration_day_2_frontier,"F=12, p=1",12,1,baseline,1,Uniform random,16,16,17,17,-0.04438289430433185,0.0022116013691898667,0,1.5871959233026978e-09,0.049345456063747406
calibration_day_2_frontier,"F=12, p=1",12,1,baseline,1,QUBO reference,16,16,17,17,-0.043982231283615995,0.0018109383484740116,0,1.0246595238960765e-08,0.04724780097603798
calibration_day_2_frontier,"F=12, p=1",12,1,baseline,1,Classical LNS,16,16,17,17,-0.043982231283615995,0.0018109383484740116,0,1.0246595238960765e-08,0.04698113724589348
calibration_day_2_frontier,"F=12, p=1",12,1,baseline,1,IBM QPU,32,32,33,33,-0.04415082565117616,0.0019795327160341755,0,4.216046778360294e-08,0.09652993455529213
calibration_day_2_frontier,"F=12, p=1",12,1,baseline,1,Uniform random,32,32,33,33,-0.04438289430433185,0.0022116013691898667,0,1.5871959233026978e-09,0.09636778756976128
calibration_day_2_frontier,"F=12, p=1",12,1,baseline,1,QUBO reference,32,32,33,33,-0.043982231283615995,0.0018109383484740116,0,1.0246595238960765e-08,0.3116571977734566
calibration_day_2_frontier,"F=12, p=1",12,1,baseline,1,Classical LNS,32,32,33,33,-0.043982231283615995,0.0018109383484740116,0,1.0246595238960765e-08,0.09327229484915733
calibration_day_2_frontier,"F=12, p=1",12,1,baseline,1,IBM QPU,64,64,65,65,-0.04415082565117616,0.0019795327160341755,0,4.216046778360294e-08,0.1976340301334858
calibration_day_2_frontier,"F=12, p=1",12,1,baseline,1,Uniform random,64,64,65,65,-0.04438289430433185,0.0022116013691898667,0,1.5871959233026978e-09,0.1880926713347435
calibration_day_2_frontier,"F=12, p=1",12,1,baseline,1,QUBO reference,64,64,65,65,-0.04438289430433185,0.0022116013691898667,0,1.5871959233026978e-09,0.19811833649873734
calibration_day_2_frontier,"F=12, p=1",12,1,baseline,1,Classical LNS,64,64,65,65,-0.04438289430433185,0.0022116013691898667,0,1.5871959233026978e-09,0.19590435177087784
calibration_day_2_frontier,"F=12, p=1",12,1,baseline,2,IBM QPU,4,4,5,5,-0.043684432998052726,0.0015131400629107422,0,2.8452568079373464e-08,0.03058921918272972
calibration_day_2_frontier,"F=12, p=1",12,1,baseline,2,Uniform random,4,4,5,5,-0.044149789181600375,0.0019784962464583916,0,1.0862355459551054e-10,0.029292810708284378
calibration_day_2_frontier,"F=12, p=1",12,1,baseline,2,QUBO reference,4,4,5,5,-0.043982231283615995,0.0018109383484740116,0,1.0246595238960765e-08,0.029060572385787964
calibration_day_2_frontier,"F=12, p=1",12,1,baseline,2,Classical LNS,4,4,5,5,-0.043982231283615995,0.0018109383484740116,0,1.0246595238960765e-08,0.029308736324310303
calibration_day_2_frontier,"F=12, p=1",12,1,baseline,2,IBM QPU,8,8,9,9,-0.043684432998052726,0.0015131400629107422,0,2.8452568079373464e-08,0.0240849070250988
calibration_day_2_frontier,"F=12, p=1",12,1,baseline,2,Uniform random,8,8,9,9,-0.044149789181600375,0.0019784962464583916,0,1.0862355459551054e-10,0.023234516382217407
calibration_day_2_frontier,"F=12, p=1",12,1,baseline,2,QUBO reference,8,8,9,9,-0.043982231283615995,0.0018109383484740116,0,1.0246595238960765e-08,0.026109859347343445
calibration_day_2_frontier,"F=12, p=1",12,1,baseline,2,Classical LNS,8,8,9,9,-0.043982231283615995,0.0018109383484740116,0,1.0246595238960765e-08,0.026411790400743484
calibration_day_2_frontier,"F=12, p=1",12,1,baseline,2,IBM QPU,16,16,17,17,-0.043684432998052726,0.0015131400629107422,0,2.8452568079373464e-08,0.04664275422692299
calibration_day_2_frontier,"F=12, p=1",12,1,baseline,2,Uniform random,16,16,17,17,-0.044149789181600375,0.0019784962464583916,0,1.0862355459551054e-10,0.047783758491277695
calibration_day_2_frontier,"F=12, p=1",12,1,baseline,2,QUBO reference,16,16,17,17,-0.043982231283615995,0.0018109383484740116,0,1.0246595238960765e-08,0.0474458783864975
calibration_day_2_frontier,"F=12, p=1",12,1,baseline,2,Classical LNS,16,16,17,17,-0.043982231283615995,0.0018109383484740116,0,1.0246595238960765e-08,0.26605091243982315
calibration_day_2_frontier,"F=12, p=1",12,1,baseline,2,IBM QPU,32,32,33,33,-0.04417187313932383,0.002000580204181847,0,4.778222817414246e-10,0.09415363892912865
calibration_day_2_frontier,"F=12, p=1",12,1,baseline,2,Uniform random,32,32,33,33,-0.04417187313932383,0.002000580204181847,0,4.778222817414246e-10,0.09523577615618706
calibration_day_2_frontier,"F=12, p=1",12,1,baseline,2,QUBO reference,32,32,33,33,-0.043982231283615995,0.0018109383484740116,0,1.0246595238960765e-08,0.09261376783251762
calibration_day_2_frontier,"F=12, p=1",12,1,baseline,2,Classical LNS,32,32,33,33,-0.043982231283615995,0.0018109383484740116,0,1.0246595238960765e-08,0.09327074885368347
calibration_day_2_frontier,"F=12, p=1",12,1,baseline,2,IBM QPU,64,64,65,65,-0.04417187313932383,0.002000580204181847,0,4.778222817414246e-10,0.19145958870649338
calibration_day_2_frontier,"F=12, p=1",12,1,baseline,2,Uniform random,64,64,65,65,-0.044356874399227204,0.0021855814640852206,0,1.0401564332074287e-09,0.1886415332555771
calibration_day_2_frontier,"F=12, p=1",12,1,baseline,2,QUBO reference,64,64,65,65,-0.04438289430433185,0.0022116013691898667,0,1.5871959233026978e-09,0.19643596932291985
calibration_day_2_frontier,"F=12, p=1",12,1,baseline,2,Classical LNS,64,64,65,65,-0.04438289430433185,0.0022116013691898667,0,1.5871959233026978e-09,0.19523044675588608
calibration_day_2_frontier,"F=12, p=1",12,1,baseline,3,IBM QPU,4,4,5,5,-0.04389833480867046,0.0017270418735284773,0,1.1855663006876682e-08,0.031071878969669342
calibration_day_2_frontier,"F=12, p=1",12,1,baseline,3,Uniform random,4,4,5,5,-0.04409050376377685,0.0019192108286348666,0,1.940591376481393e-08,0.03165623918175697
calibration_day_2_frontier,"F=12, p=1",12,1,baseline,3,QUBO reference,4,4,5,5,-0.043982231283615995,0.0018109383484740116,0,1.0246595238960765e-08,0.02928045392036438
calibration_day_2_frontier,"F=12, p=1",12,1,baseline,3,Classical LNS,4,4,5,5,-0.043982231283615995,0.0018109383484740116,0,1.0246595238960765e-08,0.029449641704559326
calibration_day_2_frontier,"F=12, p=1",12,1,baseline,3,IBM QPU,8,8,9,9,-0.04389833480867046,0.0017270418735284773,0,1.1855663006876682e-08,0.024180449545383453
calibration_day_2_frontier,"F=12, p=1",12,1,baseline,3,Uniform random,8,8,9,9,-0.04409050376377685,0.0019192108286348666,0,1.940591376481393e-08,0.23567544296383858
calibration_day_2_frontier,"F=12, p=1",12,1,baseline,3,QUBO reference,8,8,9,9,-0.043982231283615995,0.0018109383484740116,0,1.0246595238960765e-08,0.027061205357313156
calibration_day_2_frontier,"F=12, p=1",12,1,baseline,3,Classical LNS,8,8,9,9,-0.043982231283615995,0.0018109383484740116,0,1.0246595238960765e-08,0.025807157158851624
calibration_day_2_frontier,"F=12, p=1",12,1,baseline,3,IBM QPU,16,16,17,17,-0.04389833480867046,0.0017270418735284773,0,1.1855663006876682e-08,0.047155093401670456
calibration_day_2_frontier,"F=12, p=1",12,1,baseline,3,Uniform random,16,16,17,17,-0.04426728838175463,0.002095995446612646,0,3.3439829238979257e-09,0.04869697615504265
calibration_day_2_frontier,"F=12, p=1",12,1,baseline,3,QUBO reference,16,16,17,17,-0.043982231283615995,0.0018109383484740116,0,1.0246595238960765e-08,0.04783022403717041
calibration_day_2_frontier,"F=12, p=1",12,1,baseline,3,Classical LNS,16,16,17,17,-0.043982231283615995,0.0018109383484740116,0,1.0246595238960765e-08,0.0471678227186203
calibration_day_2_frontier,"F=12, p=1",12,1,baseline,3,IBM QPU,32,32,33,33,-0.04405440084271601,0.0018831079075740248,0,3.29440356938715e-10,0.09538682922720909
calibration_day_2_frontier,"F=12, p=1",12,1,baseline,3,Uniform random,32,32,33,33,-0.04426728838175463,0.002095995446612646,0,3.3439829238979257e-09,0.09336841106414795
calibration_day_2_frontier,"F=12, p=1",12,1,baseline,3,QUBO reference,32,32,33,33,-0.043982231283615995,0.0018109383484740116,0,1.0246595238960765e-08,0.09291639924049377
calibration_day_2_frontier,"F=12, p=1",12,1,baseline,3,Classical LNS,32,32,33,33,-0.043982231283615995,0.0018109383484740116,0,1.0246595238960765e-08,0.0937785841524601
calibration_day_2_frontier,"F=12, p=1",12,1,baseline,3,IBM QPU,64,64,65,65,-0.04405440084271601,0.0018831079075740248,0,3.29440356938715e-10,0.19628586620092392
calibration_day_2_frontier,"F=12, p=1",12,1,baseline,3,Uniform random,64,64,64,64,-0.04426728838175463,0.002095995446612646,0,3.3439829238979257e-09,0.18778323754668236
calibration_day_2_frontier,"F=12, p=1",12,1,baseline,3,QUBO reference,64,64,65,65,-0.04438289430433185,0.0022116013691898667,0,1.5871959233026978e-09,0.42568978667259216
calibration_day_2_frontier,"F=12, p=1",12,1,baseline,3,Classical LNS,64,64,65,65,-0.04438289430433185,0.0022116013691898667,0,1.5871959233026978e-09,0.195038340985775
calibration_day_2_frontier,"F=12, p=2",12,2,baseline,1,IBM QPU,4,4,5,5,-0.043982231283615995,0.0018109383484740116,0,1.0246595238960765e-08,0.03067946434020996
calibration_day_2_frontier,"F=12, p=2",12,2,baseline,1,Uniform random,4,4,5,5,-0.04337279750736525,0.0012015045722232678,0,8.630113068619494e-09,0.02903568372130394
calibration_day_2_frontier,"F=12, p=2",12,2,baseline,1,QUBO reference,4,4,5,5,-0.043982231283615995,0.0018109383484740116,0,1.0246595238960765e-08,0.0292990580201149
calibration_day_2_frontier,"F=12, p=2",12,2,baseline,1,Classical LNS,4,4,5,5,-0.043982231283615995,0.0018109383484740116,0,1.0246595238960765e-08,0.029282893985509872
calibration_day_2_frontier,"F=12, p=2",12,2,baseline,1,IBM QPU,8,8,9,9,-0.043982231283615995,0.0018109383484740116,0,1.0246595238960765e-08,0.025578908622264862
calibration_day_2_frontier,"F=12, p=2",12,2,baseline,1,Uniform random,8,8,9,9,-0.043884797213844265,0.0017135042787022811,0,7.754924272185271e-10,0.02392801269888878
calibration_day_2_frontier,"F=12, p=2",12,2,baseline,1,QUBO reference,8,8,9,9,-0.043982231283615995,0.0018109383484740116,0,1.0246595238960765e-08,0.02649705484509468
calibration_day_2_frontier,"F=12, p=2",12,2,baseline,1,Classical LNS,8,8,9,9,-0.043982231283615995,0.0018109383484740116,0,1.0246595238960765e-08,0.026514489203691483
calibration_day_2_frontier,"F=12, p=2",12,2,baseline,1,IBM QPU,16,16,17,17,-0.043982231283615995,0.0018109383484740116,0,1.0246595238960765e-08,0.04731073975563049
calibration_day_2_frontier,"F=12, p=2",12,2,baseline,1,Uniform random,16,16,17,17,-0.04416042672368316,0.001989133788541174,0,4.219225863133502e-08,0.04737457260489464
calibration_day_2_frontier,"F=12, p=2",12,2,baseline,1,QUBO reference,16,16,17,17,-0.043982231283615995,0.0018109383484740116,0,1.0246595238960765e-08,0.04763789847493172
calibration_day_2_frontier,"F=12, p=2",12,2,baseline,1,Classical LNS,16,16,17,17,-0.043982231283615995,0.0018109383484740116,0,1.0246595238960765e-08,0.04715774208307266
calibration_day_2_frontier,"F=12, p=2",12,2,baseline,1,IBM QPU,32,32,33,33,-0.044282496422940514,0.0021112034877985297,0,3.417185445719895e-08,0.09371181577444077
calibration_day_2_frontier,"F=12, p=2",12,2,baseline,1,Uniform random,32,32,33,33,-0.04416042672368316,0.001989133788541174,0,4.219225863133502e-08,0.09553758054971695
calibration_day_2_frontier,"F=12, p=2",12,2,baseline,1,QUBO reference,32,32,33,33,-0.043982231283615995,0.0018109383484740116,0,1.0246595238960765e-08,0.09322254732251167
calibration_day_2_frontier,"F=12, p=2",12,2,baseline,1,Classical LNS,32,32,33,33,-0.043982231283615995,0.0018109383484740116,0,1.0246595238960765e-08,0.09352351725101471
calibration_day_2_frontier,"F=12, p=2",12,2,baseline,1,IBM QPU,64,64,65,65,-0.044282496422940514,0.0021112034877985297,0,3.417185445719895e-08,0.19475950673222542
calibration_day_2_frontier,"F=12, p=2",12,2,baseline,1,Uniform random,64,64,65,65,-0.044228136912438654,0.00205684397729667,0,5.1775164155998255e-09,0.19397266954183578
calibration_day_2_frontier,"F=12, p=2",12,2,baseline,1,QUBO reference,64,64,65,65,-0.04438289430433185,0.0022116013691898667,0,1.5871959233026978e-09,0.4269541800022125
calibration_day_2_frontier,"F=12, p=2",12,2,baseline,1,Classical LNS,64,64,65,65,-0.04438289430433185,0.0022116013691898667,0,1.5871959233026978e-09,0.19532129913568497
calibration_day_2_frontier,"F=12, p=2",12,2,baseline,2,IBM QPU,4,4,5,5,-0.04389833480867046,0.0017270418735284773,0,1.1855663006876682e-08,0.030779439955949783
calibration_day_2_frontier,"F=12, p=2",12,2,baseline,2,Uniform random,4,4,5,5,-0.043884797213844265,0.0017135042787022811,0,7.754924272185271e-10,0.029408644884824753
calibration_day_2_frontier,"F=12, p=2",12,2,baseline,2,QUBO reference,4,4,5,5,-0.043982231283615995,0.0018109383484740116,0,1.0246595238960765e-08,0.0291440412402153
calibration_day_2_frontier,"F=12, p=2",12,2,baseline,2,Classical LNS,4,4,5,5,-0.043982231283615995,0.0018109383484740116,0,1.0246595238960765e-08,0.029683265835046768
calibration_day_2_frontier,"F=12, p=2",12,2,baseline,2,IBM QPU,8,8,9,9,-0.04389833480867046,0.0017270418735284773,0,1.1855663006876682e-08,0.026045676320791245
calibration_day_2_frontier,"F=12, p=2",12,2,baseline,2,Uniform random,8,8,9,9,-0.043884797213844265,0.0017135042787022811,0,7.754924272185271e-10,0.02509133517742157
calibration_day_2_frontier,"F=12, p=2",12,2,baseline,2,QUBO reference,8,8,9,9,-0.043982231283615995,0.0018109383484740116,0,1.0246595238960765e-08,0.02647434175014496
calibration_day_2_frontier,"F=12, p=2",12,2,baseline,2,Classical LNS,8,8,9,9,-0.043982231283615995,0.0018109383484740116,0,1.0246595238960765e-08,0.02613024413585663
calibration_day_2_frontier,"F=12, p=2",12,2,baseline,2,IBM QPU,16,16,17,17,-0.04389833480867046,0.0017270418735284773,0,1.1855663006876682e-08,0.04723447561264038
calibration_day_2_frontier,"F=12, p=2",12,2,baseline,2,Uniform random,16,16,17,17,-0.04392160643131073,0.0017503134961687483,0,1.6124813220774747e-09,0.04632900655269623
calibration_day_2_frontier,"F=12, p=2",12,2,baseline,2,QUBO reference,16,16,17,17,-0.043982231283615995,0.0018109383484740116,0,1.0246595238960765e-08,0.04762933403253555
calibration_day_2_frontier,"F=12, p=2",12,2,baseline,2,Classical LNS,16,16,17,17,-0.043982231283615995,0.0018109383484740116,0,1.0246595238960765e-08,0.04710682854056358
calibration_day_2_frontier,"F=12, p=2",12,2,baseline,2,IBM QPU,32,32,33,33,-0.04389833480867046,0.0017270418735284773,0,1.1855663006876682e-08,0.09325310215353966
calibration_day_2_frontier,"F=12, p=2",12,2,baseline,2,Uniform random,32,32,33,33,-0.04418617235911205,0.0020148794239700646,0,2.3456910858143942e-08,0.09844662621617317
calibration_day_2_frontier,"F=12, p=2",12,2,baseline,2,QUBO reference,32,32,33,33,-0.043982231283615995,0.0018109383484740116,0,1.0246595238960765e-08,0.0935933068394661
calibration_day_2_frontier,"F=12, p=2",12,2,baseline,2,Classical LNS,32,32,33,33,-0.043982231283615995,0.0018109383484740116,0,1.0246595238960765e-08,0.09380822256207466
calibration_day_2_frontier,"F=12, p=2",12,2,baseline,2,IBM QPU,64,64,65,65,-0.04435525529990135,0.002183962364759366,0,3.5559162170351044e-08,0.19859808310866356
calibration_day_2_frontier,"F=12, p=2",12,2,baseline,2,Uniform random,64,64,65,65,-0.04438289430433185,0.0022116013691898667,0,1.5871959233026978e-09,0.19106782600283623
calibration_day_2_frontier,"F=12, p=2",12,2,baseline,2,QUBO reference,64,64,65,65,-0.04438289430433185,0.0022116013691898667,0,1.5871959233026978e-09,0.4294791780412197
calibration_day_2_frontier,"F=12, p=2",12,2,baseline,2,Classical LNS,64,64,65,65,-0.04438289430433185,0.0022116013691898667,0,1.5871959233026978e-09,0.19544189795851707
calibration_day_2_frontier,"F=12, p=2",12,2,baseline,3,IBM QPU,4,4,5,5,-0.043982231283615995,0.0018109383484740116,0,1.0246595238960765e-08,0.03137636557221413
calibration_day_2_frontier,"F=12, p=2",12,2,baseline,3,Uniform random,4,4,5,5,-0.04383290520293402,0.0016616122677920384,0,6.879745037546847e-10,0.029149558395147324
calibration_day_2_frontier,"F=12, p=2",12,2,baseline,3,QUBO reference,4,4,5,5,-0.043982231283615995,0.0018109383484740116,0,1.0246595238960765e-08,0.029173512011766434
calibration_day_2_frontier,"F=12, p=2",12,2,baseline,3,Classical LNS,4,4,5,5,-0.043982231283615995,0.0018109383484740116,0,1.0246595238960765e-08,0.029430348426103592
calibration_day_2_frontier,"F=12, p=2",12,2,baseline,3,IBM QPU,8,8,9,9,-0.043982231283615995,0.0018109383484740116,0,1.0246595238960765e-08,0.023997128009796143
calibration_day_2_frontier,"F=12, p=2",12,2,baseline,3,Uniform random,8,8,9,9,-0.043906879314670584,0.0017355863795286003,0,2.0013833534893166e-08,0.02620169147849083
calibration_day_2_frontier,"F=12, p=2",12,2,baseline,3,QUBO reference,8,8,9,9,-0.043982231283615995,0.0018109383484740116,0,1.0246595238960765e-08,0.02614668756723404
calibration_day_2_frontier,"F=12, p=2",12,2,baseline,3,Classical LNS,8,8,9,9,-0.043982231283615995,0.0018109383484740116,0,1.0246595238960765e-08,0.026234954595565796
calibration_day_2_frontier,"F=12, p=2",12,2,baseline,3,IBM QPU,16,16,17,17,-0.043982231283615995,0.0018109383484740116,0,1.0246595238960765e-08,0.04722129926085472
calibration_day_2_frontier,"F=12, p=2",12,2,baseline,3,Uniform random,16,16,17,17,-0.043906879314670584,0.0017355863795286003,0,2.0013833534893166e-08,0.047368958592414856
calibration_day_2_frontier,"F=12, p=2",12,2,baseline,3,QUBO reference,16,16,17,17,-0.043982231283615995,0.0018109383484740116,0,1.0246595238960765e-08,0.04760683327913284
calibration_day_2_frontier,"F=12, p=2",12,2,baseline,3,Classical LNS,16,16,17,17,-0.043982231283615995,0.0018109383484740116,0,1.0246595238960765e-08,0.047322504222393036
calibration_day_2_frontier,"F=12, p=2",12,2,baseline,3,IBM QPU,32,32,33,33,-0.043982231283615995,0.0018109383484740116,0,1.0246595238960765e-08,0.09325575828552246
calibration_day_2_frontier,"F=12, p=2",12,2,baseline,3,Uniform random,32,32,33,33,-0.04431951735752826,0.002148224422386276,0,2.8151271147525136e-08,0.09396673738956451
calibration_day_2_frontier,"F=12, p=2",12,2,baseline,3,QUBO reference,32,32,33,33,-0.043982231283615995,0.0018109383484740116,0,1.0246595238960765e-08,0.09322641417384148
calibration_day_2_frontier,"F=12, p=2",12,2,baseline,3,Classical LNS,32,32,33,33,-0.043982231283615995,0.0018109383484740116,0,1.0246595238960765e-08,0.09406453743577003
calibration_day_2_frontier,"F=12, p=2",12,2,baseline,3,IBM QPU,64,64,65,65,-0.04438289430433185,0.0022116013691898667,0,1.5871959233026978e-09,0.19159333780407906
calibration_day_2_frontier,"F=12, p=2",12,2,baseline,3,Uniform random,64,64,65,65,-0.044356874399227204,0.0021855814640852206,0,1.0401564332074287e-09,0.18871160224080086
calibration_day_2_frontier,"F=12, p=2",12,2,baseline,3,QUBO reference,64,64,65,65,-0.04438289430433185,0.0022116013691898667,0,1.5871959233026978e-09,0.424846526235342
calibration_day_2_frontier,"F=12, p=2",12,2,baseline,3,Classical LNS,64,64,65,65,-0.04438289430433185,0.0022116013691898667,0,1.5871959233026978e-09,0.19525853917002678
calibration_day_2_frontier,"F=12, p=3",12,3,baseline,1,IBM QPU,4,4,5,5,-0.043982231283615995,0.0018109383484740116,0,1.0246595238960765e-08,0.030042380094528198
calibration_day_2_frontier,"F=12, p=3",12,3,baseline,1,Uniform random,4,4,5,5,-0.04405455382373154,0.0018832608885895538,0,4.053699359518603e-08,0.031063374131917953
calibration_day_2_frontier,"F=12, p=3",12,3,baseline,1,QUBO reference,4,4,5,5,-0.043982231283615995,0.0018109383484740116,0,1.0246595238960765e-08,0.029074084013700485
calibration_day_2_frontier,"F=12, p=3",12,3,baseline,1,Classical LNS,4,4,5,5,-0.043982231283615995,0.0018109383484740116,0,1.0246595238960765e-08,0.029334668070077896
calibration_day_2_frontier,"F=12, p=3",12,3,baseline,1,IBM QPU,8,8,9,9,-0.043982231283615995,0.0018109383484740116,0,1.0246595238960765e-08,0.026254434138536453
calibration_day_2_frontier,"F=12, p=3",12,3,baseline,1,Uniform random,8,8,9,9,-0.04405455382373154,0.0018832608885895538,0,4.053699359518603e-08,0.023314137011766434
calibration_day_2_frontier,"F=12, p=3",12,3,baseline,1,QUBO reference,8,8,9,9,-0.043982231283615995,0.0018109383484740116,0,1.0246595238960765e-08,0.026413772255182266
calibration_day_2_frontier,"F=12, p=3",12,3,baseline,1,Classical LNS,8,8,9,9,-0.043982231283615995,0.0018109383484740116,0,1.0246595238960765e-08,0.026238948106765747
calibration_day_2_frontier,"F=12, p=3",12,3,baseline,1,IBM QPU,16,16,17,17,-0.043982231283615995,0.0018109383484740116,0,1.0246595238960765e-08,0.04782034456729889
calibration_day_2_frontier,"F=12, p=3",12,3,baseline,1,Uniform random,16,16,17,17,-0.04405455382373154,0.0018832608885895538,0,4.053699359518603e-08,0.04744154214859009
calibration_day_2_frontier,"F=12, p=3",12,3,baseline,1,QUBO reference,16,16,17,17,-0.043982231283615995,0.0018109383484740116,0,1.0246595238960765e-08,0.04779237136244774
calibration_day_2_frontier,"F=12, p=3",12,3,baseline,1,Classical LNS,16,16,17,17,-0.043982231283615995,0.0018109383484740116,0,1.0246595238960765e-08,0.04749711975455284
calibration_day_2_frontier,"F=12, p=3",12,3,baseline,1,IBM QPU,32,32,33,33,-0.043982231283615995,0.0018109383484740116,0,1.0246595238960765e-08,0.09324225038290024
calibration_day_2_frontier,"F=12, p=3",12,3,baseline,1,Uniform random,32,32,33,33,-0.04414006761496709,0.0019687746798251055,0,6.577925204531709e-09,0.09510841220617294
calibration_day_2_frontier,"F=12, p=3",12,3,baseline,1,QUBO reference,32,32,33,33,-0.043982231283615995,0.0018109383484740116,0,1.0246595238960765e-08,0.09312327951192856
calibration_day_2_frontier,"F=12, p=3",12,3,baseline,1,Classical LNS,32,32,33,33,-0.043982231283615995,0.0018109383484740116,0,1.0246595238960765e-08,0.09401504695415497
calibration_day_2_frontier,"F=12, p=3",12,3,baseline,1,IBM QPU,64,64,65,65,-0.04438289430433185,0.0022116013691898667,0,1.5871959233026978e-09,0.19793397188186646
calibration_day_2_frontier,"F=12, p=3",12,3,baseline,1,Uniform random,64,64,65,65,-0.04434282633096383,0.002171533395821844,0,2.5322205887690075e-08,0.18788586556911469
calibration_day_2_frontier,"F=12, p=3",12,3,baseline,1,QUBO reference,64,64,65,65,-0.04438289430433185,0.0022116013691898667,0,1.5871959233026978e-09,0.4251644052565098
calibration_day_2_frontier,"F=12, p=3",12,3,baseline,1,Classical LNS,64,64,65,65,-0.04438289430433185,0.0022116013691898667,0,1.5871959233026978e-09,0.1953587681055069
calibration_day_2_frontier,"F=12, p=3",12,3,baseline,2,IBM QPU,4,4,5,5,-0.043982231283615995,0.0018109383484740116,0,1.0246595238960765e-08,0.03007734939455986
calibration_day_2_frontier,"F=12, p=3",12,3,baseline,2,Uniform random,4,4,5,5,-0.04350354789987052,0.001332254964728538,0,2.0324183280795438e-08,0.029611628502607346
calibration_day_2_frontier,"F=12, p=3",12,3,baseline,2,QUBO reference,4,4,5,5,-0.043982231283615995,0.0018109383484740116,0,1.0246595238960765e-08,0.029038608074188232
calibration_day_2_frontier,"F=12, p=3",12,3,baseline,2,Classical LNS,4,4,5,5,-0.043982231283615995,0.0018109383484740116,0,1.0246595238960765e-08,0.02950574830174446
calibration_day_2_frontier,"F=12, p=3",12,3,baseline,2,IBM QPU,8,8,9,9,-0.043982231283615995,0.0018109383484740116,0,1.0246595238960765e-08,0.026059724390506744
calibration_day_2_frontier,"F=12, p=3",12,3,baseline,2,Uniform random,8,8,9,9,-0.043885892647784724,0.0017145997126427406,0,2.6393580432326758e-08,0.02339668571949005
calibration_day_2_frontier,"F=12, p=3",12,3,baseline,2,QUBO reference,8,8,9,9,-0.043982231283615995,0.0018109383484740116,0,1.0246595238960765e-08,0.0263509638607502
calibration_day_2_frontier,"F=12, p=3",12,3,baseline,2,Classical LNS,8,8,9,9,-0.043982231283615995,0.0018109383484740116,0,1.0246595238960765e-08,0.026054352521896362
calibration_day_2_frontier,"F=12, p=3",12,3,baseline,2,IBM QPU,16,16,17,17,-0.043982231283615995,0.0018109383484740116,0,1.0246595238960765e-08,0.04790958762168884
calibration_day_2_frontier,"F=12, p=3",12,3,baseline,2,Uniform random,16,16,17,17,-0.04394022532093888,0.0017689323857968953,0,2.4492133154918605e-08,0.047909870743751526
calibration_day_2_frontier,"F=12, p=3",12,3,baseline,2,QUBO reference,16,16,17,17,-0.043982231283615995,0.0018109383484740116,0,1.0246595238960765e-08,0.047610245645046234
calibration_day_2_frontier,"F=12, p=3",12,3,baseline,2,Classical LNS,16,16,17,17,-0.043982231283615995,0.0018109383484740116,0,1.0246595238960765e-08,0.04731740802526474
calibration_day_2_frontier,"F=12, p=3",12,3,baseline,2,IBM QPU,32,32,33,33,-0.043982231283615995,0.0018109383484740116,0,1.0246595238960765e-08,0.09332611039280891
calibration_day_2_frontier,"F=12, p=3",12,3,baseline,2,Uniform random,32,32,33,33,-0.044228136912438654,0.00205684397729667,0,5.1775164155998255e-09,0.09906420856714249
calibration_day_2_frontier,"F=12, p=3",12,3,baseline,2,QUBO reference,32,32,33,33,-0.043982231283615995,0.0018109383484740116,0,1.0246595238960765e-08,0.09326010942459106
calibration_day_2_frontier,"F=12, p=3",12,3,baseline,2,Classical LNS,32,32,33,33,-0.043982231283615995,0.0018109383484740116,0,1.0246595238960765e-08,0.09396908432245255
calibration_day_2_frontier,"F=12, p=3",12,3,baseline,2,IBM QPU,64,64,65,65,-0.044282496422940514,0.0021112034877985297,0,3.417185445719895e-08,0.1986784152686596
calibration_day_2_frontier,"F=12, p=3",12,3,baseline,2,Uniform random,64,64,65,65,-0.044228136912438654,0.00205684397729667,0,5.1775164155998255e-09,0.4169407971203327
calibration_day_2_frontier,"F=12, p=3",12,3,baseline,2,QUBO reference,64,64,65,65,-0.04438289430433185,0.0022116013691898667,0,1.5871959233026978e-09,0.1966656818985939
calibration_day_2_frontier,"F=12, p=3",12,3,baseline,2,Classical LNS,64,64,65,65,-0.04438289430433185,0.0022116013691898667,0,1.5871959233026978e-09,0.19529494270682335
calibration_day_2_frontier,"F=12, p=3",12,3,baseline,3,IBM QPU,4,4,5,5,-0.043982231283615995,0.0018109383484740116,0,1.0246595238960765e-08,0.03003808483481407
calibration_day_2_frontier,"F=12, p=3",12,3,baseline,3,Uniform random,4,4,5,5,-0.04372591707460572,0.0015546241394637367,0,6.99319335772941e-09,0.029717236757278442
calibration_day_2_frontier,"F=12, p=3",12,3,baseline,3,QUBO reference,4,4,5,5,-0.043982231283615995,0.0018109383484740116,0,1.0246595238960765e-08,0.02928055450320244
calibration_day_2_frontier,"F=12, p=3",12,3,baseline,3,Classical LNS,4,4,5,5,-0.043982231283615995,0.0018109383484740116,0,1.0246595238960765e-08,0.029563140124082565
calibration_day_2_frontier,"F=12, p=3",12,3,baseline,3,IBM QPU,8,8,9,9,-0.043982231283615995,0.0018109383484740116,0,1.0246595238960765e-08,0.026456501334905624
calibration_day_2_frontier,"F=12, p=3",12,3,baseline,3,Uniform random,8,8,9,9,-0.04384707831612215,0.0016757853809801632,0,1.7542305941198322e-09,0.023119624704122543
calibration_day_2_frontier,"F=12, p=3",12,3,baseline,3,QUBO reference,8,8,9,9,-0.043982231283615995,0.0018109383484740116,0,1.0246595238960765e-08,0.02661367505788803
calibration_day_2_frontier,"F=12, p=3",12,3,baseline,3,Classical LNS,8,8,9,9,-0.043982231283615995,0.0018109383484740116,0,1.0246595238960765e-08,0.026371024549007416
calibration_day_2_frontier,"F=12, p=3",12,3,baseline,3,IBM QPU,16,16,17,17,-0.043982231283615995,0.0018109383484740116,0,1.0246595238960765e-08,0.048530686646699905
calibration_day_2_frontier,"F=12, p=3",12,3,baseline,3,Uniform random,16,16,17,17,-0.04432391412122274,0.0021526211860807554,0,2.3899178247521746e-08,0.04898026958107948
calibration_day_2_frontier,"F=12, p=3",12,3,baseline,3,QUBO reference,16,16,17,17,-0.043982231283615995,0.0018109383484740116,0,1.0246595238960765e-08,0.047673504799604416
calibration_day_2_frontier,"F=12, p=3",12,3,baseline,3,Classical LNS,16,16,17,17,-0.043982231283615995,0.0018109383484740116,0,1.0246595238960765e-08,0.04740643873810768
calibration_day_2_frontier,"F=12, p=3",12,3,baseline,3,IBM QPU,32,32,33,33,-0.043982231283615995,0.0018109383484740116,0,1.0246595238960765e-08,0.09404459595680237
calibration_day_2_frontier,"F=12, p=3",12,3,baseline,3,Uniform random,32,32,33,33,-0.04432391412122274,0.0021526211860807554,0,2.3899178247521746e-08,0.09480733051896095
calibration_day_2_frontier,"F=12, p=3",12,3,baseline,3,QUBO reference,32,32,33,33,-0.043982231283615995,0.0018109383484740116,0,1.0246595238960765e-08,0.09330404177308083
calibration_day_2_frontier,"F=12, p=3",12,3,baseline,3,Classical LNS,32,32,33,33,-0.043982231283615995,0.0018109383484740116,0,1.0246595238960765e-08,0.09364045411348343
calibration_day_2_frontier,"F=12, p=3",12,3,baseline,3,IBM QPU,64,64,65,65,-0.04435525529990135,0.002183962364759366,0,3.5559162170351044e-08,0.19971324503421783
calibration_day_2_frontier,"F=12, p=3",12,3,baseline,3,Uniform random,64,64,65,65,-0.04432391412122274,0.0021526211860807554,0,2.3899178247521746e-08,0.41950297355651855
calibration_day_2_frontier,"F=12, p=3",12,3,baseline,3,QUBO reference,64,64,65,65,-0.04438289430433185,0.0022116013691898667,0,1.5871959233026978e-09,0.19676578044891357
calibration_day_2_frontier,"F=12, p=3",12,3,baseline,3,Classical LNS,64,64,65,65,-0.04438289430433185,0.0022116013691898667,0,1.5871959233026978e-09,0.1952802687883377
calibration_day_2_frontier,"F=16, p=1",16,1,baseline,1,IBM QPU,4,4,5,5,-0.04364109440863073,0.001469801473488748,0,3.727124220365141e-08,0.03128594532608986
calibration_day_2_frontier,"F=16, p=1",16,1,baseline,1,Uniform random,4,4,5,5,-0.04394414123949939,0.0017728483043574078,0,1.8388625622201005e-08,0.03130621090531349
calibration_day_2_frontier,"F=16, p=1",16,1,baseline,1,QUBO reference,4,4,5,5,-0.0443082362516705,0.002136943316528514,0,2.1148861384379103e-08,0.029601171612739563
calibration_day_2_frontier,"F=16, p=1",16,1,baseline,1,Classical LNS,4,4,5,5,-0.0443082362516705,0.002136943316528514,0,2.1148861384379103e-08,0.02930770441889763
calibration_day_2_frontier,"F=16, p=1",16,1,baseline,1,IBM QPU,8,8,9,9,-0.04364109440863073,0.001469801473488748,0,3.727124220365141e-08,0.023228228092193604
calibration_day_2_frontier,"F=16, p=1",16,1,baseline,1,Uniform random,8,8,9,9,-0.04401910868287846,0.0018478157477364796,0,1.0088224977611304e-09,0.02363261952996254
calibration_day_2_frontier,"F=16, p=1",16,1,baseline,1,QUBO reference,8,8,9,9,-0.0443082362516705,0.002136943316528514,0,2.1148861384379103e-08,0.026581693440675735
calibration_day_2_frontier,"F=16, p=1",16,1,baseline,1,Classical LNS,8,8,9,9,-0.0443082362516705,0.002136943316528514,0,2.1148861384379103e-08,0.024984579533338547
calibration_day_2_frontier,"F=16, p=1",16,1,baseline,1,IBM QPU,16,16,17,17,-0.04364109440863073,0.001469801473488748,0,3.727124220365141e-08,0.04701744019985199
calibration_day_2_frontier,"F=16, p=1",16,1,baseline,1,Uniform random,16,16,17,17,-0.04449229064875326,0.0023209977136112794,0,3.026882078316362e-08,0.04928170517086983
calibration_day_2_frontier,"F=16, p=1",16,1,baseline,1,QUBO reference,16,16,17,17,-0.0443082362516705,0.002136943316528514,0,2.1148861384379103e-08,0.05146370083093643
calibration_day_2_frontier,"F=16, p=1",16,1,baseline,1,Classical LNS,16,16,17,17,-0.0443082362516705,0.002136943316528514,0,2.1148861384379103e-08,0.0498427152633667
calibration_day_2_frontier,"F=16, p=1",16,1,baseline,1,IBM QPU,32,32,33,33,-0.04364109440863073,0.001469801473488748,0,3.727124220365141e-08,0.09337927028536797
calibration_day_2_frontier,"F=16, p=1",16,1,baseline,1,Uniform random,32,32,33,33,-0.04449229064875326,0.0023209977136112794,0,3.026882078316362e-08,0.09901783242821693
calibration_day_2_frontier,"F=16, p=1",16,1,baseline,1,QUBO reference,32,32,33,33,-0.0443082362516705,0.002136943316528514,0,2.1148861384379103e-08,0.10467759147286415
calibration_day_2_frontier,"F=16, p=1",16,1,baseline,1,Classical LNS,32,32,33,33,-0.0443082362516705,0.002136943316528514,0,2.1148861384379103e-08,0.10694915056228638
calibration_day_2_frontier,"F=16, p=1",16,1,baseline,1,IBM QPU,64,64,65,65,-0.04394104505772679,0.0017697521225848029,0,7.61920131153726e-10,0.4148527681827545
calibration_day_2_frontier,"F=16, p=1",16,1,baseline,1,Uniform random,64,64,65,65,-0.04452244670900925,0.0023511537738672636,0,3.5983356738711336e-08,0.19478176161646843
calibration_day_2_frontier,"F=16, p=1",16,1,baseline,1,QUBO reference,64,64,65,65,-0.0443082362516705,0.002136943316528514,0,2.1148861384379103e-08,0.2004494071006775
calibration_day_2_frontier,"F=16, p=1",16,1,baseline,1,Classical LNS,64,64,65,65,-0.0443082362516705,0.002136943316528514,0,2.1148861384379103e-08,0.20106171816587448
calibration_day_2_frontier,"F=16, p=1",16,1,baseline,2,IBM QPU,4,4,5,5,-0.04366766875887708,0.0014963758237350952,0,1.6202721803137976e-10,0.032789114862680435
calibration_day_2_frontier,"F=16, p=1",16,1,baseline,2,Uniform random,4,4,5,5,-0.044006073447782706,0.0018347805126407227,0,1.503695074012157e-08,0.030180707573890686
calibration_day_2_frontier,"F=16, p=1",16,1,baseline,2,QUBO reference,4,4,5,5,-0.0443082362516705,0.002136943316528514,0,2.1148861384379103e-08,0.029766790568828583
calibration_day_2_frontier,"F=16, p=1",16,1,baseline,2,Classical LNS,4,4,5,5,-0.0443082362516705,0.002136943316528514,0,2.1148861384379103e-08,0.02940407767891884
calibration_day_2_frontier,"F=16, p=1",16,1,baseline,2,IBM QPU,8,8,9,9,-0.04366766875887708,0.0014963758237350952,0,1.6202721803137976e-10,0.023298807442188263
calibration_day_2_frontier,"F=16, p=1",16,1,baseline,2,Uniform random,8,8,9,9,-0.044006073447782706,0.0018347805126407227,0,1.503695074012157e-08,0.024491675198078156
calibration_day_2_frontier,"F=16, p=1",16,1,baseline,2,QUBO reference,8,8,9,9,-0.0443082362516705,0.002136943316528514,0,2.1148861384379103e-08,0.026626519858837128
calibration_day_2_frontier,"F=16, p=1",16,1,baseline,2,Classical LNS,8,8,9,9,-0.0443082362516705,0.002136943316528514,0,2.1148861384379103e-08,0.0251225084066391
calibration_day_2_frontier,"F=16, p=1",16,1,baseline,2,IBM QPU,16,16,17,17,-0.04366766875887708,0.0014963758237350952,0,1.6202721803137976e-10,0.04694390296936035
calibration_day_2_frontier,"F=16, p=1",16,1,baseline,2,Uniform random,16,16,17,17,-0.04417294235151428,0.002001649416372299,0,2.589217862336568e-08,0.051693063229322433
calibration_day_2_frontier,"F=16, p=1",16,1,baseline,2,QUBO reference,16,16,17,17,-0.0443082362516705,0.002136943316528514,0,2.1148861384379103e-08,0.05149182304739952
calibration_day_2_frontier,"F=16, p=1",16,1,baseline,2,Classical LNS,16,16,17,17,-0.0443082362516705,0.002136943316528514,0,2.1148861384379103e-08,0.05008041486144066
calibration_day_2_frontier,"F=16, p=1",16,1,baseline,2,IBM QPU,32,32,33,33,-0.04366766875887708,0.0014963758237350952,0,1.6202721803137976e-10,0.0928959921002388
calibration_day_2_frontier,"F=16, p=1",16,1,baseline,2,Uniform random,32,32,33,33,-0.04444589603177665,0.0022746030966346656,0,6.991474621464988e-10,0.0977243036031723
calibration_day_2_frontier,"F=16, p=1",16,1,baseline,2,QUBO reference,32,32,33,33,-0.0443082362516705,0.002136943316528514,0,2.1148861384379103e-08,0.10433710739016533
calibration_day_2_frontier,"F=16, p=1",16,1,baseline,2,Classical LNS,32,32,33,33,-0.0443082362516705,0.002136943316528514,0,2.1148861384379103e-08,0.10710467398166656
calibration_day_2_frontier,"F=16, p=1",16,1,baseline,2,IBM QPU,64,64,65,65,-0.04388040294860773,0.0017091100134657491,0,2.2856553427708093e-08,0.41470058262348175
calibration_day_2_frontier,"F=16, p=1",16,1,baseline,2,Uniform random,64,64,65,65,-0.04444589603177665,0.0022746030966346656,0,6.991474621464988e-10,0.19153130054473877
calibration_day_2_frontier,"F=16, p=1",16,1,baseline,2,QUBO reference,64,64,65,65,-0.0443082362516705,0.002136943316528514,0,2.1148861384379103e-08,0.20033421739935875
calibration_day_2_frontier,"F=16, p=1",16,1,baseline,2,Classical LNS,64,64,65,65,-0.0443082362516705,0.002136943316528514,0,2.1148861384379103e-08,0.20042749866843224
calibration_day_2_frontier,"F=16, p=1",16,1,baseline,3,IBM QPU,4,4,5,5,-0.04346170449273955,0.0012904115575975636,0,3.6034726313971532e-09,0.03045155480504036
calibration_day_2_frontier,"F=16, p=1",16,1,baseline,3,Uniform random,4,4,5,5,-0.04431777351979492,0.0021464805846529364,0,1.6700041571837687e-08,0.030278556048870087
calibration_day_2_frontier,"F=16, p=1",16,1,baseline,3,QUBO reference,4,4,5,5,-0.0443082362516705,0.002136943316528514,0,2.1148861384379103e-08,0.03012414276599884
calibration_day_2_frontier,"F=16, p=1",16,1,baseline,3,Classical LNS,4,4,5,5,-0.0443082362516705,0.002136943316528514,0,2.1148861384379103e-08,0.02965809777379036
calibration_day_2_frontier,"F=16, p=1",16,1,baseline,3,IBM QPU,8,8,9,9,-0.043474674434745786,0.001303381499603802,0,1.8240490368137685e-10,0.024280741810798645
calibration_day_2_frontier,"F=16, p=1",16,1,baseline,3,Uniform random,8,8,9,9,-0.04431777351979492,0.0021464805846529364,0,1.6700041571837687e-08,0.02356041595339775
calibration_day_2_frontier,"F=16, p=1",16,1,baseline,3,QUBO reference,8,8,9,9,-0.0443082362516705,0.002136943316528514,0,2.1148861384379103e-08,0.026756055653095245
calibration_day_2_frontier,"F=16, p=1",16,1,baseline,3,Classical LNS,8,8,9,9,-0.0443082362516705,0.002136943316528514,0,2.1148861384379103e-08,0.024987269192934036
calibration_day_2_frontier,"F=16, p=1",16,1,baseline,3,IBM QPU,16,16,17,17,-0.043474674434745786,0.001303381499603802,0,1.8240490368137685e-10,0.046999793499708176
calibration_day_2_frontier,"F=16, p=1",16,1,baseline,3,Uniform random,16,16,17,17,-0.04431777351979492,0.0021464805846529364,0,1.6700041571837687e-08,0.05043264105916023
calibration_day_2_frontier,"F=16, p=1",16,1,baseline,3,QUBO reference,16,16,17,17,-0.0443082362516705,0.002136943316528514,0,2.1148861384379103e-08,0.05128275230526924
calibration_day_2_frontier,"F=16, p=1",16,1,baseline,3,Classical LNS,16,16,17,17,-0.0443082362516705,0.002136943316528514,0,2.1148861384379103e-08,0.05023250728845596
calibration_day_2_frontier,"F=16, p=1",16,1,baseline,3,IBM QPU,32,32,33,33,-0.043474674434745786,0.001303381499603802,0,1.8240490368137685e-10,0.09400972351431847
calibration_day_2_frontier,"F=16, p=1",16,1,baseline,3,Uniform random,32,32,33,33,-0.04431777351979492,0.0021464805846529364,0,1.6700041571837687e-08,0.09935309365391731
calibration_day_2_frontier,"F=16, p=1",16,1,baseline,3,QUBO reference,32,32,33,33,-0.0443082362516705,0.002136943316528514,0,2.1148861384379103e-08,0.3255310170352459
calibration_day_2_frontier,"F=16, p=1",16,1,baseline,3,Classical LNS,32,32,33,33,-0.0443082362516705,0.002136943316528514,0,2.1148861384379103e-08,0.10707269608974457
calibration_day_2_frontier,"F=16, p=1",16,1,baseline,3,IBM QPU,64,64,65,65,-0.04392997126568779,0.0017586783305458056,0,2.7512547684516164e-08,0.19019677489995956
calibration_day_2_frontier,"F=16, p=1",16,1,baseline,3,Uniform random,64,64,65,65,-0.04431777351979492,0.0021464805846529364,0,1.6700041571837687e-08,0.19492246210575104
calibration_day_2_frontier,"F=16, p=1",16,1,baseline,3,QUBO reference,64,64,65,65,-0.0443082362516705,0.002136943316528514,0,2.1148861384379103e-08,0.20035991445183754
calibration_day_2_frontier,"F=16, p=1",16,1,baseline,3,Classical LNS,64,64,65,65,-0.0443082362516705,0.002136943316528514,0,2.1148861384379103e-08,0.20064882189035416
calibration_day_2_frontier,"F=16, p=2",16,2,baseline,1,IBM QPU,4,4,5,5,-0.04386583238477212,0.0016945394496301336,0,3.195868808480995e-08,0.031216416507959366
calibration_day_2_frontier,"F=16, p=2",16,2,baseline,1,Uniform random,4,4,5,5,-0.04380052122138116,0.0016292282862391747,0,2.5925717128671977e-09,0.03064381703734398
calibration_day_2_frontier,"F=16, p=2",16,2,baseline,1,QUBO reference,4,4,5,5,-0.0443082362516705,0.002136943316528514,0,2.1148861384379103e-08,0.029864896088838577
calibration_day_2_frontier,"F=16, p=2",16,2,baseline,1,Classical LNS,4,4,5,5,-0.0443082362516705,0.002136943316528514,0,2.1148861384379103e-08,0.029472999274730682
calibration_day_2_frontier,"F=16, p=2",16,2,baseline,1,IBM QPU,8,8,9,9,-0.04386583238477212,0.0016945394496301336,0,3.195868808480995e-08,0.02376599982380867
calibration_day_2_frontier,"F=16, p=2",16,2,baseline,1,Uniform random,8,8,9,9,-0.0439226675476771,0.001751374612535113,0,3.252365254891032e-08,0.025228239595890045
calibration_day_2_frontier,"F=16, p=2",16,2,baseline,1,QUBO reference,8,8,9,9,-0.0443082362516705,0.002136943316528514,0,2.1148861384379103e-08,0.026558663696050644
calibration_day_2_frontier,"F=16, p=2",16,2,baseline,1,Classical LNS,8,8,9,9,-0.0443082362516705,0.002136943316528514,0,2.1148861384379103e-08,0.025148283690214157
calibration_day_2_frontier,"F=16, p=2",16,2,baseline,1,IBM QPU,16,16,17,17,-0.04386583238477212,0.0016945394496301336,0,3.195868808480995e-08,0.05075012892484665
calibration_day_2_frontier,"F=16, p=2",16,2,baseline,1,Uniform random,16,16,17,17,-0.0439226675476771,0.001751374612535113,0,3.252365254891032e-08,0.04892728850245476
calibration_day_2_frontier,"F=16, p=2",16,2,baseline,1,QUBO reference,16,16,17,17,-0.0443082362516705,0.002136943316528514,0,2.1148861384379103e-08,0.2684391215443611
calibration_day_2_frontier,"F=16, p=2",16,2,baseline,1,Classical LNS,16,16,17,17,-0.0443082362516705,0.002136943316528514,0,2.1148861384379103e-08,0.05068656802177429
calibration_day_2_frontier,"F=16, p=2",16,2,baseline,1,IBM QPU,32,32,33,33,-0.04386583238477212,0.0016945394496301336,0,3.195868808480995e-08,0.09453023597598076
calibration_day_2_frontier,"F=16, p=2",16,2,baseline,1,Uniform random,32,32,33,33,-0.044163344143658405,0.001992051208516421,0,4.836600348001596e-08,0.09804175049066544
calibration_day_2_frontier,"F=16, p=2",16,2,baseline,1,QUBO reference,32,32,33,33,-0.0443082362516705,0.002136943316528514,0,2.1148861384379103e-08,0.10445155575871468
calibration_day_2_frontier,"F=16, p=2",16,2,baseline,1,Classical LNS,32,32,33,33,-0.0443082362516705,0.002136943316528514,0,2.1148861384379103e-08,0.10666947811841965
calibration_day_2_frontier,"F=16, p=2",16,2,baseline,1,IBM QPU,64,64,65,65,-0.044243186399408295,0.002071893464266311,0,3.29740860172123e-08,0.18892007693648338
calibration_day_2_frontier,"F=16, p=2",16,2,baseline,1,Uniform random,64,64,65,65,-0.044369109707841956,0.0021978167726999717,0,3.376545598676728e-09,0.1931007169187069
calibration_day_2_frontier,"F=16, p=2",16,2,baseline,1,QUBO reference,64,64,65,65,-0.0443082362516705,0.002136943316528514,0,2.1148861384379103e-08,0.200995285063982
calibration_day_2_frontier,"F=16, p=2",16,2,baseline,1,Classical LNS,64,64,65,65,-0.0443082362516705,0.002136943316528514,0,2.1148861384379103e-08,0.4322375915944576
calibration_day_2_frontier,"F=16, p=2",16,2,baseline,2,IBM QPU,4,4,5,5,-0.044008796609623015,0.0018375036744810308,0,1.5013292331556016e-08,0.0324166975915432
calibration_day_2_frontier,"F=16, p=2",16,2,baseline,2,Uniform random,4,4,5,5,-0.04387494980739787,0.0017036568722558834,0,1.7434572840979712e-08,0.029789835214614868
calibration_day_2_frontier,"F=16, p=2",16,2,baseline,2,QUBO reference,4,4,5,5,-0.0443082362516705,0.002136943316528514,0,2.1148861384379103e-08,0.03024989366531372
calibration_day_2_frontier,"F=16, p=2",16,2,baseline,2,Classical LNS,4,4,5,5,-0.0443082362516705,0.002136943316528514,0,2.1148861384379103e-08,0.029619742184877396
calibration_day_2_frontier,"F=16, p=2",16,2,baseline,2,IBM QPU,8,8,9,9,-0.044008796609623015,0.0018375036744810308,0,1.5013292331556016e-08,0.024094924330711365
calibration_day_2_frontier,"F=16, p=2",16,2,baseline,2,Uniform random,8,8,9,9,-0.04412693492971805,0.0019556419945760684,0,1.8276902777683568e-09,0.02379060536623001
calibration_day_2_frontier,"F=16, p=2",16,2,baseline,2,QUBO reference,8,8,9,9,-0.0443082362516705,0.002136943316528514,0,2.1148861384379103e-08,0.026532325893640518
calibration_day_2_frontier,"F=16, p=2",16,2,baseline,2,Classical LNS,8,8,9,9,-0.0443082362516705,0.002136943316528514,0,2.1148861384379103e-08,0.025155991315841675
calibration_day_2_frontier,"F=16, p=2",16,2,baseline,2,IBM QPU,16,16,17,17,-0.044008796609623015,0.0018375036744810308,0,1.5013292331556016e-08,0.047623611986637115
calibration_day_2_frontier,"F=16, p=2",16,2,baseline,2,Uniform random,16,16,17,17,-0.04429638076874708,0.0021250878336050993,0,1.698799223515124e-08,0.05022997409105301
calibration_day_2_frontier,"F=16, p=2",16,2,baseline,2,QUBO reference,16,16,17,17,-0.0443082362516705,0.002136943316528514,0,2.1148861384379103e-08,0.05150320380926132
calibration_day_2_frontier,"F=16, p=2",16,2,baseline,2,Classical LNS,16,16,17,17,-0.0443082362516705,0.002136943316528514,0,2.1148861384379103e-08,0.050232790410518646
calibration_day_2_frontier,"F=16, p=2",16,2,baseline,2,IBM QPU,32,32,33,33,-0.044008796609623015,0.0018375036744810308,0,1.5013292331556016e-08,0.09450976550579071
calibration_day_2_frontier,"F=16, p=2",16,2,baseline,2,Uniform random,32,32,33,33,-0.04429638076874708,0.0021250878336050993,0,1.698799223515124e-08,0.1027105525135994
calibration_day_2_frontier,"F=16, p=2",16,2,baseline,2,QUBO reference,32,32,33,33,-0.0443082362516705,0.002136943316528514,0,2.1148861384379103e-08,0.10441604629158974
calibration_day_2_frontier,"F=16, p=2",16,2,baseline,2,Classical LNS,32,32,33,33,-0.0443082362516705,0.002136943316528514,0,2.1148861384379103e-08,0.10684937611222267
calibration_day_2_frontier,"F=16, p=2",16,2,baseline,2,IBM QPU,64,64,65,65,-0.04435525529990135,0.002183962364759366,0,3.5559162170351044e-08,0.19087282568216324
calibration_day_2_frontier,"F=16, p=2",16,2,baseline,2,Uniform random,64,64,65,65,-0.04429638076874708,0.0021250878336050993,0,1.698799223515124e-08,0.19248728454113007
calibration_day_2_frontier,"F=16, p=2",16,2,baseline,2,QUBO reference,64,64,65,65,-0.0443082362516705,0.002136943316528514,0,2.1148861384379103e-08,0.2011858895421028
calibration_day_2_frontier,"F=16, p=2",16,2,baseline,2,Classical LNS,64,64,65,65,-0.0443082362516705,0.002136943316528514,0,2.1148861384379103e-08,0.20129979401826859
calibration_day_2_frontier,"F=16, p=2",16,2,baseline,3,IBM QPU,4,4,5,5,-0.04381817188492775,0.0016468789497857683,0,1.492922224732851e-08,0.03146369382739067
calibration_day_2_frontier,"F=16, p=2",16,2,baseline,3,Uniform random,4,4,5,5,-0.04392947037649759,0.0017581774413556045,0,1.4110429602531838e-08,0.24513570219278336
calibration_day_2_frontier,"F=16, p=2",16,2,baseline,3,QUBO reference,4,4,5,5,-0.0443082362516705,0.002136943316528514,0,2.1148861384379103e-08,0.030043259263038635
calibration_day_2_frontier,"F=16, p=2",16,2,baseline,3,Classical LNS,4,4,5,5,-0.0443082362516705,0.002136943316528514,0,2.1148861384379103e-08,0.02962435781955719
calibration_day_2_frontier,"F=16, p=2",16,2,baseline,3,IBM QPU,8,8,9,9,-0.04381825730310356,0.0016469643679615786,0,1.8137103097171092e-08,0.025421328842639923
calibration_day_2_frontier,"F=16, p=2",16,2,baseline,3,Uniform random,8,8,9,9,-0.04392947037649759,0.0017581774413556045,0,1.4110429602531838e-08,0.023814469575881958
calibration_day_2_frontier,"F=16, p=2",16,2,baseline,3,QUBO reference,8,8,9,9,-0.0443082362516705,0.002136943316528514,0,2.1148861384379103e-08,0.02665945142507553
calibration_day_2_frontier,"F=16, p=2",16,2,baseline,3,Classical LNS,8,8,9,9,-0.0443082362516705,0.002136943316528514,0,2.1148861384379103e-08,0.02508218213915825
calibration_day_2_frontier,"F=16, p=2",16,2,baseline,3,IBM QPU,16,16,17,17,-0.04381825730310356,0.0016469643679615786,0,1.8137103097171092e-08,0.04937749728560448
calibration_day_2_frontier,"F=16, p=2",16,2,baseline,3,Uniform random,16,16,17,17,-0.04392947037649759,0.0017581774413556045,0,1.4110429602531838e-08,0.04994255304336548
calibration_day_2_frontier,"F=16, p=2",16,2,baseline,3,QUBO reference,16,16,17,17,-0.0443082362516705,0.002136943316528514,0,2.1148861384379103e-08,0.05144704133272171
calibration_day_2_frontier,"F=16, p=2",16,2,baseline,3,Classical LNS,16,16,17,17,-0.0443082362516705,0.002136943316528514,0,2.1148861384379103e-08,0.05017121136188507
calibration_day_2_frontier,"F=16, p=2",16,2,baseline,3,IBM QPU,32,32,33,33,-0.04381825730310356,0.0016469643679615786,0,1.8137103097171092e-08,0.09430750086903572
calibration_day_2_frontier,"F=16, p=2",16,2,baseline,3,Uniform random,32,32,33,33,-0.04417331219434195,0.0020020192591999678,0,2.4413498000974698e-08,0.0969076119363308
calibration_day_2_frontier,"F=16, p=2",16,2,baseline,3,QUBO reference,32,32,33,33,-0.0443082362516705,0.002136943316528514,0,2.1148861384379103e-08,0.10482778027653694
calibration_day_2_frontier,"F=16, p=2",16,2,baseline,3,Classical LNS,32,32,33,33,-0.0443082362516705,0.002136943316528514,0,2.1148861384379103e-08,0.10829358547925949
calibration_day_2_frontier,"F=16, p=2",16,2,baseline,3,IBM QPU,64,64,65,65,-0.04435266001659999,0.0021813670814580036,0,2.120303710384519e-08,0.18909529969096184
calibration_day_2_frontier,"F=16, p=2",16,2,baseline,3,Uniform random,64,64,65,65,-0.044415460075870654,0.00224416714072867,0,1.0789687754364508e-09,0.19498466327786446
calibration_day_2_frontier,"F=16, p=2",16,2,baseline,3,QUBO reference,64,64,65,65,-0.0443082362516705,0.002136943316528514,0,2.1148861384379103e-08,0.432801466435194
calibration_day_2_frontier,"F=16, p=2",16,2,baseline,3,Classical LNS,64,64,65,65,-0.0443082362516705,0.002136943316528514,0,2.1148861384379103e-08,0.20125838741660118
calibration_day_2_frontier,"F=20, p=1",20,1,baseline,1,IBM QPU,4,4,5,5,-0.043755807892999175,0.0015845149578571915,0,3.481544763594968e-08,0.03255400434136391
calibration_day_2_frontier,"F=20, p=1",20,1,baseline,1,Uniform random,4,4,5,5,-0.043813837899927655,0.0016425449647856707,0,1.6301074268199045e-08,0.02993379533290863
calibration_day_2_frontier,"F=20, p=1",20,1,baseline,1,QUBO reference,4,4,5,5,-0.04435876246875767,0.002187469533615684,0,6.029761343007145e-10,0.030811652541160583
calibration_day_2_frontier,"F=20, p=1",20,1,baseline,1,Classical LNS,4,4,5,5,-0.04399526741666369,0.0018239744815217035,0,3.349987220957473e-08,0.03053482621908188
calibration_day_2_frontier,"F=20, p=1",20,1,baseline,1,IBM QPU,8,8,9,9,-0.043755807892999175,0.0015845149578571915,0,3.481544763594968e-08,0.02515454962849617
calibration_day_2_frontier,"F=20, p=1",20,1,baseline,1,Uniform random,8,8,9,9,-0.0440809933271617,0.0019097003920197156,0,1.7495696350011691e-09,0.024836108088493347
calibration_day_2_frontier,"F=20, p=1",20,1,baseline,1,QUBO reference,8,8,9,9,-0.04435876246875767,0.002187469533615684,0,6.029761343007145e-10,0.02403341233730316
calibration_day_2_frontier,"F=20, p=1",20,1,baseline,1,Classical LNS,8,8,9,9,-0.04435876246875767,0.002187469533615684,0,6.029761343007145e-10,0.025255579501390457
calibration_day_2_frontier,"F=20, p=1",20,1,baseline,1,IBM QPU,16,16,17,17,-0.043755807892999175,0.0015845149578571915,0,3.481544763594968e-08,0.048275504261255264
calibration_day_2_frontier,"F=20, p=1",20,1,baseline,1,Uniform random,16,16,17,17,-0.0440809933271617,0.0019097003920197156,0,1.7495696350011691e-09,0.048445407301187515
calibration_day_2_frontier,"F=20, p=1",20,1,baseline,1,QUBO reference,16,16,17,17,-0.04435876246875767,0.002187469533615684,0,6.029761343007145e-10,0.04940639063715935
calibration_day_2_frontier,"F=20, p=1",20,1,baseline,1,Classical LNS,16,16,17,17,-0.04435876246875767,0.002187469533615684,0,6.029761343007145e-10,0.048681437969207764
calibration_day_2_frontier,"F=20, p=1",20,1,baseline,1,IBM QPU,32,32,33,33,-0.043755807892999175,0.0015845149578571915,0,3.481544763594968e-08,0.09842568263411522
calibration_day_2_frontier,"F=20, p=1",20,1,baseline,1,Uniform random,32,32,33,33,-0.0440809933271617,0.0019097003920197156,0,1.7495696350011691e-09,0.09889447689056396
calibration_day_2_frontier,"F=20, p=1",20,1,baseline,1,QUBO reference,32,32,33,33,-0.04435876246875767,0.002187469533615684,0,6.029761343007145e-10,0.09739499911665916
calibration_day_2_frontier,"F=20, p=1",20,1,baseline,1,Classical LNS,32,32,33,33,-0.04435876246875767,0.002187469533615684,0,6.029761343007145e-10,0.09794022142887115
calibration_day_2_frontier,"F=20, p=1",20,1,baseline,1,IBM QPU,64,64,65,65,-0.04413480948966506,0.0019635165545230787,0,2.908195606554642e-08,0.19393633678555489
calibration_day_2_frontier,"F=20, p=1",20,1,baseline,1,Uniform random,64,64,65,65,-0.044401779198115325,0.0022304862629733413,0,2.7558256454618402e-08,0.19279343262314796
calibration_day_2_frontier,"F=20, p=1",20,1,baseline,1,QUBO reference,64,64,65,65,-0.04435876246875767,0.002187469533615684,0,6.029761343007145e-10,0.4203501231968403
calibration_day_2_frontier,"F=20, p=1",20,1,baseline,1,Classical LNS,64,64,65,65,-0.04435876246875767,0.002187469533615684,0,6.029761343007145e-10,0.18971816450357437
calibration_day_2_frontier,"F=20, p=1",20,1,baseline,2,IBM QPU,4,4,5,5,-0.04367557257216542,0.0015042796370234382,0,1.0154362628522762e-09,0.03019888699054718
calibration_day_2_frontier,"F=20, p=1",20,1,baseline,2,Uniform random,4,4,5,5,-0.04394926202120704,0.0017779690860650552,0,1.2072257429829314e-09,0.030607856810092926
calibration_day_2_frontier,"F=20, p=1",20,1,baseline,2,QUBO reference,4,4,5,5,-0.04435876246875767,0.002187469533615684,0,6.029761343007145e-10,0.030512545257806778
calibration_day_2_frontier,"F=20, p=1",20,1,baseline,2,Classical LNS,4,4,5,5,-0.04399526741666369,0.0018239744815217035,0,3.349987220957473e-08,0.0303056463599205
calibration_day_2_frontier,"F=20, p=1",20,1,baseline,2,IBM QPU,8,8,9,9,-0.04367557257216542,0.0015042796370234382,0,1.0154362628522762e-09,0.02483413740992546
calibration_day_2_frontier,"F=20, p=1",20,1,baseline,2,Uniform random,8,8,9,9,-0.04394926202120704,0.0017779690860650552,0,1.2072257429829314e-09,0.02349281683564186
calibration_day_2_frontier,"F=20, p=1",20,1,baseline,2,QUBO reference,8,8,9,9,-0.04435876246875767,0.002187469533615684,0,6.029761343007145e-10,0.024075042456388474
calibration_day_2_frontier,"F=20, p=1",20,1,baseline,2,Classical LNS,8,8,9,9,-0.04435876246875767,0.002187469533615684,0,6.029761343007145e-10,0.02524629235267639
calibration_day_2_frontier,"F=20, p=1",20,1,baseline,2,IBM QPU,16,16,17,17,-0.04367557257216542,0.0015042796370234382,0,1.0154362628522762e-09,0.04914522171020508
calibration_day_2_frontier,"F=20, p=1",20,1,baseline,2,Uniform random,16,16,17,17,-0.04408801438984804,0.0019167214547060538,0,1.852422781833951e-08,0.047809600830078125
calibration_day_2_frontier,"F=20, p=1",20,1,baseline,2,QUBO reference,16,16,17,17,-0.04435876246875767,0.002187469533615684,0,6.029761343007145e-10,0.04935505613684654
calibration_day_2_frontier,"F=20, p=1",20,1,baseline,2,Classical LNS,16,16,17,17,-0.04435876246875767,0.002187469533615684,0,6.029761343007145e-10,0.048701122403144836
calibration_day_2_frontier,"F=20, p=1",20,1,baseline,2,IBM QPU,32,32,33,33,-0.04367557257216542,0.0015042796370234382,0,1.0154362628522762e-09,0.09690220654010773
calibration_day_2_frontier,"F=20, p=1",20,1,baseline,2,Uniform random,32,32,33,33,-0.044229220358647854,0.0020579274235058703,0,7.528915157983818e-09,0.09838534891605377
calibration_day_2_frontier,"F=20, p=1",20,1,baseline,2,QUBO reference,32,32,33,33,-0.04435876246875767,0.002187469533615684,0,6.029761343007145e-10,0.09767818823456764
calibration_day_2_frontier,"F=20, p=1",20,1,baseline,2,Classical LNS,32,32,33,33,-0.04435876246875767,0.002187469533615684,0,6.029761343007145e-10,0.09813671186566353
calibration_day_2_frontier,"F=20, p=1",20,1,baseline,2,IBM QPU,64,64,65,65,-0.04396361376814408,0.0017923208330020979,0,2.3643740437728766e-10,0.19249844178557396
calibration_day_2_frontier,"F=20, p=1",20,1,baseline,2,Uniform random,64,64,65,65,-0.04430736141435423,0.002136068479212244,0,2.7685329473392528e-08,0.42166486009955406
calibration_day_2_frontier,"F=20, p=1",20,1,baseline,2,QUBO reference,64,64,65,65,-0.04435876246875767,0.002187469533615684,0,6.029761343007145e-10,0.18917806819081306
calibration_day_2_frontier,"F=20, p=1",20,1,baseline,2,Classical LNS,64,64,65,65,-0.04435876246875767,0.002187469533615684,0,6.029761343007145e-10,0.19002171605825424
calibration_day_2_frontier,"F=20, p=1",20,1,baseline,3,IBM QPU,4,4,5,5,-0.04350714436584356,0.0013358514307015776,0,5.838863947893458e-09,0.03177865594625473
calibration_day_2_frontier,"F=20, p=1",20,1,baseline,3,Uniform random,4,4,5,5,-0.043646700467779125,0.0014754075326371408,0,1.5741343784014816e-09,0.030784286558628082
calibration_day_2_frontier,"F=20, p=1",20,1,baseline,3,QUBO reference,4,4,5,5,-0.04435876246875767,0.002187469533615684,0,6.029761343007145e-10,0.03070303425192833
calibration_day_2_frontier,"F=20, p=1",20,1,baseline,3,Classical LNS,4,4,5,5,-0.04399526741666369,0.0018239744815217035,0,3.349987220957473e-08,0.03009911999106407
calibration_day_2_frontier,"F=20, p=1",20,1,baseline,3,IBM QPU,8,8,9,9,-0.04350714436584356,0.0013358514307015776,0,5.838863947893458e-09,0.023740991950035095
calibration_day_2_frontier,"F=20, p=1",20,1,baseline,3,Uniform random,8,8,9,9,-0.04401847919030591,0.0018471862551639254,0,4.071348008727327e-08,0.02454191818833351
calibration_day_2_frontier,"F=20, p=1",20,1,baseline,3,QUBO reference,8,8,9,9,-0.04435876246875767,0.002187469533615684,0,6.029761343007145e-10,0.024032846093177795
calibration_day_2_frontier,"F=20, p=1",20,1,baseline,3,Classical LNS,8,8,9,9,-0.04435876246875767,0.002187469533615684,0,6.029761343007145e-10,0.02528918907046318
calibration_day_2_frontier,"F=20, p=1",20,1,baseline,3,IBM QPU,16,16,17,17,-0.04350714436584356,0.0013358514307015776,0,5.838863947893458e-09,0.050749942660331726
calibration_day_2_frontier,"F=20, p=1",20,1,baseline,3,Uniform random,16,16,17,17,-0.04401847919030591,0.0018471862551639254,0,4.071348008727327e-08,0.05008861422538757
calibration_day_2_frontier,"F=20, p=1",20,1,baseline,3,QUBO reference,16,16,17,17,-0.04435876246875767,0.002187469533615684,0,6.029761343007145e-10,0.049462467432022095
calibration_day_2_frontier,"F=20, p=1",20,1,baseline,3,Classical LNS,16,16,17,17,-0.04435876246875767,0.002187469533615684,0,6.029761343007145e-10,0.04839226230978966
calibration_day_2_frontier,"F=20, p=1",20,1,baseline,3,IBM QPU,32,32,33,33,-0.04350714436584356,0.0013358514307015776,0,5.838863947893458e-09,0.09471112862229347
calibration_day_2_frontier,"F=20, p=1",20,1,baseline,3,Uniform random,32,32,33,33,-0.04446110804722664,0.0022898151120846547,0,4.3188912557390324e-08,0.09738817438483238
calibration_day_2_frontier,"F=20, p=1",20,1,baseline,3,QUBO reference,32,32,33,33,-0.04435876246875767,0.002187469533615684,0,6.029761343007145e-10,0.09707525745034218
calibration_day_2_frontier,"F=20, p=1",20,1,baseline,3,Classical LNS,32,32,33,33,-0.04435876246875767,0.002187469533615684,0,6.029761343007145e-10,0.09773198887705803
calibration_day_2_frontier,"F=20, p=1",20,1,baseline,3,IBM QPU,64,64,65,65,-0.04394198775563059,0.0017706948204886039,0,2.1004078032405005e-08,0.19010843336582184
calibration_day_2_frontier,"F=20, p=1",20,1,baseline,3,Uniform random,64,64,65,65,-0.04446110804722664,0.0022898151120846547,0,4.3188912557390324e-08,0.42001110315322876
calibration_day_2_frontier,"F=20, p=1",20,1,baseline,3,QUBO reference,64,64,65,65,-0.04435876246875767,0.002187469533615684,0,6.029761343007145e-10,0.18940706923604012
calibration_day_2_frontier,"F=20, p=1",20,1,baseline,3,Classical LNS,64,64,65,65,-0.04435876246875767,0.002187469533615684,0,6.029761343007145e-10,0.18893129006028175
calibration_day_2_frontier,"F=20, p=2",20,2,baseline,1,IBM QPU,4,4,5,5,-0.04390811190864137,0.0017368189734993864,0,2.6060081814716085e-08,0.030790559947490692
calibration_day_2_frontier,"F=20, p=2",20,2,baseline,1,Uniform random,4,4,5,5,-0.04407498005967838,0.0019036871245363962,0,2.337408666619467e-08,0.03078683465719223
calibration_day_2_frontier,"F=20, p=2",20,2,baseline,1,QUBO reference,4,4,5,5,-0.04435876246875767,0.002187469533615684,0,6.029761343007145e-10,0.03065646067261696
calibration_day_2_frontier,"F=20, p=2",20,2,baseline,1,Classical LNS,4,4,5,5,-0.04399526741666369,0.0018239744815217035,0,3.349987220957473e-08,0.030240975320339203
calibration_day_2_frontier,"F=20, p=2",20,2,baseline,1,IBM QPU,8,8,9,9,-0.04390811190864137,0.0017368189734993864,0,2.6060081814716085e-08,0.02420048788189888
calibration_day_2_frontier,"F=20, p=2",20,2,baseline,1,Uniform random,8,8,9,9,-0.04432821907016206,0.002156926135020075,0,3.963673567142223e-08,0.02464495599269867
calibration_day_2_frontier,"F=20, p=2",20,2,baseline,1,QUBO reference,8,8,9,9,-0.04435876246875767,0.002187469533615684,0,6.029761343007145e-10,0.0240609273314476
calibration_day_2_frontier,"F=20, p=2",20,2,baseline,1,Classical LNS,8,8,9,9,-0.04435876246875767,0.002187469533615684,0,6.029761343007145e-10,0.025225389748811722
calibration_day_2_frontier,"F=20, p=2",20,2,baseline,1,IBM QPU,16,16,17,17,-0.04390811190864137,0.0017368189734993864,0,2.6060081814716085e-08,0.04895884171128273
calibration_day_2_frontier,"F=20, p=2",20,2,baseline,1,Uniform random,16,16,17,17,-0.04432821907016206,0.002156926135020075,0,3.963673567142223e-08,0.04866810888051987
calibration_day_2_frontier,"F=20, p=2",20,2,baseline,1,QUBO reference,16,16,17,17,-0.04435876246875767,0.002187469533615684,0,6.029761343007145e-10,0.049356039613485336
calibration_day_2_frontier,"F=20, p=2",20,2,baseline,1,Classical LNS,16,16,17,17,-0.04435876246875767,0.002187469533615684,0,6.029761343007145e-10,0.04861654341220856
calibration_day_2_frontier,"F=20, p=2",20,2,baseline,1,IBM QPU,32,32,33,33,-0.04390811190864137,0.0017368189734993864,0,2.6060081814716085e-08,0.09921302646398544
calibration_day_2_frontier,"F=20, p=2",20,2,baseline,1,Uniform random,32,32,33,33,-0.04432821907016206,0.002156926135020075,0,3.963673567142223e-08,0.09991194680333138
calibration_day_2_frontier,"F=20, p=2",20,2,baseline,1,QUBO reference,32,32,33,33,-0.04435876246875767,0.002187469533615684,0,6.029761343007145e-10,0.09708519652485847
calibration_day_2_frontier,"F=20, p=2",20,2,baseline,1,Classical LNS,32,32,33,33,-0.04435876246875767,0.002187469533615684,0,6.029761343007145e-10,0.09796479344367981
calibration_day_2_frontier,"F=20, p=2",20,2,baseline,1,IBM QPU,64,64,65,65,-0.044002221943005425,0.001830929007863441,0,8.901061887556239e-09,0.4176851399242878
calibration_day_2_frontier,"F=20, p=2",20,2,baseline,1,Uniform random,64,64,65,65,-0.04432821907016206,0.002156926135020075,0,3.963673567142223e-08,0.19121477380394936
calibration_day_2_frontier,"F=20, p=2",20,2,baseline,1,QUBO reference,64,64,65,65,-0.04435876246875767,0.002187469533615684,0,6.029761343007145e-10,0.18977558985352516
calibration_day_2_frontier,"F=20, p=2",20,2,baseline,1,Classical LNS,64,64,65,65,-0.04435876246875767,0.002187469533615684,0,6.029761343007145e-10,0.19043245911598206
calibration_day_2_frontier,"F=20, p=2",20,2,baseline,2,IBM QPU,4,4,5,5,-0.044282650166799734,0.0021113572316577497,0,2.4384766650342726e-08,0.031748708337545395
calibration_day_2_frontier,"F=20, p=2",20,2,baseline,2,Uniform random,4,4,5,5,-0.04410822800904127,0.0019369350738992833,0,1.5205620096381267e-09,0.03030603751540184
calibration_day_2_frontier,"F=20, p=2",20,2,baseline,2,QUBO reference,4,4,5,5,-0.04435876246875767,0.002187469533615684,0,6.029761343007145e-10,0.03070645034313202
calibration_day_2_frontier,"F=20, p=2",20,2,baseline,2,Classical LNS,4,4,5,5,-0.04399526741666369,0.0018239744815217035,0,3.349987220957473e-08,0.030318643897771835
calibration_day_2_frontier,"F=20, p=2",20,2,baseline,2,IBM QPU,8,8,9,9,-0.044282650166799734,0.0021113572316577497,0,2.4384766650342726e-08,0.025096505880355835
calibration_day_2_frontier,"F=20, p=2",20,2,baseline,2,Uniform random,8,8,9,9,-0.04410822800904127,0.0019369350738992833,0,1.5205620096381267e-09,0.024274654686450958
calibration_day_2_frontier,"F=20, p=2",20,2,baseline,2,QUBO reference,8,8,9,9,-0.04435876246875767,0.002187469533615684,0,6.029761343007145e-10,0.024032462388277054
calibration_day_2_frontier,"F=20, p=2",20,2,baseline,2,Classical LNS,8,8,9,9,-0.04435876246875767,0.002187469533615684,0,6.029761343007145e-10,0.02527301013469696
calibration_day_2_frontier,"F=20, p=2",20,2,baseline,2,IBM QPU,16,16,17,17,-0.044282650166799734,0.0021113572316577497,0,2.4384766650342726e-08,0.04908761754631996
calibration_day_2_frontier,"F=20, p=2",20,2,baseline,2,Uniform random,16,16,17,17,-0.04410822800904127,0.0019369350738992833,0,1.5205620096381267e-09,0.04955267906188965
calibration_day_2_frontier,"F=20, p=2",20,2,baseline,2,QUBO reference,16,16,17,17,-0.04435876246875767,0.002187469533615684,0,6.029761343007145e-10,0.04948706552386284
calibration_day_2_frontier,"F=20, p=2",20,2,baseline,2,Classical LNS,16,16,17,17,-0.04435876246875767,0.002187469533615684,0,6.029761343007145e-10,0.04860890284180641
calibration_day_2_frontier,"F=20, p=2",20,2,baseline,2,IBM QPU,32,32,33,33,-0.044282650166799734,0.0021113572316577497,0,2.4384766650342726e-08,0.09763046726584435
calibration_day_2_frontier,"F=20, p=2",20,2,baseline,2,Uniform random,32,32,33,33,-0.04428857050049121,0.0021172775653492265,0,1.0920685467041835e-09,0.09855722263455391
calibration_day_2_frontier,"F=20, p=2",20,2,baseline,2,QUBO reference,32,32,33,33,-0.04435876246875767,0.002187469533615684,0,6.029761343007145e-10,0.09725212305784225
calibration_day_2_frontier,"F=20, p=2",20,2,baseline,2,Classical LNS,32,32,33,33,-0.04435876246875767,0.002187469533615684,0,6.029761343007145e-10,0.3210587836802006
calibration_day_2_frontier,"F=20, p=2",20,2,baseline,2,IBM QPU,64,64,65,65,-0.044282650166799734,0.0021113572316577497,0,2.4384766650342726e-08,0.19216158241033554
calibration_day_2_frontier,"F=20, p=2",20,2,baseline,2,Uniform random,64,64,65,65,-0.04428857050049121,0.0021172775653492265,0,1.0920685467041835e-09,0.1947765313088894
calibration_day_2_frontier,"F=20, p=2",20,2,baseline,2,QUBO reference,64,64,65,65,-0.04435876246875767,0.002187469533615684,0,6.029761343007145e-10,0.18955098092556
calibration_day_2_frontier,"F=20, p=2",20,2,baseline,2,Classical LNS,64,64,65,65,-0.04435876246875767,0.002187469533615684,0,6.029761343007145e-10,0.190138328820467
calibration_day_2_frontier,"F=20, p=2",20,2,baseline,3,IBM QPU,4,4,5,5,-0.04376289956394126,0.0015916066287992789,0,1.0899907532113673e-08,0.030944250524044037
calibration_day_2_frontier,"F=20, p=2",20,2,baseline,3,Uniform random,4,4,5,5,-0.04387179553777235,0.0017005026026303688,0,8.510501262048997e-10,0.029806382954120636
calibration_day_2_frontier,"F=20, p=2",20,2,baseline,3,QUBO reference,4,4,5,5,-0.04435876246875767,0.002187469533615684,0,6.029761343007145e-10,0.030669964849948883
calibration_day_2_frontier,"F=20, p=2",20,2,baseline,3,Classical LNS,4,4,5,5,-0.04399526741666369,0.0018239744815217035,0,3.349987220957473e-08,0.030233141034841537
calibration_day_2_frontier,"F=20, p=2",20,2,baseline,3,IBM QPU,8,8,9,9,-0.04376289956394126,0.0015916066287992789,0,1.0899907532113673e-08,0.024011358618736267
calibration_day_2_frontier,"F=20, p=2",20,2,baseline,3,Uniform random,8,8,9,9,-0.04387179553777235,0.0017005026026303688,0,8.510501262048997e-10,0.02401003986597061
calibration_day_2_frontier,"F=20, p=2",20,2,baseline,3,QUBO reference,8,8,9,9,-0.04435876246875767,0.002187469533615684,0,6.029761343007145e-10,0.023978233337402344
calibration_day_2_frontier,"F=20, p=2",20,2,baseline,3,Classical LNS,8,8,9,9,-0.04435876246875767,0.002187469533615684,0,6.029761343007145e-10,0.025229327380657196
calibration_day_2_frontier,"F=20, p=2",20,2,baseline,3,IBM QPU,16,16,17,17,-0.04376289956394126,0.0015916066287992789,0,1.0899907532113673e-08,0.049425408244132996
calibration_day_2_frontier,"F=20, p=2",20,2,baseline,3,Uniform random,16,16,17,17,-0.044364078309360705,0.002192785374218721,0,4.797860997385328e-10,0.04874194785952568
calibration_day_2_frontier,"F=20, p=2",20,2,baseline,3,QUBO reference,16,16,17,17,-0.04435876246875767,0.002187469533615684,0,6.029761343007145e-10,0.04946477711200714
calibration_day_2_frontier,"F=20, p=2",20,2,baseline,3,Classical LNS,16,16,17,17,-0.04435876246875767,0.002187469533615684,0,6.029761343007145e-10,0.04867543280124664
calibration_day_2_frontier,"F=20, p=2",20,2,baseline,3,IBM QPU,32,32,33,33,-0.04376289956394126,0.0015916066287992789,0,1.0899907532113673e-08,0.09614092856645584
calibration_day_2_frontier,"F=20, p=2",20,2,baseline,3,Uniform random,32,32,33,33,-0.044364078309360705,0.002192785374218721,0,4.797860997385328e-10,0.32203080877661705
calibration_day_2_frontier,"F=20, p=2",20,2,baseline,3,QUBO reference,32,32,33,33,-0.04435876246875767,0.002187469533615684,0,6.029761343007145e-10,0.09728479385375977
calibration_day_2_frontier,"F=20, p=2",20,2,baseline,3,Classical LNS,32,32,33,33,-0.04435876246875767,0.002187469533615684,0,6.029761343007145e-10,0.09815961495041847
calibration_day_2_frontier,"F=20, p=2",20,2,baseline,3,IBM QPU,64,64,65,65,-0.044236605173858454,0.00206531223871647,0,2.1992096421730167e-08,0.1952221281826496
calibration_day_2_frontier,"F=20, p=2",20,2,baseline,3,Uniform random,64,64,65,65,-0.044368243553469036,0.0021969506183270524,0,3.392273661972922e-08,0.1944282464683056
calibration_day_2_frontier,"F=20, p=2",20,2,baseline,3,QUBO reference,64,64,65,65,-0.04435876246875767,0.002187469533615684,0,6.029761343007145e-10,0.1901710070669651
calibration_day_2_frontier,"F=20, p=2",20,2,baseline,3,Classical LNS,64,64,65,65,-0.04435876246875767,0.002187469533615684,0,6.029761343007145e-10,0.19044706970453262
calibration_day_2_frontier,"F=24, p=1",24,1,baseline,1,IBM QPU,4,4,5,5,-0.04376624317376267,0.0015949502386206835,0,1.2079934941233716e-08,0.030867885798215866
calibration_day_2_frontier,"F=24, p=1",24,1,baseline,1,Uniform random,4,4,5,5,-0.044097503793938876,0.0019262108587968924,0,6.793396669854679e-10,0.030369527637958527
calibration_day_2_frontier,"F=24, p=1",24,1,baseline,1,QUBO reference,4,4,5,5,-0.044559681385850716,0.0023883884507087325,0,1.0195528657441777e-09,0.031059175729751587
calibration_day_2_frontier,"F=24, p=1",24,1,baseline,1,Classical LNS,4,4,5,5,-0.04397253851469543,0.0018012455795534468,0,4.146637777591167e-08,0.0299987755715847
calibration_day_2_frontier,"F=24, p=1",24,1,baseline,1,IBM QPU,8,8,9,9,-0.04423153265099724,0.0020602397158552554,0,2.5214721310895527e-08,0.024122990667819977
calibration_day_2_frontier,"F=24, p=1",24,1,baseline,1,Uniform random,8,8,9,9,-0.04415011588469294,0.001978822949550957,0,7.487380229709295e-10,0.023546844720840454
calibration_day_2_frontier,"F=24, p=1",24,1,baseline,1,QUBO reference,8,8,9,9,-0.044559681385850716,0.0023883884507087325,0,1.0195528657441777e-09,0.02461951971054077
calibration_day_2_frontier,"F=24, p=1",24,1,baseline,1,Classical LNS,8,8,9,9,-0.04460983398254817,0.0024385410474061855,0,2.1519158677207884e-09,0.025197599083185196
calibration_day_2_frontier,"F=24, p=1",24,1,baseline,1,IBM QPU,16,16,17,17,-0.04423153265099724,0.0020602397158552554,0,2.5214721310895527e-08,0.04979557543992996
calibration_day_2_frontier,"F=24, p=1",24,1,baseline,1,Uniform random,16,16,17,17,-0.04431023690190569,0.002138943966763708,0,1.0214288373444624e-09,0.04869373142719269
calibration_day_2_frontier,"F=24, p=1",24,1,baseline,1,QUBO reference,16,16,17,17,-0.044559681385850716,0.0023883884507087325,0,1.0195528657441777e-09,0.050569090992212296
calibration_day_2_frontier,"F=24, p=1",24,1,baseline,1,Classical LNS,16,16,17,17,-0.04460983398254817,0.0024385410474061855,0,2.1519158677207884e-09,0.2678057290613651
calibration_day_2_frontier,"F=24, p=1",24,1,baseline,1,IBM QPU,32,32,33,33,-0.04423153265099724,0.0020602397158552554,0,2.5214721310895527e-08,0.09651445969939232
calibration_day_2_frontier,"F=24, p=1",24,1,baseline,1,Uniform random,32,32,33,33,-0.04436298390566188,0.0021916909705198967,0,1.8256620659684586e-08,0.0971280112862587
calibration_day_2_frontier,"F=24, p=1",24,1,baseline,1,QUBO reference,32,32,33,33,-0.044559681385850716,0.0023883884507087325,0,1.0195528657441777e-09,0.10064470767974854
calibration_day_2_frontier,"F=24, p=1",24,1,baseline,1,Classical LNS,32,32,33,33,-0.04460983398254817,0.0024385410474061855,0,2.1519158677207884e-09,0.10117887333035469
calibration_day_2_frontier,"F=24, p=1",24,1,baseline,1,IBM QPU,64,64,65,65,-0.04423153265099724,0.0020602397158552554,0,2.5214721310895527e-08,0.19745111837983131
calibration_day_2_frontier,"F=24, p=1",24,1,baseline,1,Uniform random,64,64,65,65,-0.04436298390566188,0.0021916909705198967,0,1.8256620659684586e-08,0.1964481696486473
calibration_day_2_frontier,"F=24, p=1",24,1,baseline,1,QUBO reference,64,64,65,65,-0.044559681385850716,0.0023883884507087325,0,1.0195528657441777e-09,0.2048608623445034
calibration_day_2_frontier,"F=24, p=1",24,1,baseline,1,Classical LNS,64,64,65,65,-0.04460983398254817,0.0024385410474061855,0,2.1519158677207884e-09,0.2042803280055523
calibration_day_2_frontier,"F=24, p=1",24,1,baseline,2,IBM QPU,4,4,5,5,-0.044215469353059096,0.0020441764179171124,0,8.811257501406544e-09,0.03219962865114212
calibration_day_2_frontier,"F=24, p=1",24,1,baseline,2,Uniform random,4,4,5,5,-0.04438792400607468,0.002216631070932694,0,4.203966730287334e-09,0.2438044622540474
calibration_day_2_frontier,"F=24, p=1",24,1,baseline,2,QUBO reference,4,4,5,5,-0.044559681385850716,0.0023883884507087325,0,1.0195528657441777e-09,0.031135499477386475
calibration_day_2_frontier,"F=24, p=1",24,1,baseline,2,Classical LNS,4,4,5,5,-0.04397253851469543,0.0018012455795534468,0,4.146637777591167e-08,0.030200928449630737
calibration_day_2_frontier,"F=24, p=1",24,1,baseline,2,IBM QPU,8,8,9,9,-0.044215469353059096,0.0020441764179171124,0,8.811257501406544e-09,0.02538667619228363
calibration_day_2_frontier,"F=24, p=1",24,1,baseline,2,Uniform random,8,8,9,9,-0.04438792400607468,0.002216631070932694,0,4.203966730287334e-09,0.02508625015616417
calibration_day_2_frontier,"F=24, p=1",24,1,baseline,2,QUBO reference,8,8,9,9,-0.044559681385850716,0.0023883884507087325,0,1.0195528657441777e-09,0.02469601482152939
calibration_day_2_frontier,"F=24, p=1",24,1,baseline,2,Classical LNS,8,8,9,9,-0.04460983398254817,0.0024385410474061855,0,2.1519158677207884e-09,0.02528836950659752
calibration_day_2_frontier,"F=24, p=1",24,1,baseline,2,IBM QPU,16,16,17,17,-0.044215469353059096,0.0020441764179171124,0,8.811257501406544e-09,0.05138411372900009
calibration_day_2_frontier,"F=24, p=1",24,1,baseline,2,Uniform random,16,16,17,17,-0.04438792400607468,0.002216631070932694,0,4.203966730287334e-09,0.05190122872591019
calibration_day_2_frontier,"F=24, p=1",24,1,baseline,2,QUBO reference,16,16,17,17,-0.044559681385850716,0.0023883884507087325,0,1.0195528657441777e-09,0.05069233477115631
calibration_day_2_frontier,"F=24, p=1",24,1,baseline,2,Classical LNS,16,16,17,17,-0.04460983398254817,0.0024385410474061855,0,2.1519158677207884e-09,0.05054333060979843
calibration_day_2_frontier,"F=24, p=1",24,1,baseline,2,IBM QPU,32,32,33,33,-0.044215469353059096,0.0020441764179171124,0,8.811257501406544e-09,0.10246644169092178
calibration_day_2_frontier,"F=24, p=1",24,1,baseline,2,Uniform random,32,32,33,33,-0.04438792400607468,0.002216631070932694,0,4.203966730287334e-09,0.0989689752459526
calibration_day_2_frontier,"F=24, p=1",24,1,baseline,2,QUBO reference,32,32,33,33,-0.044559681385850716,0.0023883884507087325,0,1.0195528657441777e-09,0.1022816151380539
calibration_day_2_frontier,"F=24, p=1",24,1,baseline,2,Classical LNS,32,32,33,33,-0.04460983398254817,0.0024385410474061855,0,2.1519158677207884e-09,0.10108952596783638
calibration_day_2_frontier,"F=24, p=1",24,1,baseline,2,IBM QPU,64,64,65,65,-0.044215469353059096,0.0020441764179171124,0,8.811257501406544e-09,0.19727995991706848
calibration_day_2_frontier,"F=24, p=1",24,1,baseline,2,Uniform random,64,64,65,65,-0.04438792400607468,0.002216631070932694,0,4.203966730287334e-09,0.19587387517094612
calibration_day_2_frontier,"F=24, p=1",24,1,baseline,2,QUBO reference,64,64,65,65,-0.044559681385850716,0.0023883884507087325,0,1.0195528657441777e-09,0.43454041332006454
calibration_day_2_frontier,"F=24, p=1",24,1,baseline,2,Classical LNS,64,64,65,65,-0.04460983398254817,0.0024385410474061855,0,2.1519158677207884e-09,0.20469408854842186
calibration_day_2_frontier,"F=24, p=1",24,1,baseline,3,IBM QPU,4,4,5,5,-0.043975653563822284,0.0018043606286803002,0,1.6709771788470107e-08,0.0315970703959465
calibration_day_2_frontier,"F=24, p=1",24,1,baseline,3,Uniform random,4,4,5,5,-0.04402219371771387,0.0018509007825718848,0,3.2414804229663474e-08,0.030246969312429428
calibration_day_2_frontier,"F=24, p=1",24,1,baseline,3,QUBO reference,4,4,5,5,-0.044559681385850716,0.0023883884507087325,0,1.0195528657441777e-09,0.03152243793010712
calibration_day_2_frontier,"F=24, p=1",24,1,baseline,3,Classical LNS,4,4,5,5,-0.04397253851469543,0.0018012455795534468,0,4.146637777591167e-08,0.03039718046784401
calibration_day_2_frontier,"F=24, p=1",24,1,baseline,3,IBM QPU,8,8,9,9,-0.044160779791395384,0.0019894868562534,0,1.2080603850606053e-08,0.02551380917429924
calibration_day_2_frontier,"F=24, p=1",24,1,baseline,3,Uniform random,8,8,9,9,-0.04443041196917233,0.002259119034030345,0,2.1676613670695843e-08,0.02542434260249138
calibration_day_2_frontier,"F=24, p=1",24,1,baseline,3,QUBO reference,8,8,9,9,-0.044559681385850716,0.0023883884507087325,0,1.0195528657441777e-09,0.024643734097480774
calibration_day_2_frontier,"F=24, p=1",24,1,baseline,3,Classical LNS,8,8,9,9,-0.04460983398254817,0.0024385410474061855,0,2.1519158677207884e-09,0.02525215968489647
calibration_day_2_frontier,"F=24, p=1",24,1,baseline,3,IBM QPU,16,16,17,17,-0.044160779791395384,0.0019894868562534,0,1.2080603850606053e-08,0.053028758615255356
calibration_day_2_frontier,"F=24, p=1",24,1,baseline,3,Uniform random,16,16,17,17,-0.04443041196917233,0.002259119034030345,0,2.1676613670695843e-08,0.04888219013810158
calibration_day_2_frontier,"F=24, p=1",24,1,baseline,3,QUBO reference,16,16,17,17,-0.044559681385850716,0.0023883884507087325,0,1.0195528657441777e-09,0.05065144971013069
calibration_day_2_frontier,"F=24, p=1",24,1,baseline,3,Classical LNS,16,16,17,17,-0.04460983398254817,0.0024385410474061855,0,2.1519158677207884e-09,0.0506577305495739
calibration_day_2_frontier,"F=24, p=1",24,1,baseline,3,IBM QPU,32,32,33,33,-0.044160779791395384,0.0019894868562534,0,1.2080603850606053e-08,0.10386117547750473
calibration_day_2_frontier,"F=24, p=1",24,1,baseline,3,Uniform random,32,32,33,33,-0.04443041196917233,0.002259119034030345,0,2.1676613670695843e-08,0.09836938977241516
calibration_day_2_frontier,"F=24, p=1",24,1,baseline,3,QUBO reference,32,32,33,33,-0.044559681385850716,0.0023883884507087325,0,1.0195528657441777e-09,0.10126911476254463
calibration_day_2_frontier,"F=24, p=1",24,1,baseline,3,Classical LNS,32,32,33,33,-0.04460983398254817,0.0024385410474061855,0,2.1519158677207884e-09,0.10098997876048088
calibration_day_2_frontier,"F=24, p=1",24,1,baseline,3,IBM QPU,64,64,65,65,-0.044160779791395384,0.0019894868562534,0,1.2080603850606053e-08,0.19286606460809708
calibration_day_2_frontier,"F=24, p=1",24,1,baseline,3,Uniform random,64,64,65,65,-0.04454504533406723,0.002373752398925247,0,3.733678852202438e-10,0.19659249484539032
calibration_day_2_frontier,"F=24, p=1",24,1,baseline,3,QUBO reference,64,64,65,65,-0.044559681385850716,0.0023883884507087325,0,1.0195528657441777e-09,0.4352545365691185
calibration_day_2_frontier,"F=24, p=1",24,1,baseline,3,Classical LNS,64,64,65,65,-0.04460983398254817,0.0024385410474061855,0,2.1519158677207884e-09,0.20458566024899483
calibration_day_2_frontier,"F=28, p=1",28,1,baseline,1,IBM QPU,4,4,5,5,-0.04407553995391567,0.0019042470187736887,0,1.6174462269535894e-08,0.030492529273033142
calibration_day_2_frontier,"F=28, p=1",28,1,baseline,1,Uniform random,4,4,5,5,-0.043965995950572885,0.0017947030154309013,0,2.10699874214626e-09,0.029447808861732483
calibration_day_2_frontier,"F=28, p=1",28,1,baseline,1,QUBO reference,4,4,5,5,-0.043900354017127045,0.0017290610819850616,0,4.1739500744597535e-09,0.029958851635456085
calibration_day_2_frontier,"F=28, p=1",28,1,baseline,1,Classical LNS,4,4,5,5,-0.04397253851469543,0.0018012455795534468,0,4.146637777591167e-08,0.030090130865573883
calibration_day_2_frontier,"F=28, p=1",28,1,baseline,1,IBM QPU,8,8,9,9,-0.04407553995391567,0.0019042470187736887,0,1.6174462269535894e-08,0.023779816925525665
calibration_day_2_frontier,"F=28, p=1",28,1,baseline,1,Uniform random,8,8,9,9,-0.04446119527415415,0.002289902339012169,0,4.021376232010709e-09,0.025001879781484604
calibration_day_2_frontier,"F=28, p=1",28,1,baseline,1,QUBO reference,8,8,9,9,-0.043900354017127045,0.0017290610819850616,0,4.1739500744597535e-09,0.02558283507823944
calibration_day_2_frontier,"F=28, p=1",28,1,baseline,1,Classical LNS,8,8,9,9,-0.044633258453729015,0.002461965518587031,0,6.98874062787791e-10,0.025291714817285538
calibration_day_2_frontier,"F=28, p=1",28,1,baseline,1,IBM QPU,16,16,17,17,-0.04407553995391567,0.0019042470187736887,0,1.6174462269535894e-08,0.047438688576221466
calibration_day_2_frontier,"F=28, p=1",28,1,baseline,1,Uniform random,16,16,17,17,-0.04446119527415415,0.002289902339012169,0,4.021376232010709e-09,0.04917233809828758
calibration_day_2_frontier,"F=28, p=1",28,1,baseline,1,QUBO reference,16,16,17,17,-0.043900354017127045,0.0017290610819850616,0,4.1739500744597535e-09,0.05071492865681648
calibration_day_2_frontier,"F=28, p=1",28,1,baseline,1,Classical LNS,16,16,17,17,-0.044633258453729015,0.002461965518587031,0,6.98874062787791e-10,0.05041641741991043
calibration_day_2_frontier,"F=28, p=1",28,1,baseline,1,IBM QPU,32,32,33,33,-0.04407553995391567,0.0019042470187736887,0,1.6174462269535894e-08,0.09616710990667343
calibration_day_2_frontier,"F=28, p=1",28,1,baseline,1,Uniform random,32,32,33,33,-0.04446119527415415,0.002289902339012169,0,4.021376232010709e-09,0.09851888939738274
calibration_day_2_frontier,"F=28, p=1",28,1,baseline,1,QUBO reference,32,32,33,33,-0.043900354017127045,0.0017290610819850616,0,4.1739500744597535e-09,0.10110457614064217
calibration_day_2_frontier,"F=28, p=1",28,1,baseline,1,Classical LNS,32,32,33,33,-0.044633258453729015,0.002461965518587031,0,6.98874062787791e-10,0.10125831514596939
calibration_day_2_frontier,"F=28, p=1",28,1,baseline,1,IBM QPU,64,64,65,65,-0.04407553995391567,0.0019042470187736887,0,1.6174462269535894e-08,0.18911771848797798
calibration_day_2_frontier,"F=28, p=1",28,1,baseline,1,Uniform random,64,64,65,65,-0.04446119527415415,0.002289902339012169,0,4.021376232010709e-09,0.42648308351635933
calibration_day_2_frontier,"F=28, p=1",28,1,baseline,1,QUBO reference,64,64,65,65,-0.044384187164842784,0.0022128942297008,0,4.440892098500626e-16,0.20045213028788567
calibration_day_2_frontier,"F=28, p=1",28,1,baseline,1,Classical LNS,64,64,65,65,-0.044633258453729015,0.002461965518587031,0,6.98874062787791e-10,0.20213750377297401
calibration_day_2_frontier,"F=28, p=1",28,1,baseline,2,IBM QPU,4,4,5,5,-0.04327578031034822,0.0011044873752062354,0,2.4747691507176484e-08,0.030531063675880432
calibration_day_2_frontier,"F=28, p=1",28,1,baseline,2,Uniform random,4,4,5,5,-0.0437111980567934,0.0015399051216514192,0,5.724090201830734e-09,0.029816605150699615
calibration_day_2_frontier,"F=28, p=1",28,1,baseline,2,QUBO reference,4,4,5,5,-0.043900354017127045,0.0017290610819850616,0,4.1739500744597535e-09,0.029829885810613632
calibration_day_2_frontier,"F=28, p=1",28,1,baseline,2,Classical LNS,4,4,5,5,-0.04397253851469543,0.0018012455795534468,0,4.146637777591167e-08,0.02997993677854538
calibration_day_2_frontier,"F=28, p=1",28,1,baseline,2,IBM QPU,8,8,9,9,-0.044372820375143014,0.0022015274400010304,0,1.892368950429102e-08,0.02473357319831848
calibration_day_2_frontier,"F=28, p=1",28,1,baseline,2,Uniform random,8,8,9,9,-0.0442706070276674,0.002099314092525416,0,9.616953899893588e-09,0.024636071175336838
calibration_day_2_frontier,"F=28, p=1",28,1,baseline,2,QUBO reference,8,8,9,9,-0.043900354017127045,0.0017290610819850616,0,4.1739500744597535e-09,0.025819096714258194
calibration_day_2_frontier,"F=28, p=1",28,1,baseline,2,Classical LNS,8,8,9,9,-0.044633258453729015,0.002461965518587031,0,6.98874062787791e-10,0.025295976549386978
calibration_day_2_frontier,"F=28, p=1",28,1,baseline,2,IBM QPU,16,16,17,17,-0.044372820375143014,0.0022015274400010304,0,1.892368950429102e-08,0.048685114830732346
calibration_day_2_frontier,"F=28, p=1",28,1,baseline,2,Uniform random,16,16,17,17,-0.0442706070276674,0.002099314092525416,0,9.616953899893588e-09,0.04917803779244423
calibration_day_2_frontier,"F=28, p=1",28,1,baseline,2,QUBO reference,16,16,17,17,-0.043900354017127045,0.0017290610819850616,0,4.1739500744597535e-09,0.05094277113676071
calibration_day_2_frontier,"F=28, p=1",28,1,baseline,2,Classical LNS,16,16,17,17,-0.044633258453729015,0.002461965518587031,0,6.98874062787791e-10,0.050108663737773895
calibration_day_2_frontier,"F=28, p=1",28,1,baseline,2,IBM QPU,32,32,33,33,-0.044372820375143014,0.0022015274400010304,0,1.892368950429102e-08,0.0965396799147129
calibration_day_2_frontier,"F=28, p=1",28,1,baseline,2,Uniform random,32,32,33,33,-0.04439664757033084,0.0022253546351888587,0,8.451211119808733e-10,0.09809919446706772
calibration_day_2_frontier,"F=28, p=1",28,1,baseline,2,QUBO reference,32,32,33,33,-0.043900354017127045,0.0017290610819850616,0,4.1739500744597535e-09,0.10111808031797409
calibration_day_2_frontier,"F=28, p=1",28,1,baseline,2,Classical LNS,32,32,33,33,-0.044633258453729015,0.002461965518587031,0,6.98874062787791e-10,0.101367998868227
calibration_day_2_frontier,"F=28, p=1",28,1,baseline,2,IBM QPU,64,64,65,65,-0.044372820375143014,0.0022015274400010304,0,1.892368950429102e-08,0.1894465647637844
calibration_day_2_frontier,"F=28, p=1",28,1,baseline,2,Uniform random,64,64,65,65,-0.04439664757033084,0.0022253546351888587,0,8.451211119808733e-10,0.4214460067451
calibration_day_2_frontier,"F=28, p=1",28,1,baseline,2,QUBO reference,64,64,65,65,-0.044384187164842784,0.0022128942297008,0,4.440892098500626e-16,0.20026811957359314
calibration_day_2_frontier,"F=28, p=1",28,1,baseline,2,Classical LNS,64,64,65,65,-0.044633258453729015,0.002461965518587031,0,6.98874062787791e-10,0.20162146538496017
calibration_day_2_frontier,"F=28, p=1",28,1,baseline,3,IBM QPU,4,4,5,5,-0.04386272436161475,0.001691431426472767,0,7.465749893298401e-10,0.0306645967066288
calibration_day_2_frontier,"F=28, p=1",28,1,baseline,3,Uniform random,4,4,5,5,-0.04403693292289791,0.001865639987755928,0,1.9845358467662777e-08,0.030449278652668
calibration_day_2_frontier,"F=28, p=1",28,1,baseline,3,QUBO reference,4,4,5,5,-0.043900354017127045,0.0017290610819850616,0,4.1739500744597535e-09,0.02994963526725769
calibration_day_2_frontier,"F=28, p=1",28,1,baseline,3,Classical LNS,4,4,5,5,-0.04397253851469543,0.0018012455795534468,0,4.146637777591167e-08,0.03003159910440445
calibration_day_2_frontier,"F=28, p=1",28,1,baseline,3,IBM QPU,8,8,9,9,-0.04393575453252656,0.0017644615973845743,0,2.516993730106165e-08,0.024326689541339874
calibration_day_2_frontier,"F=28, p=1",28,1,baseline,3,Uniform random,8,8,9,9,-0.04403693292289791,0.001865639987755928,0,1.9845358467662777e-08,0.023570258170366287
calibration_day_2_frontier,"F=28, p=1",28,1,baseline,3,QUBO reference,8,8,9,9,-0.043900354017127045,0.0017290610819850616,0,4.1739500744597535e-09,0.025723781436681747
calibration_day_2_frontier,"F=28, p=1",28,1,baseline,3,Classical LNS,8,8,9,9,-0.044633258453729015,0.002461965518587031,0,6.98874062787791e-10,0.025396771728992462
calibration_day_2_frontier,"F=28, p=1",28,1,baseline,3,IBM QPU,16,16,17,17,-0.04393575453252656,0.0017644615973845743,0,2.516993730106165e-08,0.048205167055130005
calibration_day_2_frontier,"F=28, p=1",28,1,baseline,3,Uniform random,16,16,17,17,-0.04420946425781869,0.002038171322676703,0,1.8919612765344596e-08,0.04823519289493561
calibration_day_2_frontier,"F=28, p=1",28,1,baseline,3,QUBO reference,16,16,17,17,-0.043900354017127045,0.0017290610819850616,0,4.1739500744597535e-09,0.050750598311424255
calibration_day_2_frontier,"F=28, p=1",28,1,baseline,3,Classical LNS,16,16,17,17,-0.044633258453729015,0.002461965518587031,0,6.98874062787791e-10,0.05024953931570053
calibration_day_2_frontier,"F=28, p=1",28,1,baseline,3,IBM QPU,32,32,33,33,-0.04393575453252656,0.0017644615973845743,0,2.516993730106165e-08,0.09548059850931168
calibration_day_2_frontier,"F=28, p=1",28,1,baseline,3,Uniform random,32,32,33,33,-0.04440409004995051,0.0022327971148085254,0,1.3143263144499429e-09,0.09836465865373611
calibration_day_2_frontier,"F=28, p=1",28,1,baseline,3,QUBO reference,32,32,33,33,-0.043900354017127045,0.0017290610819850616,0,4.1739500744597535e-09,0.10136311128735542
calibration_day_2_frontier,"F=28, p=1",28,1,baseline,3,Classical LNS,32,32,33,33,-0.044633258453729015,0.002461965518587031,0,6.98874062787791e-10,0.10176780447363853
calibration_day_2_frontier,"F=28, p=1",28,1,baseline,3,IBM QPU,64,64,65,65,-0.04393575453252656,0.0017644615973845743,0,2.516993730106165e-08,0.41513213887810707
calibration_day_2_frontier,"F=28, p=1",28,1,baseline,3,Uniform random,64,64,65,65,-0.04440409004995051,0.0022327971148085254,0,1.3143263144499429e-09,0.1967945322394371
calibration_day_2_frontier,"F=28, p=1",28,1,baseline,3,QUBO reference,64,64,65,65,-0.044384187164842784,0.0022128942297008,0,4.440892098500626e-16,0.2008306123316288
calibration_day_2_frontier,"F=28, p=1",28,1,baseline,3,Classical LNS,64,64,65,65,-0.044633258453729015,0.002461965518587031,0,6.98874062787791e-10,0.20178206264972687
