certified_runs,classical_window_seconds_median,classical_window_seconds_q1,classical_window_seconds_q3,data_generation_seconds_median,data_generation_seconds_q1,data_generation_seconds_q3,dense_covariance_gib_avoided_median,dense_covariance_gib_avoided_q1,dense_covariance_gib_avoided_q3,factor_risk_storage_mib_median,factor_risk_storage_mib_q1,factor_risk_storage_mib_q3,full_end_to_end_seconds_median,full_end_to_end_seconds_q1,full_end_to_end_seconds_q3,gurobi_seconds_median,gurobi_seconds_q1,gurobi_seconds_q3,initialization_seconds_median,initialization_seconds_q1,initialization_seconds_q3,n_assets,peak_rss_gib_median,peak_rss_gib_q1,peak_rss_gib_q3,quantum_allocation_seconds_median,quantum_allocation_seconds_q1,quantum_allocation_seconds_q3,quantum_angle_seconds_median,quantum_angle_seconds_q1,quantum_angle_seconds_q3,quantum_cardinality_rate_median,quantum_cardinality_rate_q1,quantum_cardinality_rate_q3,quantum_other_seconds_median,quantum_other_seconds_q1,quantum_other_seconds_q3,quantum_sampler_seconds_median,quantum_sampler_seconds_q1,quantum_sampler_seconds_q3,quantum_window_seconds_median,quantum_window_seconds_q1,quantum_window_seconds_q3,relative_gap_to_relaxation_median,relative_gap_to_relaxation_q1,relative_gap_to_relaxation_q3,relaxation_acceptance_rate,relaxation_bound_rate,relaxation_bound_runs,relaxation_fallback_rate,relaxation_seconds_median,relaxation_seconds_q1,relaxation_seconds_q3,runs,search_end_to_end_seconds_median,search_end_to_end_seconds_q1,search_end_to_end_seconds_q3,success_rate,successful_runs,time_to_first_valid_seconds_median,time_to_first_valid_seconds_q1,time_to_first_valid_seconds_q3,window_overhead_seconds_median,window_overhead_seconds_q1,window_overhead_seconds_q3,worker_wall_seconds_median,worker_wall_seconds_q1,worker_wall_seconds_q3,zero_breach_rate,zero_breach_runs
0,0.11953505873680115,0.11610965058207512,0.125638697296381,0.001728307455778122,0.0016647130250930786,0.0017727110534906387,0.007450580596923828,0.007450580596923828,0.007450580596923828,0.10028076171875,0.10028076171875,0.10028076171875,1.095928430557251,1.0940188504755497,1.1750358492136002,0.0,0.0,0.0,0.029858112335205078,0.02973361313343048,0.030055757611989975,1000,0.4690132141113281,0.4638023376464844,0.4707450866699219,0.06600170582532883,0.03305580094456673,0.0711282268166542,0.06562155112624168,0.06513926759362221,0.06855062581598759,1.0,1.0,1.0,0.2039496935904026,0.20245827548205853,0.2053120844066143,0.5421877428889275,0.525590231642127,0.5862510055303574,0.8508713096380234,0.8356615621596575,0.9083792641758919,0.010317154976955241,0.00797524135453389,0.013018562547310297,1.0,1.0,3,0.0,0.11632801592350006,0.09477893076837063,0.12036506459116936,3,1.095928430557251,1.0940188504755497,1.1750358492136002,1.0,3,0.14818253740668297,0.12637490220367908,0.15212993882596493,0.01079067587852478,0.009769096970558167,0.011717163026332855,1.0984172746539116,1.0965391863137484,1.1778143048286438,1.0,3
0,0.8161577582359314,0.7052824031561613,0.8203967809677124,0.009793594479560852,0.0097283273935318,0.009828465059399605,0.7450580596923828,0.7450580596923828,0.7450580596923828,0.992919921875,0.992919921875,0.992919921875,13.793499164283276,13.087347047403455,14.167830301448703,0.0,0.0,0.0,0.14834216982126236,0.14799872040748596,0.14869322255253792,10000,0.7317161560058594,0.6867237091064453,0.7639217376708984,1.2571286894381046,0.7939329873770475,1.3760171178728342,0.062397975474596024,0.061791613698005676,0.06303499080240726,1.0,1.0,1.0,0.17797843366861343,0.17700770497322083,0.19139514677226543,0.5341619402170181,0.5110491812229156,0.5386414472013712,2.0135489776730537,1.5584415774792433,2.1453695818781853,0.021181001501328504,0.014345894495986144,0.04670723320187227,1.0,1.0,3,0.0,11.076051902025938,10.142339039593935,11.319933196529746,3,13.793499164283276,13.087347047403455,14.167830301448703,1.0,3,11.234187666326761,10.30016622506082,11.478354746475816,0.21462582796812057,0.17881659232079983,0.31085997447371483,13.827245362102985,13.129620147868991,14.216092495247722,1.0,3
0,1.6183351762592793,1.3279248289763927,1.7638719156384468,0.02107204869389534,0.02078288421034813,0.021459508687257767,2.9802322387695312,2.9802322387695312,2.9802322387695312,1.9847412109375,1.9847412109375,1.9847412109375,34.63159244507551,31.97129181586206,35.49427271448076,0.0,0.0,0.0,0.24674200639128685,0.24637057445943356,0.2748987078666687,20000,0.9044380187988281,0.7786998748779297,1.0275211334228516,0.8295029774308205,0.41481591388583183,1.839983208104968,0.06539841368794441,0.06262276321649551,0.06641802750527859,1.0,1.0,1.0,0.23030953854322433,0.2204170562326908,0.2344692014157772,0.4900168962776661,0.48915412463247776,0.49236617237329483,1.623547151684761,1.1949647851288319,2.6294413451105356,0.03940444955759892,0.03940444955759892,0.03940444955759892,0.3333333333333333,0.3333333333333333,1,0.6666666666666666,30.02849868312478,28.38767773285508,30.028598116710782,3,34.63159244507551,31.97129181586206,35.49427271448076,1.0,3,30.296312738209963,28.6833593249321,30.296428199857473,0.8023239001631737,0.619506137445569,0.8045312538743019,34.714300870895386,32.03674855642021,35.60123581439257,1.0,3
0,3.994625423103571,3.792902147397399,3.997573871165514,0.04566757380962372,0.0449322871863842,0.046012479811906815,18.62645149230957,18.62645149230957,18.62645149230957,4.960205078125,4.960205078125,4.960205078125,43.749417673796415,40.704870481044054,43.98432872258127,0.0,0.0,0.0,0.6118037030100822,0.6093992870301008,0.6129329707473516,50000,2.2173995971679688,1.7319087982177734,2.2186851501464844,6.600944492965937,3.531936576589942,6.783932488411665,0.06362967565655708,0.06306757591664791,0.0668476801365614,1.0,1.0,1.0,0.27823299169540405,0.22810255363583565,0.27951932698488235,0.48688139393925667,0.48587206937372684,0.4928021188825369,7.4441026747226715,4.316185835748911,7.623101614415646,,,,0.0,0.0,0,1.0,30.066803600639105,30.065412720665336,30.066973965615034,3,43.749417673796415,40.704870481044054,43.98432872258127,1.0,3,30.720155857503414,30.720089200884104,30.72351500019431,1.6965943537652493,1.640204893425107,1.9286569580435753,44.07018146663904,40.930815014988184,44.30473660118878,1.0,3
0,5.393052749335766,4.732761489227414,5.616760851815343,0.07092682644724846,0.06993746571242809,0.07097390107810497,47.6837158203125,47.6837158203125,47.6837158203125,7.9356689453125,7.9356689453125,7.9356689453125,42.527639500796795,41.92621893249452,43.38243265450001,0.0,0.0,0.0,0.9984053075313568,0.9965770039707422,1.0072416216135025,80000,1.6767616271972656,1.5470409393310547,1.7701244354248047,2.5331712514162064,1.266681982204318,2.8329974971711636,0.06436340883374214,0.06280147843062878,0.06684898026287556,1.0,1.0,1.0,0.17966770008206367,0.17844373919069767,0.1798138990998268,0.505464643239975,0.49822456762194633,0.507272981107235,3.2770952209830284,2.0087835378944874,3.581515695899725,,,,0.0,0.0,0,1.0,30.13319953903556,30.13294605910778,30.13579356856644,3,42.527639500796795,41.92621893249452,43.38243265450001,1.0,3,31.2040631249547,31.202308038249612,31.211927307769656,3.9155985079705715,3.6421393286436796,3.9435403887182474,42.75309386476874,42.13735991716385,43.633305484429,1.0,3
0,7.178851742297411,6.520749904215336,7.8493576515465975,0.08572428673505783,0.08513455092906952,0.08576466143131256,74.50580596923828,74.50580596923828,74.50580596923828,9.9193115234375,9.9193115234375,9.9193115234375,47.27783890813589,45.55736945196986,52.84262488782406,0.0,0.0,0.0,1.2671468183398247,1.2603166569024324,1.2727294620126486,100000,2.351459503173828,1.9981975555419922,3.1696205139160156,3.885485514998436,2.260736485943198,8.283308025449514,0.06494566798210144,0.06320331431925297,0.06524235010147095,1.0,1.0,1.0,0.17820622399449348,0.17807823978364468,0.17820641212165356,0.4997386746108532,0.49952678196132183,0.5019684191793203,4.629350863397121,3.004114631563425,9.02664278820157,,,,0.0,0.0,0,1.0,30.13680685311556,30.136555140838027,30.139582285657525,3,47.27783890813589,45.55736945196986,52.84262488782406,1.0,3,31.494049351662397,31.48507386818528,31.49719458632171,4.963272772729397,4.469429861754179,5.041273958981037,47.62346401810646,45.83960669487715,53.340461092069745,1.0,3
0,10.482668623328209,10.18253062851727,11.146679099649191,0.12722795456647873,0.1270545795559883,0.12743330001831055,167.63806343078613,167.63806343078613,167.63806343078613,14.87841796875,14.87841796875,14.87841796875,69.5944729745388,60.70145839266479,70.84481864236295,0.0,0.0,0.0,1.9276194721460342,1.9127281196415424,1.9382031746208668,150000,5.395469665527344,3.889476776123047,5.482028961181641,18.806289613246918,10.018076296895742,19.191260054707527,0.06319734454154968,0.06261738762259483,0.06560090184211731,1.0,1.0,1.0,0.17708273977041245,0.17702074348926544,0.17786135524511337,0.5060064382851124,0.5008959677070379,0.6334851738065481,19.80624970048666,10.89119960181415,20.06245506182313,,,,0.0,0.0,0,1.0,30.214136566966772,30.2084274943918,30.215120719745755,3,69.5944729745388,60.70145839266479,70.84481864236295,1.0,3,32.268983993679285,32.24858891405165,32.28037847392261,7.658128719776869,7.367744768038392,7.6774795185774565,70.52318385615945,61.342683551833034,71.78712793625891,1.0,3
0,15.455618903040886,14.71212399750948,16.907268315553665,0.17090923339128494,0.17087526619434357,0.1718504074960947,298.0232238769531,298.0232238769531,298.0232238769531,19.8375244140625,19.8375244140625,19.8375244140625,65.09272448346019,64.67800204455853,76.57445518113673,0.0,0.0,0.0,2.598679304122925,2.5945319775491953,2.6082748696208,200000,4.147235870361328,4.03778076171875,5.935081481933594,5.5922731794416904,5.556790545582771,15.53097996674478,0.06157190725207329,0.0611409991979599,0.06174098141491413,1.0,1.0,1.0,0.17726228758692741,0.17725232988595963,0.17800102941691875,0.5021544359624386,0.5010882280766964,0.6624016277492046,6.654371861368418,6.4574271105229855,16.432523623108864,,,,0.0,0.0,0,1.0,30.294826567173004,30.294661378487945,30.298891954123974,3,65.09272448346019,64.67800204455853,76.57445518113673,1.0,3,33.07247794419527,33.06429919786751,33.07881807535887,10.414114821702242,10.367308795452118,10.484617633745074,65.76251617819071,65.3308362159878,77.57595977559686,1.0,3
0,23.62848599627614,21.395498452708125,24.70606818422675,0.26149939745664597,0.2614686284214258,0.2623717878013849,670.5522537231445,670.5522537231445,670.5522537231445,29.7557373046875,29.7557373046875,29.7557373046875,112.599794074893,94.73470036685467,114.12418673373759,0.0,0.0,0.0,3.9710173681378365,3.955013759434223,3.976269379258156,300000,10.6572265625,7.997629165649414,10.825469970703125,37.86700326576829,23.38912633806467,38.217862064018846,0.06363764777779579,0.0633573904633522,0.06445962004363537,1.0,1.0,1.0,0.1780717596411705,0.17764104716479778,0.17813088186085224,0.4914630465209484,0.48982809111475945,0.49676082842051983,38.6099098585546,24.126412000507116,38.955621330067515,,,,0.0,0.0,0,1.0,30.460384767502546,30.459112353622913,30.463112350553274,3,112.599794074893,94.73470036685467,114.12418673373759,1.0,3,34.69290153309703,34.67649790085852,34.700850358232856,15.701303951442242,14.528343187645078,15.7859993185848,114.49206186458468,96.12530605308712,116.02697865478694,1.0,3
