constraint,family,sense,lhs,rhs,slack,violation,passed
budget,budget,=,1.0000000000017304,1.0,-1.730393606180769e-12,1.730393606180769e-12,True
asset_lower:Asset_000,asset_lower,>=,0.0,0.0,0.0,0.0,True
asset_upper:Asset_000,asset_upper,<=,0.0,0.2,0.2,0.0,True
asset_lower:Asset_001,asset_lower,>=,0.0,0.0,0.0,0.0,True
asset_upper:Asset_001,asset_upper,<=,0.0,0.2,0.2,0.0,True
asset_lower:Asset_002,asset_lower,>=,0.0,0.0,0.0,0.0,True
asset_upper:Asset_002,asset_upper,<=,0.0,0.2,0.2,0.0,True
asset_lower:Asset_003,asset_lower,>=,0.0400000003021643,0.0,0.0400000003021643,0.0,True
asset_upper:Asset_003,asset_upper,<=,0.0400000003021643,0.2,0.1599999996978357,0.0,True
asset_lower:Asset_004,asset_lower,>=,0.0,0.0,0.0,0.0,True
asset_upper:Asset_004,asset_upper,<=,0.0,0.2,0.2,0.0,True
asset_lower:Asset_005,asset_lower,>=,0.0,0.0,0.0,0.0,True
asset_upper:Asset_005,asset_upper,<=,0.0,0.2,0.2,0.0,True
asset_lower:Asset_006,asset_lower,>=,0.0,0.0,0.0,0.0,True
asset_upper:Asset_006,asset_upper,<=,0.0,0.2,0.2,0.0,True
asset_lower:Asset_007,asset_lower,>=,0.0,0.0,0.0,0.0,True
asset_upper:Asset_007,asset_upper,<=,0.0,0.2,0.2,0.0,True
asset_lower:Asset_008,asset_lower,>=,0.0,0.0,0.0,0.0,True
asset_upper:Asset_008,asset_upper,<=,0.0,0.2,0.2,0.0,True
asset_lower:Asset_009,asset_lower,>=,0.0,0.0,0.0,0.0,True
asset_upper:Asset_009,asset_upper,<=,0.0,0.2,0.2,0.0,True
asset_lower:Asset_010,asset_lower,>=,0.0,0.0,0.0,0.0,True
asset_upper:Asset_010,asset_upper,<=,0.0,0.2,0.2,0.0,True
asset_lower:Asset_011,asset_lower,>=,0.043714981077482076,0.0,0.043714981077482076,0.0,True
asset_upper:Asset_011,asset_upper,<=,0.043714981077482076,0.2,0.15628501892251795,0.0,True
asset_lower:Asset_012,asset_lower,>=,0.0,0.0,0.0,0.0,True
asset_upper:Asset_012,asset_upper,<=,0.0,0.2,0.2,0.0,True
asset_lower:Asset_013,asset_lower,>=,0.0,0.0,0.0,0.0,True
asset_upper:Asset_013,asset_upper,<=,0.0,0.2,0.2,0.0,True
asset_lower:Asset_014,asset_lower,>=,0.0,0.0,0.0,0.0,True
asset_upper:Asset_014,asset_upper,<=,0.0,0.2,0.2,0.0,True
asset_lower:Asset_015,asset_lower,>=,0.0,0.0,0.0,0.0,True
asset_upper:Asset_015,asset_upper,<=,0.0,0.2,0.2,0.0,True
asset_lower:Asset_016,asset_lower,>=,0.0,0.0,0.0,0.0,True
asset_upper:Asset_016,asset_upper,<=,0.0,0.2,0.2,0.0,True
asset_lower:Asset_017,asset_lower,>=,0.0,0.0,0.0,0.0,True
asset_upper:Asset_017,asset_upper,<=,0.0,0.2,0.2,0.0,True
asset_lower:Asset_018,asset_lower,>=,0.0,0.0,0.0,0.0,True
asset_upper:Asset_018,asset_upper,<=,0.0,0.2,0.2,0.0,True
asset_lower:Asset_019,asset_lower,>=,0.0,0.0,0.0,0.0,True
asset_upper:Asset_019,asset_upper,<=,0.0,0.2,0.2,0.0,True
asset_lower:Asset_020,asset_lower,>=,0.0,0.0,0.0,0.0,True
asset_upper:Asset_020,asset_upper,<=,0.0,0.2,0.2,0.0,True
asset_lower:Asset_021,asset_lower,>=,0.0,0.0,0.0,0.0,True
asset_upper:Asset_021,asset_upper,<=,0.0,0.2,0.2,0.0,True
asset_lower:Asset_022,asset_lower,>=,0.0,0.0,0.0,0.0,True
asset_upper:Asset_022,asset_upper,<=,0.0,0.2,0.2,0.0,True
asset_lower:Asset_023,asset_lower,>=,0.0,0.0,0.0,0.0,True
asset_upper:Asset_023,asset_upper,<=,0.0,0.2,0.2,0.0,True
asset_lower:Asset_024,asset_lower,>=,0.0,0.0,0.0,0.0,True
asset_upper:Asset_024,asset_upper,<=,0.0,0.2,0.2,0.0,True
asset_lower:Asset_025,asset_lower,>=,0.04000000007496694,0.0,0.04000000007496694,0.0,True
asset_upper:Asset_025,asset_upper,<=,0.04000000007496694,0.2,0.15999999992503305,0.0,True
asset_lower:Asset_026,asset_lower,>=,0.0,0.0,0.0,0.0,True
asset_upper:Asset_026,asset_upper,<=,0.0,0.2,0.2,0.0,True
asset_lower:Asset_027,asset_lower,>=,0.0,0.0,0.0,0.0,True
asset_upper:Asset_027,asset_upper,<=,0.0,0.2,0.2,0.0,True
asset_lower:Asset_028,asset_lower,>=,0.0,0.0,0.0,0.0,True
asset_upper:Asset_028,asset_upper,<=,0.0,0.2,0.2,0.0,True
asset_lower:Asset_029,asset_lower,>=,0.0,0.0,0.0,0.0,True
asset_upper:Asset_029,asset_upper,<=,0.0,0.2,0.2,0.0,True
asset_lower:Asset_030,asset_lower,>=,0.0,0.0,0.0,0.0,True
asset_upper:Asset_030,asset_upper,<=,0.0,0.2,0.2,0.0,True
asset_lower:Asset_031,asset_lower,>=,0.0,0.0,0.0,0.0,True
asset_upper:Asset_031,asset_upper,<=,0.0,0.2,0.2,0.0,True
asset_lower:Asset_032,asset_lower,>=,0.0,0.0,0.0,0.0,True
asset_upper:Asset_032,asset_upper,<=,0.0,0.2,0.2,0.0,True
asset_lower:Asset_033,asset_lower,>=,0.0,0.0,0.0,0.0,True
asset_upper:Asset_033,asset_upper,<=,0.0,0.2,0.2,0.0,True
asset_lower:Asset_034,asset_lower,>=,0.0,0.0,0.0,0.0,True
asset_upper:Asset_034,asset_upper,<=,0.0,0.2,0.2,0.0,True
asset_lower:Asset_035,asset_lower,>=,0.0,0.0,0.0,0.0,True
asset_upper:Asset_035,asset_upper,<=,0.0,0.2,0.2,0.0,True
asset_lower:Asset_036,asset_lower,>=,0.040000000298259876,0.0,0.040000000298259876,0.0,True
asset_upper:Asset_036,asset_upper,<=,0.040000000298259876,0.2,0.15999999970174014,0.0,True
asset_lower:Asset_037,asset_lower,>=,0.0,0.0,0.0,0.0,True
asset_upper:Asset_037,asset_upper,<=,0.0,0.2,0.2,0.0,True
asset_lower:Asset_038,asset_lower,>=,0.0,0.0,0.0,0.0,True
asset_upper:Asset_038,asset_upper,<=,0.0,0.2,0.2,0.0,True
asset_lower:Asset_039,asset_lower,>=,0.020069918595555014,0.0,0.020069918595555014,0.0,True
asset_upper:Asset_039,asset_upper,<=,0.020069918595555014,0.2,0.179930081404445,0.0,True
asset_lower:Asset_040,asset_lower,>=,0.0,0.0,0.0,0.0,True
asset_upper:Asset_040,asset_upper,<=,0.0,0.2,0.2,0.0,True
asset_lower:Asset_041,asset_lower,>=,0.03999999977266852,0.0,0.03999999977266852,0.0,True
asset_upper:Asset_041,asset_upper,<=,0.03999999977266852,0.2,0.1600000002273315,0.0,True
asset_lower:Asset_042,asset_lower,>=,0.0,0.0,0.0,0.0,True
asset_upper:Asset_042,asset_upper,<=,0.0,0.2,0.2,0.0,True
asset_lower:Asset_043,asset_lower,>=,0.0,0.0,0.0,0.0,True
asset_upper:Asset_043,asset_upper,<=,0.0,0.2,0.2,0.0,True
asset_lower:Asset_044,asset_lower,>=,0.0,0.0,0.0,0.0,True
asset_upper:Asset_044,asset_upper,<=,0.0,0.2,0.2,0.0,True
asset_lower:Asset_045,asset_lower,>=,0.0,0.0,0.0,0.0,True
asset_upper:Asset_045,asset_upper,<=,0.0,0.2,0.2,0.0,True
asset_lower:Asset_046,asset_lower,>=,0.0,0.0,0.0,0.0,True
asset_upper:Asset_046,asset_upper,<=,0.0,0.2,0.2,0.0,True
asset_lower:Asset_047,asset_lower,>=,0.0,0.0,0.0,0.0,True
asset_upper:Asset_047,asset_upper,<=,0.0,0.2,0.2,0.0,True
asset_lower:Asset_048,asset_lower,>=,0.0,0.0,0.0,0.0,True
asset_upper:Asset_048,asset_upper,<=,0.0,0.2,0.2,0.0,True
asset_lower:Asset_049,asset_lower,>=,0.0,0.0,0.0,0.0,True
asset_upper:Asset_049,asset_upper,<=,0.0,0.2,0.2,0.0,True
asset_lower:Asset_050,asset_lower,>=,0.0,0.0,0.0,0.0,True
asset_upper:Asset_050,asset_upper,<=,0.0,0.2,0.2,0.0,True
asset_lower:Asset_051,asset_lower,>=,0.0,0.0,0.0,0.0,True
asset_upper:Asset_051,asset_upper,<=,0.0,0.2,0.2,0.0,True
asset_lower:Asset_052,asset_lower,>=,0.0,0.0,0.0,0.0,True
asset_upper:Asset_052,asset_upper,<=,0.0,0.2,0.2,0.0,True
asset_lower:Asset_053,asset_lower,>=,0.0,0.0,0.0,0.0,True
asset_upper:Asset_053,asset_upper,<=,0.0,0.2,0.2,0.0,True
asset_lower:Asset_054,asset_lower,>=,0.0,0.0,0.0,0.0,True
asset_upper:Asset_054,asset_upper,<=,0.0,0.2,0.2,0.0,True
asset_lower:Asset_055,asset_lower,>=,0.0,0.0,0.0,0.0,True
asset_upper:Asset_055,asset_upper,<=,0.0,0.2,0.2,0.0,True
asset_lower:Asset_056,asset_lower,>=,0.0,0.0,0.0,0.0,True
asset_upper:Asset_056,asset_upper,<=,0.0,0.2,0.2,0.0,True
asset_lower:Asset_057,asset_lower,>=,0.0,0.0,0.0,0.0,True
asset_upper:Asset_057,asset_upper,<=,0.0,0.2,0.2,0.0,True
asset_lower:Asset_058,asset_lower,>=,0.0,0.0,0.0,0.0,True
asset_upper:Asset_058,asset_upper,<=,0.0,0.2,0.2,0.0,True
asset_lower:Asset_059,asset_lower,>=,0.0,0.0,0.0,0.0,True
asset_upper:Asset_059,asset_upper,<=,0.0,0.2,0.2,0.0,True
asset_lower:Asset_060,asset_lower,>=,0.0,0.0,0.0,0.0,True
asset_upper:Asset_060,asset_upper,<=,0.0,0.2,0.2,0.0,True
asset_lower:Asset_061,asset_lower,>=,0.0,0.0,0.0,0.0,True
asset_upper:Asset_061,asset_upper,<=,0.0,0.2,0.2,0.0,True
asset_lower:Asset_062,asset_lower,>=,0.0,0.0,0.0,0.0,True
asset_upper:Asset_062,asset_upper,<=,0.0,0.2,0.2,0.0,True
asset_lower:Asset_063,asset_lower,>=,0.0,0.0,0.0,0.0,True
asset_upper:Asset_063,asset_upper,<=,0.0,0.2,0.2,0.0,True
asset_lower:Asset_064,asset_lower,>=,0.0,0.0,0.0,0.0,True
asset_upper:Asset_064,asset_upper,<=,0.0,0.2,0.2,0.0,True
asset_lower:Asset_065,asset_lower,>=,0.0,0.0,0.0,0.0,True
asset_upper:Asset_065,asset_upper,<=,0.0,0.2,0.2,0.0,True
asset_lower:Asset_066,asset_lower,>=,0.0,0.0,0.0,0.0,True
asset_upper:Asset_066,asset_upper,<=,0.0,0.2,0.2,0.0,True
asset_lower:Asset_067,asset_lower,>=,0.0,0.0,0.0,0.0,True
asset_upper:Asset_067,asset_upper,<=,0.0,0.2,0.2,0.0,True
asset_lower:Asset_068,asset_lower,>=,0.0,0.0,0.0,0.0,True
asset_upper:Asset_068,asset_upper,<=,0.0,0.2,0.2,0.0,True
asset_lower:Asset_069,asset_lower,>=,0.0,0.0,0.0,0.0,True
asset_upper:Asset_069,asset_upper,<=,0.0,0.2,0.2,0.0,True
asset_lower:Asset_070,asset_lower,>=,0.0,0.0,0.0,0.0,True
asset_upper:Asset_070,asset_upper,<=,0.0,0.2,0.2,0.0,True
asset_lower:Asset_071,asset_lower,>=,0.0,0.0,0.0,0.0,True
asset_upper:Asset_071,asset_upper,<=,0.0,0.2,0.2,0.0,True
asset_lower:Asset_072,asset_lower,>=,0.0,0.0,0.0,0.0,True
asset_upper:Asset_072,asset_upper,<=,0.0,0.2,0.2,0.0,True
asset_lower:Asset_073,asset_lower,>=,0.0,0.0,0.0,0.0,True
asset_upper:Asset_073,asset_upper,<=,0.0,0.2,0.2,0.0,True
asset_lower:Asset_074,asset_lower,>=,0.0,0.0,0.0,0.0,True
asset_upper:Asset_074,asset_upper,<=,0.0,0.2,0.2,0.0,True
asset_lower:Asset_075,asset_lower,>=,0.04000000036689153,0.0,0.04000000036689153,0.0,True
asset_upper:Asset_075,asset_upper,<=,0.04000000036689153,0.2,0.1599999996331085,0.0,True
asset_lower:Asset_076,asset_lower,>=,0.0,0.0,0.0,0.0,True
asset_upper:Asset_076,asset_upper,<=,0.0,0.2,0.2,0.0,True
asset_lower:Asset_077,asset_lower,>=,0.0,0.0,0.0,0.0,True
asset_upper:Asset_077,asset_upper,<=,0.0,0.2,0.2,0.0,True
asset_lower:Asset_078,asset_lower,>=,0.0,0.0,0.0,0.0,True
asset_upper:Asset_078,asset_upper,<=,0.0,0.2,0.2,0.0,True
asset_lower:Asset_079,asset_lower,>=,0.0,0.0,0.0,0.0,True
asset_upper:Asset_079,asset_upper,<=,0.0,0.2,0.2,0.0,True
asset_lower:Asset_080,asset_lower,>=,0.0,0.0,0.0,0.0,True
asset_upper:Asset_080,asset_upper,<=,0.0,0.2,0.2,0.0,True
asset_lower:Asset_081,asset_lower,>=,0.0,0.0,0.0,0.0,True
asset_upper:Asset_081,asset_upper,<=,0.0,0.2,0.2,0.0,True
asset_lower:Asset_082,asset_lower,>=,0.0,0.0,0.0,0.0,True
asset_upper:Asset_082,asset_upper,<=,0.0,0.2,0.2,0.0,True
asset_lower:Asset_083,asset_lower,>=,0.0,0.0,0.0,0.0,True
asset_upper:Asset_083,asset_upper,<=,0.0,0.2,0.2,0.0,True
asset_lower:Asset_084,asset_lower,>=,0.029002015061331265,0.0,0.029002015061331265,0.0,True
asset_upper:Asset_084,asset_upper,<=,0.029002015061331265,0.2,0.17099798493866875,0.0,True
asset_lower:Asset_085,asset_lower,>=,0.0,0.0,0.0,0.0,True
asset_upper:Asset_085,asset_upper,<=,0.0,0.2,0.2,0.0,True
asset_lower:Asset_086,asset_lower,>=,0.04000000011377998,0.0,0.04000000011377998,0.0,True
asset_upper:Asset_086,asset_upper,<=,0.04000000011377998,0.2,0.15999999988622005,0.0,True
asset_lower:Asset_087,asset_lower,>=,0.0,0.0,0.0,0.0,True
asset_upper:Asset_087,asset_upper,<=,0.0,0.2,0.2,0.0,True
asset_lower:Asset_088,asset_lower,>=,0.0,0.0,0.0,0.0,True
asset_upper:Asset_088,asset_upper,<=,0.0,0.2,0.2,0.0,True
asset_lower:Asset_089,asset_lower,>=,0.0,0.0,0.0,0.0,True
asset_upper:Asset_089,asset_upper,<=,0.0,0.2,0.2,0.0,True
asset_lower:Asset_090,asset_lower,>=,0.09999999985611649,0.0,0.09999999985611649,0.0,True
asset_upper:Asset_090,asset_upper,<=,0.09999999985611649,0.2,0.10000000014388352,0.0,True
asset_lower:Asset_091,asset_lower,>=,0.0,0.0,0.0,0.0,True
asset_upper:Asset_091,asset_upper,<=,0.0,0.2,0.2,0.0,True
asset_lower:Asset_092,asset_lower,>=,0.0,0.0,0.0,0.0,True
asset_upper:Asset_092,asset_upper,<=,0.0,0.2,0.2,0.0,True
asset_lower:Asset_093,asset_lower,>=,0.0,0.0,0.0,0.0,True
asset_upper:Asset_093,asset_upper,<=,0.0,0.2,0.2,0.0,True
asset_lower:Asset_094,asset_lower,>=,0.0,0.0,0.0,0.0,True
asset_upper:Asset_094,asset_upper,<=,0.0,0.2,0.2,0.0,True
asset_lower:Asset_095,asset_lower,>=,0.0,0.0,0.0,0.0,True
asset_upper:Asset_095,asset_upper,<=,0.0,0.2,0.2,0.0,True
asset_lower:Asset_096,asset_lower,>=,0.0,0.0,0.0,0.0,True
asset_upper:Asset_096,asset_upper,<=,0.0,0.2,0.2,0.0,True
asset_lower:Asset_097,asset_lower,>=,0.0,0.0,0.0,0.0,True
asset_upper:Asset_097,asset_upper,<=,0.0,0.2,0.2,0.0,True
asset_lower:Asset_098,asset_lower,>=,0.0,0.0,0.0,0.0,True
asset_upper:Asset_098,asset_upper,<=,0.0,0.2,0.2,0.0,True
asset_lower:Asset_099,asset_lower,>=,0.0,0.0,0.0,0.0,True
asset_upper:Asset_099,asset_upper,<=,0.0,0.2,0.2,0.0,True
asset_lower:Asset_100,asset_lower,>=,0.0,0.0,0.0,0.0,True
asset_upper:Asset_100,asset_upper,<=,0.0,0.2,0.2,0.0,True
asset_lower:Asset_101,asset_lower,>=,0.04000000002447132,0.0,0.04000000002447132,0.0,True
asset_upper:Asset_101,asset_upper,<=,0.04000000002447132,0.2,0.1599999999755287,0.0,True
asset_lower:Asset_102,asset_lower,>=,0.0,0.0,0.0,0.0,True
asset_upper:Asset_102,asset_upper,<=,0.0,0.2,0.2,0.0,True
asset_lower:Asset_103,asset_lower,>=,0.0,0.0,0.0,0.0,True
asset_upper:Asset_103,asset_upper,<=,0.0,0.2,0.2,0.0,True
asset_lower:Asset_104,asset_lower,>=,0.0,0.0,0.0,0.0,True
asset_upper:Asset_104,asset_upper,<=,0.0,0.2,0.2,0.0,True
asset_lower:Asset_105,asset_lower,>=,0.0,0.0,0.0,0.0,True
asset_upper:Asset_105,asset_upper,<=,0.0,0.2,0.2,0.0,True
asset_lower:Asset_106,asset_lower,>=,0.0,0.0,0.0,0.0,True
asset_upper:Asset_106,asset_upper,<=,0.0,0.2,0.2,0.0,True
asset_lower:Asset_107,asset_lower,>=,0.029999999413058722,0.0,0.029999999413058722,0.0,True
asset_upper:Asset_107,asset_upper,<=,0.029999999413058722,0.2,0.17000000058694129,0.0,True
asset_lower:Asset_108,asset_lower,>=,0.0,0.0,0.0,0.0,True
asset_upper:Asset_108,asset_upper,<=,0.0,0.2,0.2,0.0,True
asset_lower:Asset_109,asset_lower,>=,0.0,0.0,0.0,0.0,True
asset_upper:Asset_109,asset_upper,<=,0.0,0.2,0.2,0.0,True
asset_lower:Asset_110,asset_lower,>=,0.0,0.0,0.0,0.0,True
asset_upper:Asset_110,asset_upper,<=,0.0,0.2,0.2,0.0,True
asset_lower:Asset_111,asset_lower,>=,0.0,0.0,0.0,0.0,True
asset_upper:Asset_111,asset_upper,<=,0.0,0.2,0.2,0.0,True
asset_lower:Asset_112,asset_lower,>=,0.0,0.0,0.0,0.0,True
asset_upper:Asset_112,asset_upper,<=,0.0,0.2,0.2,0.0,True
asset_lower:Asset_113,asset_lower,>=,0.0,0.0,0.0,0.0,True
asset_upper:Asset_113,asset_upper,<=,0.0,0.2,0.2,0.0,True
asset_lower:Asset_114,asset_lower,>=,0.0,0.0,0.0,0.0,True
asset_upper:Asset_114,asset_upper,<=,0.0,0.2,0.2,0.0,True
asset_lower:Asset_115,asset_lower,>=,0.0,0.0,0.0,0.0,True
asset_upper:Asset_115,asset_upper,<=,0.0,0.2,0.2,0.0,True
asset_lower:Asset_116,asset_lower,>=,0.0,0.0,0.0,0.0,True
asset_upper:Asset_116,asset_upper,<=,0.0,0.2,0.2,0.0,True
asset_lower:Asset_117,asset_lower,>=,0.0,0.0,0.0,0.0,True
asset_upper:Asset_117,asset_upper,<=,0.0,0.2,0.2,0.0,True
asset_lower:Asset_118,asset_lower,>=,0.0,0.0,0.0,0.0,True
asset_upper:Asset_118,asset_upper,<=,0.0,0.2,0.2,0.0,True
asset_lower:Asset_119,asset_lower,>=,0.0,0.0,0.0,0.0,True
asset_upper:Asset_119,asset_upper,<=,0.0,0.2,0.2,0.0,True
asset_lower:Asset_120,asset_lower,>=,0.0,0.0,0.0,0.0,True
asset_upper:Asset_120,asset_upper,<=,0.0,0.2,0.2,0.0,True
asset_lower:Asset_121,asset_lower,>=,0.0,0.0,0.0,0.0,True
asset_upper:Asset_121,asset_upper,<=,0.0,0.2,0.2,0.0,True
asset_lower:Asset_122,asset_lower,>=,0.0,0.0,0.0,0.0,True
asset_upper:Asset_122,asset_upper,<=,0.0,0.2,0.2,0.0,True
asset_lower:Asset_123,asset_lower,>=,0.0,0.0,0.0,0.0,True
asset_upper:Asset_123,asset_upper,<=,0.0,0.2,0.2,0.0,True
asset_lower:Asset_124,asset_lower,>=,0.0,0.0,0.0,0.0,True
asset_upper:Asset_124,asset_upper,<=,0.0,0.2,0.2,0.0,True
asset_lower:Asset_125,asset_lower,>=,0.0,0.0,0.0,0.0,True
asset_upper:Asset_125,asset_upper,<=,0.0,0.2,0.2,0.0,True
asset_lower:Asset_126,asset_lower,>=,0.0,0.0,0.0,0.0,True
asset_upper:Asset_126,asset_upper,<=,0.0,0.2,0.2,0.0,True
asset_lower:Asset_127,asset_lower,>=,0.0,0.0,0.0,0.0,True
asset_upper:Asset_127,asset_upper,<=,0.0,0.2,0.2,0.0,True
asset_lower:Asset_128,asset_lower,>=,0.0,0.0,0.0,0.0,True
asset_upper:Asset_128,asset_upper,<=,0.0,0.2,0.2,0.0,True
asset_lower:Asset_129,asset_lower,>=,0.0,0.0,0.0,0.0,True
asset_upper:Asset_129,asset_upper,<=,0.0,0.2,0.2,0.0,True
asset_lower:Asset_130,asset_lower,>=,0.0,0.0,0.0,0.0,True
asset_upper:Asset_130,asset_upper,<=,0.0,0.2,0.2,0.0,True
asset_lower:Asset_131,asset_lower,>=,0.0,0.0,0.0,0.0,True
asset_upper:Asset_131,asset_upper,<=,0.0,0.2,0.2,0.0,True
asset_lower:Asset_132,asset_lower,>=,0.0,0.0,0.0,0.0,True
asset_upper:Asset_132,asset_upper,<=,0.0,0.2,0.2,0.0,True
asset_lower:Asset_133,asset_lower,>=,0.0,0.0,0.0,0.0,True
asset_upper:Asset_133,asset_upper,<=,0.0,0.2,0.2,0.0,True
asset_lower:Asset_134,asset_lower,>=,0.0,0.0,0.0,0.0,True
asset_upper:Asset_134,asset_upper,<=,0.0,0.2,0.2,0.0,True
asset_lower:Asset_135,asset_lower,>=,0.0,0.0,0.0,0.0,True
asset_upper:Asset_135,asset_upper,<=,0.0,0.2,0.2,0.0,True
asset_lower:Asset_136,asset_lower,>=,0.0,0.0,0.0,0.0,True
asset_upper:Asset_136,asset_upper,<=,0.0,0.2,0.2,0.0,True
asset_lower:Asset_137,asset_lower,>=,0.0,0.0,0.0,0.0,True
asset_upper:Asset_137,asset_upper,<=,0.0,0.2,0.2,0.0,True
asset_lower:Asset_138,asset_lower,>=,0.0,0.0,0.0,0.0,True
asset_upper:Asset_138,asset_upper,<=,0.0,0.2,0.2,0.0,True
asset_lower:Asset_139,asset_lower,>=,0.0,0.0,0.0,0.0,True
asset_upper:Asset_139,asset_upper,<=,0.0,0.2,0.2,0.0,True
asset_lower:Asset_140,asset_lower,>=,0.0,0.0,0.0,0.0,True
asset_upper:Asset_140,asset_upper,<=,0.0,0.2,0.2,0.0,True
asset_lower:Asset_141,asset_lower,>=,0.07285509655589184,0.0,0.07285509655589184,0.0,True
asset_upper:Asset_141,asset_upper,<=,0.07285509655589184,0.2,0.12714490344410817,0.0,True
asset_lower:Asset_142,asset_lower,>=,0.0,0.0,0.0,0.0,True
asset_upper:Asset_142,asset_upper,<=,0.0,0.2,0.2,0.0,True
asset_lower:Asset_143,asset_lower,>=,0.038923748565928076,0.0,0.038923748565928076,0.0,True
asset_upper:Asset_143,asset_upper,<=,0.038923748565928076,0.2,0.16107625143407195,0.0,True
asset_lower:Asset_144,asset_lower,>=,0.0,0.0,0.0,0.0,True
asset_upper:Asset_144,asset_upper,<=,0.0,0.2,0.2,0.0,True
asset_lower:Asset_145,asset_lower,>=,0.0,0.0,0.0,0.0,True
asset_upper:Asset_145,asset_upper,<=,0.0,0.2,0.2,0.0,True
asset_lower:Asset_146,asset_lower,>=,0.0,0.0,0.0,0.0,True
asset_upper:Asset_146,asset_upper,<=,0.0,0.2,0.2,0.0,True
asset_lower:Asset_147,asset_lower,>=,0.0,0.0,0.0,0.0,True
asset_upper:Asset_147,asset_upper,<=,0.0,0.2,0.2,0.0,True
asset_lower:Asset_148,asset_lower,>=,0.0,0.0,0.0,0.0,True
asset_upper:Asset_148,asset_upper,<=,0.0,0.2,0.2,0.0,True
asset_lower:Asset_149,asset_lower,>=,0.0,0.0,0.0,0.0,True
asset_upper:Asset_149,asset_upper,<=,0.0,0.2,0.2,0.0,True
asset_lower:Asset_150,asset_lower,>=,0.0,0.0,0.0,0.0,True
asset_upper:Asset_150,asset_upper,<=,0.0,0.2,0.2,0.0,True
asset_lower:Asset_151,asset_lower,>=,0.025502172280461567,0.0,0.025502172280461567,0.0,True
asset_upper:Asset_151,asset_upper,<=,0.025502172280461567,0.2,0.17449782771953845,0.0,True
asset_lower:Asset_152,asset_lower,>=,0.0,0.0,0.0,0.0,True
asset_upper:Asset_152,asset_upper,<=,0.0,0.2,0.2,0.0,True
asset_lower:Asset_153,asset_lower,>=,0.0,0.0,0.0,0.0,True
asset_upper:Asset_153,asset_upper,<=,0.0,0.2,0.2,0.0,True
asset_lower:Asset_154,asset_lower,>=,0.0,0.0,0.0,0.0,True
asset_upper:Asset_154,asset_upper,<=,0.0,0.2,0.2,0.0,True
asset_lower:Asset_155,asset_lower,>=,0.0,0.0,0.0,0.0,True
asset_upper:Asset_155,asset_upper,<=,0.0,0.2,0.2,0.0,True
asset_lower:Asset_156,asset_lower,>=,0.0,0.0,0.0,0.0,True
asset_upper:Asset_156,asset_upper,<=,0.0,0.2,0.2,0.0,True
asset_lower:Asset_157,asset_lower,>=,0.0,0.0,0.0,0.0,True
asset_upper:Asset_157,asset_upper,<=,0.0,0.2,0.2,0.0,True
asset_lower:Asset_158,asset_lower,>=,0.0,0.0,0.0,0.0,True
asset_upper:Asset_158,asset_upper,<=,0.0,0.2,0.2,0.0,True
asset_lower:Asset_159,asset_lower,>=,0.0,0.0,0.0,0.0,True
asset_upper:Asset_159,asset_upper,<=,0.0,0.2,0.2,0.0,True
asset_lower:Asset_160,asset_lower,>=,0.0,0.0,0.0,0.0,True
asset_upper:Asset_160,asset_upper,<=,0.0,0.2,0.2,0.0,True
asset_lower:Asset_161,asset_lower,>=,0.0,0.0,0.0,0.0,True
asset_upper:Asset_161,asset_upper,<=,0.0,0.2,0.2,0.0,True
asset_lower:Asset_162,asset_lower,>=,0.0,0.0,0.0,0.0,True
asset_upper:Asset_162,asset_upper,<=,0.0,0.2,0.2,0.0,True
asset_lower:Asset_163,asset_lower,>=,0.0,0.0,0.0,0.0,True
asset_upper:Asset_163,asset_upper,<=,0.0,0.2,0.2,0.0,True
asset_lower:Asset_164,asset_lower,>=,0.0,0.0,0.0,0.0,True
asset_upper:Asset_164,asset_upper,<=,0.0,0.2,0.2,0.0,True
asset_lower:Asset_165,asset_lower,>=,0.0,0.0,0.0,0.0,True
asset_upper:Asset_165,asset_upper,<=,0.0,0.2,0.2,0.0,True
asset_lower:Asset_166,asset_lower,>=,0.0,0.0,0.0,0.0,True
asset_upper:Asset_166,asset_upper,<=,0.0,0.2,0.2,0.0,True
asset_lower:Asset_167,asset_lower,>=,0.0,0.0,0.0,0.0,True
asset_upper:Asset_167,asset_upper,<=,0.0,0.2,0.2,0.0,True
asset_lower:Asset_168,asset_lower,>=,0.0,0.0,0.0,0.0,True
asset_upper:Asset_168,asset_upper,<=,0.0,0.2,0.2,0.0,True
asset_lower:Asset_169,asset_lower,>=,0.0,0.0,0.0,0.0,True
asset_upper:Asset_169,asset_upper,<=,0.0,0.2,0.2,0.0,True
asset_lower:Asset_170,asset_lower,>=,0.0,0.0,0.0,0.0,True
asset_upper:Asset_170,asset_upper,<=,0.0,0.2,0.2,0.0,True
asset_lower:Asset_171,asset_lower,>=,0.03999999982903764,0.0,0.03999999982903764,0.0,True
asset_upper:Asset_171,asset_upper,<=,0.03999999982903764,0.2,0.1600000001709624,0.0,True
asset_lower:Asset_172,asset_lower,>=,0.0,0.0,0.0,0.0,True
asset_upper:Asset_172,asset_upper,<=,0.0,0.2,0.2,0.0,True
asset_lower:Asset_173,asset_lower,>=,0.0,0.0,0.0,0.0,True
asset_upper:Asset_173,asset_upper,<=,0.0,0.2,0.2,0.0,True
asset_lower:Asset_174,asset_lower,>=,0.0,0.0,0.0,0.0,True
asset_upper:Asset_174,asset_upper,<=,0.0,0.2,0.2,0.0,True
asset_lower:Asset_175,asset_lower,>=,0.0,0.0,0.0,0.0,True
asset_upper:Asset_175,asset_upper,<=,0.0,0.2,0.2,0.0,True
asset_lower:Asset_176,asset_lower,>=,0.07442790841937852,0.0,0.07442790841937852,0.0,True
asset_upper:Asset_176,asset_upper,<=,0.07442790841937852,0.2,0.1255720915806215,0.0,True
asset_lower:Asset_177,asset_lower,>=,0.0,0.0,0.0,0.0,True
asset_upper:Asset_177,asset_upper,<=,0.0,0.2,0.2,0.0,True
asset_lower:Asset_178,asset_lower,>=,0.0,0.0,0.0,0.0,True
asset_upper:Asset_178,asset_upper,<=,0.0,0.2,0.2,0.0,True
asset_lower:Asset_179,asset_lower,>=,0.0,0.0,0.0,0.0,True
asset_upper:Asset_179,asset_upper,<=,0.0,0.2,0.2,0.0,True
asset_lower:Asset_180,asset_lower,>=,0.0,0.0,0.0,0.0,True
asset_upper:Asset_180,asset_upper,<=,0.0,0.2,0.2,0.0,True
asset_lower:Asset_181,asset_lower,>=,0.0,0.0,0.0,0.0,True
asset_upper:Asset_181,asset_upper,<=,0.0,0.2,0.2,0.0,True
asset_lower:Asset_182,asset_lower,>=,0.010000000097041477,0.0,0.010000000097041477,0.0,True
asset_upper:Asset_182,asset_upper,<=,0.010000000097041477,0.2,0.18999999990295854,0.0,True
asset_lower:Asset_183,asset_lower,>=,0.0,0.0,0.0,0.0,True
asset_upper:Asset_183,asset_upper,<=,0.0,0.2,0.2,0.0,True
asset_lower:Asset_184,asset_lower,>=,0.0,0.0,0.0,0.0,True
asset_upper:Asset_184,asset_upper,<=,0.0,0.2,0.2,0.0,True
asset_lower:Asset_185,asset_lower,>=,0.0,0.0,0.0,0.0,True
asset_upper:Asset_185,asset_upper,<=,0.0,0.2,0.2,0.0,True
asset_lower:Asset_186,asset_lower,>=,0.0,0.0,0.0,0.0,True
asset_upper:Asset_186,asset_upper,<=,0.0,0.2,0.2,0.0,True
asset_lower:Asset_187,asset_lower,>=,0.0,0.0,0.0,0.0,True
asset_upper:Asset_187,asset_upper,<=,0.0,0.2,0.2,0.0,True
asset_lower:Asset_188,asset_lower,>=,0.0,0.0,0.0,0.0,True
asset_upper:Asset_188,asset_upper,<=,0.0,0.2,0.2,0.0,True
asset_lower:Asset_189,asset_lower,>=,0.0,0.0,0.0,0.0,True
asset_upper:Asset_189,asset_upper,<=,0.0,0.2,0.2,0.0,True
asset_lower:Asset_190,asset_lower,>=,0.0,0.0,0.0,0.0,True
asset_upper:Asset_190,asset_upper,<=,0.0,0.2,0.2,0.0,True
asset_lower:Asset_191,asset_lower,>=,0.0,0.0,0.0,0.0,True
asset_upper:Asset_191,asset_upper,<=,0.0,0.2,0.2,0.0,True
asset_lower:Asset_192,asset_lower,>=,0.0,0.0,0.0,0.0,True
asset_upper:Asset_192,asset_upper,<=,0.0,0.2,0.2,0.0,True
asset_lower:Asset_193,asset_lower,>=,0.0,0.0,0.0,0.0,True
asset_upper:Asset_193,asset_upper,<=,0.0,0.2,0.2,0.0,True
asset_lower:Asset_194,asset_lower,>=,0.0,0.0,0.0,0.0,True
asset_upper:Asset_194,asset_upper,<=,0.0,0.2,0.2,0.0,True
asset_lower:Asset_195,asset_lower,>=,0.0,0.0,0.0,0.0,True
asset_upper:Asset_195,asset_upper,<=,0.0,0.2,0.2,0.0,True
asset_lower:Asset_196,asset_lower,>=,0.0,0.0,0.0,0.0,True
asset_upper:Asset_196,asset_upper,<=,0.0,0.2,0.2,0.0,True
asset_lower:Asset_197,asset_lower,>=,0.025504158264359107,0.0,0.025504158264359107,0.0,True
asset_upper:Asset_197,asset_upper,<=,0.025504158264359107,0.2,0.1744958417356409,0.0,True
asset_lower:Asset_198,asset_lower,>=,0.0,0.0,0.0,0.0,True
asset_upper:Asset_198,asset_upper,<=,0.0,0.2,0.2,0.0,True
asset_lower:Asset_199,asset_lower,>=,0.0,0.0,0.0,0.0,True
asset_upper:Asset_199,asset_upper,<=,0.0,0.2,0.2,0.0,True
asset_lower:Asset_200,asset_lower,>=,0.0,0.0,0.0,0.0,True
asset_upper:Asset_200,asset_upper,<=,0.0,0.2,0.2,0.0,True
asset_lower:Asset_201,asset_lower,>=,0.0,0.0,0.0,0.0,True
asset_upper:Asset_201,asset_upper,<=,0.0,0.2,0.2,0.0,True
asset_lower:Asset_202,asset_lower,>=,0.0,0.0,0.0,0.0,True
asset_upper:Asset_202,asset_upper,<=,0.0,0.2,0.2,0.0,True
asset_lower:Asset_203,asset_lower,>=,0.04000000015425001,0.0,0.04000000015425001,0.0,True
asset_upper:Asset_203,asset_upper,<=,0.04000000015425001,0.2,0.15999999984575,0.0,True
asset_lower:Asset_204,asset_lower,>=,0.0,0.0,0.0,0.0,True
asset_upper:Asset_204,asset_upper,<=,0.0,0.2,0.2,0.0,True
asset_lower:Asset_205,asset_lower,>=,0.0,0.0,0.0,0.0,True
asset_upper:Asset_205,asset_upper,<=,0.0,0.2,0.2,0.0,True
asset_lower:Asset_206,asset_lower,>=,0.0,0.0,0.0,0.0,True
asset_upper:Asset_206,asset_upper,<=,0.0,0.2,0.2,0.0,True
asset_lower:Asset_207,asset_lower,>=,0.0,0.0,0.0,0.0,True
asset_upper:Asset_207,asset_upper,<=,0.0,0.2,0.2,0.0,True
asset_lower:Asset_208,asset_lower,>=,0.0,0.0,0.0,0.0,True
asset_upper:Asset_208,asset_upper,<=,0.0,0.2,0.2,0.0,True
asset_lower:Asset_209,asset_lower,>=,0.0,0.0,0.0,0.0,True
asset_upper:Asset_209,asset_upper,<=,0.0,0.2,0.2,0.0,True
asset_lower:Asset_210,asset_lower,>=,0.0,0.0,0.0,0.0,True
asset_upper:Asset_210,asset_upper,<=,0.0,0.2,0.2,0.0,True
asset_lower:Asset_211,asset_lower,>=,0.0,0.0,0.0,0.0,True
asset_upper:Asset_211,asset_upper,<=,0.0,0.2,0.2,0.0,True
asset_lower:Asset_212,asset_lower,>=,0.0,0.0,0.0,0.0,True
asset_upper:Asset_212,asset_upper,<=,0.0,0.2,0.2,0.0,True
asset_lower:Asset_213,asset_lower,>=,0.0,0.0,0.0,0.0,True
asset_upper:Asset_213,asset_upper,<=,0.0,0.2,0.2,0.0,True
asset_lower:Asset_214,asset_lower,>=,0.0,0.0,0.0,0.0,True
asset_upper:Asset_214,asset_upper,<=,0.0,0.2,0.2,0.0,True
asset_lower:Asset_215,asset_lower,>=,0.0,0.0,0.0,0.0,True
asset_upper:Asset_215,asset_upper,<=,0.0,0.2,0.2,0.0,True
asset_lower:Asset_216,asset_lower,>=,0.0,0.0,0.0,0.0,True
asset_upper:Asset_216,asset_upper,<=,0.0,0.2,0.2,0.0,True
asset_lower:Asset_217,asset_lower,>=,0.0,0.0,0.0,0.0,True
asset_upper:Asset_217,asset_upper,<=,0.0,0.2,0.2,0.0,True
asset_lower:Asset_218,asset_lower,>=,0.0,0.0,0.0,0.0,True
asset_upper:Asset_218,asset_upper,<=,0.0,0.2,0.2,0.0,True
asset_lower:Asset_219,asset_lower,>=,0.0,0.0,0.0,0.0,True
asset_upper:Asset_219,asset_upper,<=,0.0,0.2,0.2,0.0,True
asset_lower:Asset_220,asset_lower,>=,0.0,0.0,0.0,0.0,True
asset_upper:Asset_220,asset_upper,<=,0.0,0.2,0.2,0.0,True
asset_lower:Asset_221,asset_lower,>=,0.0,0.0,0.0,0.0,True
asset_upper:Asset_221,asset_upper,<=,0.0,0.2,0.2,0.0,True
asset_lower:Asset_222,asset_lower,>=,0.0,0.0,0.0,0.0,True
asset_upper:Asset_222,asset_upper,<=,0.0,0.2,0.2,0.0,True
asset_lower:Asset_223,asset_lower,>=,0.0,0.0,0.0,0.0,True
asset_upper:Asset_223,asset_upper,<=,0.0,0.2,0.2,0.0,True
asset_lower:Asset_224,asset_lower,>=,0.0,0.0,0.0,0.0,True
asset_upper:Asset_224,asset_upper,<=,0.0,0.2,0.2,0.0,True
asset_lower:Asset_225,asset_lower,>=,0.03999999972002555,0.0,0.03999999972002555,0.0,True
asset_upper:Asset_225,asset_upper,<=,0.03999999972002555,0.2,0.16000000027997446,0.0,True
asset_lower:Asset_226,asset_lower,>=,0.0,0.0,0.0,0.0,True
asset_upper:Asset_226,asset_upper,<=,0.0,0.2,0.2,0.0,True
asset_lower:Asset_227,asset_lower,>=,0.0,0.0,0.0,0.0,True
asset_upper:Asset_227,asset_upper,<=,0.0,0.2,0.2,0.0,True
asset_lower:Asset_228,asset_lower,>=,0.0,0.0,0.0,0.0,True
asset_upper:Asset_228,asset_upper,<=,0.0,0.2,0.2,0.0,True
asset_lower:Asset_229,asset_lower,>=,0.0,0.0,0.0,0.0,True
asset_upper:Asset_229,asset_upper,<=,0.0,0.2,0.2,0.0,True
asset_lower:Asset_230,asset_lower,>=,0.0,0.0,0.0,0.0,True
asset_upper:Asset_230,asset_upper,<=,0.0,0.2,0.2,0.0,True
asset_lower:Asset_231,asset_lower,>=,0.0,0.0,0.0,0.0,True
asset_upper:Asset_231,asset_upper,<=,0.0,0.2,0.2,0.0,True
asset_lower:Asset_232,asset_lower,>=,0.0,0.0,0.0,0.0,True
asset_upper:Asset_232,asset_upper,<=,0.0,0.2,0.2,0.0,True
asset_lower:Asset_233,asset_lower,>=,0.0,0.0,0.0,0.0,True
asset_upper:Asset_233,asset_upper,<=,0.0,0.2,0.2,0.0,True
asset_lower:Asset_234,asset_lower,>=,0.0,0.0,0.0,0.0,True
asset_upper:Asset_234,asset_upper,<=,0.0,0.2,0.2,0.0,True
asset_lower:Asset_235,asset_lower,>=,0.0399999996368592,0.0,0.0399999996368592,0.0,True
asset_upper:Asset_235,asset_upper,<=,0.0399999996368592,0.2,0.16000000036314083,0.0,True
asset_lower:Asset_236,asset_lower,>=,0.0,0.0,0.0,0.0,True
asset_upper:Asset_236,asset_upper,<=,0.0,0.2,0.2,0.0,True
asset_lower:Asset_237,asset_lower,>=,0.0,0.0,0.0,0.0,True
asset_upper:Asset_237,asset_upper,<=,0.0,0.2,0.2,0.0,True
asset_lower:Asset_238,asset_lower,>=,0.0,0.0,0.0,0.0,True
asset_upper:Asset_238,asset_upper,<=,0.0,0.2,0.2,0.0,True
asset_lower:Asset_239,asset_lower,>=,0.0,0.0,0.0,0.0,True
asset_upper:Asset_239,asset_upper,<=,0.0,0.2,0.2,0.0,True
asset_lower:Asset_240,asset_lower,>=,0.010000001467930633,0.0,0.010000001467930633,0.0,True
asset_upper:Asset_240,asset_upper,<=,0.010000001467930633,0.2,0.1899999985320694,0.0,True
asset_lower:Asset_241,asset_lower,>=,0.0,0.0,0.0,0.0,True
asset_upper:Asset_241,asset_upper,<=,0.0,0.2,0.2,0.0,True
asset_lower:Asset_242,asset_lower,>=,0.0,0.0,0.0,0.0,True
asset_upper:Asset_242,asset_upper,<=,0.0,0.2,0.2,0.0,True
asset_lower:Asset_243,asset_lower,>=,0.0,0.0,0.0,0.0,True
asset_upper:Asset_243,asset_upper,<=,0.0,0.2,0.2,0.0,True
asset_lower:Asset_244,asset_lower,>=,0.040000000105693045,0.0,0.040000000105693045,0.0,True
asset_upper:Asset_244,asset_upper,<=,0.040000000105693045,0.2,0.15999999989430697,0.0,True
asset_lower:Asset_245,asset_lower,>=,0.0,0.0,0.0,0.0,True
asset_upper:Asset_245,asset_upper,<=,0.0,0.2,0.2,0.0,True
asset_lower:Asset_246,asset_lower,>=,0.0,0.0,0.0,0.0,True
asset_upper:Asset_246,asset_upper,<=,0.0,0.2,0.2,0.0,True
asset_lower:Asset_247,asset_lower,>=,0.0,0.0,0.0,0.0,True
asset_upper:Asset_247,asset_upper,<=,0.0,0.2,0.2,0.0,True
asset_lower:Asset_248,asset_lower,>=,0.039999999948127765,0.0,0.039999999948127765,0.0,True
asset_upper:Asset_248,asset_upper,<=,0.039999999948127765,0.2,0.16000000005187226,0.0,True
asset_lower:Asset_249,asset_lower,>=,0.0,0.0,0.0,0.0,True
asset_upper:Asset_249,asset_upper,<=,0.0,0.2,0.2,0.0,True
group_lower:Group_0,group_lower,>=,0.14207423589773302,0.06999999999999999,0.07207423589773303,0.0,True
group_upper:Group_0,group_upper,<=,0.14207423589773302,0.22,0.07792576410226698,0.0,True
group_lower:Group_1,group_lower,>=,0.12000000040160257,0.06999999999999999,0.05000000040160257,0.0,True
group_upper:Group_1,group_upper,<=,0.12000000040160257,0.22,0.09999999959839743,0.0,True
group_lower:Group_2,group_lower,>=,0.11999999956377773,0.06999999999999999,0.049999999563777736,0.0,True
group_upper:Group_2,group_upper,<=,0.11999999956377773,0.22,0.10000000043622227,0.0,True
group_lower:Group_3,group_lower,>=,0.21999999915151158,0.06999999999999999,0.14999999915151158,0.0,True
group_upper:Group_3,group_upper,<=,0.21999999915151158,0.22,8.484884184145614e-10,0.0,True
group_lower:Group_4,group_lower,>=,0.0890020169931949,0.06999999999999999,0.019002016993194912,0.0,True
group_upper:Group_4,group_upper,<=,0.0890020169931949,0.22,0.1309979830068051,0.0,True
group_lower:Group_5,group_lower,>=,0.08000000021947302,0.03,0.050000000219473026,0.0,True
group_upper:Group_5,group_upper,<=,0.08000000021947302,0.18,0.09999999978052697,0.0,True
group_lower:Group_6,group_lower,>=,0.029999999413058722,0.03,-5.869412768311211e-10,5.869412768311211e-10,True
group_upper:Group_6,group_upper,<=,0.029999999413058722,0.18,0.15000000058694127,0.0,True
group_lower:Group_7,group_lower,>=,0.08000000012729752,0.03,0.05000000012729752,0.0,True
group_upper:Group_7,group_upper,<=,0.08000000012729752,0.18,0.09999999987270247,0.0,True
group_lower:Group_8,group_lower,>=,0.039999999948127765,0.03,0.009999999948127766,0.0,True
group_upper:Group_8,group_upper,<=,0.039999999948127765,0.18,0.14000000005187224,0.0,True
group_lower:Group_9,group_lower,>=,0.07892374828595362,0.03,0.048923748285953625,0.0,True
group_upper:Group_9,group_upper,<=,0.07892374828595362,0.18,0.10107625171404637,0.0,True
target_return,target_return,>=,0.0679143593812464,0.06752272205125989,0.0003916373299865106,0.0,True
max_turnover,max_turnover,<=,0.40000000481962394,0.4,-4.819623922180938e-09,4.819623922180938e-09,True
eligible:Asset_006,eligible,<=,0.0,0.0,0.0,0.0,True
eligible:Asset_013,eligible,<=,0.0,0.0,0.0,0.0,True
eligible:Asset_014,eligible,<=,0.0,0.0,0.0,0.0,True
eligible:Asset_023,eligible,<=,0.0,0.0,0.0,0.0,True
eligible:Asset_044,eligible,<=,0.0,0.0,0.0,0.0,True
eligible:Asset_068,eligible,<=,0.0,0.0,0.0,0.0,True
eligible:Asset_070,eligible,<=,0.0,0.0,0.0,0.0,True
eligible:Asset_082,eligible,<=,0.0,0.0,0.0,0.0,True
eligible:Asset_092,eligible,<=,0.0,0.0,0.0,0.0,True
eligible:Asset_100,eligible,<=,0.0,0.0,0.0,0.0,True
eligible:Asset_114,eligible,<=,0.0,0.0,0.0,0.0,True
eligible:Asset_117,eligible,<=,0.0,0.0,0.0,0.0,True
eligible:Asset_123,eligible,<=,0.0,0.0,0.0,0.0,True
eligible:Asset_125,eligible,<=,0.0,0.0,0.0,0.0,True
eligible:Asset_132,eligible,<=,0.0,0.0,0.0,0.0,True
eligible:Asset_133,eligible,<=,0.0,0.0,0.0,0.0,True
eligible:Asset_159,eligible,<=,0.0,0.0,0.0,0.0,True
eligible:Asset_169,eligible,<=,0.0,0.0,0.0,0.0,True
eligible:Asset_184,eligible,<=,0.0,0.0,0.0,0.0,True
eligible:Asset_192,eligible,<=,0.0,0.0,0.0,0.0,True
eligible:Asset_200,eligible,<=,0.0,0.0,0.0,0.0,True
eligible:Asset_205,eligible,<=,0.0,0.0,0.0,0.0,True
eligible:Asset_218,eligible,<=,0.0,0.0,0.0,0.0,True
eligible:Asset_233,eligible,<=,0.0,0.0,0.0,0.0,True
eligible:Asset_247,eligible,<=,0.0,0.0,0.0,0.0,True
mandatory:Asset_003,mandatory,>=,0.0400000003021643,0.01,0.0300000003021643,0.0,True
mandatory:Asset_011,mandatory,>=,0.043714981077482076,0.01,0.033714981077482074,0.0,True
mandatory:Asset_025,mandatory,>=,0.04000000007496694,0.01,0.03000000007496694,0.0,True
exact_cardinality,exact_cardinality,=,25.0,25.0,-0.0,0.0,True
minimum_active_weight:Asset_003,minimum_active_weight,>=,0.0400000003021643,0.01,0.0300000003021643,0.0,True
minimum_active_weight:Asset_011,minimum_active_weight,>=,0.043714981077482076,0.01,0.033714981077482074,0.0,True
minimum_active_weight:Asset_025,minimum_active_weight,>=,0.04000000007496694,0.01,0.03000000007496694,0.0,True
minimum_active_weight:Asset_036,minimum_active_weight,>=,0.040000000298259876,0.01,0.030000000298259874,0.0,True
minimum_active_weight:Asset_039,minimum_active_weight,>=,0.020069918595555014,0.01,0.010069918595555014,0.0,True
minimum_active_weight:Asset_041,minimum_active_weight,>=,0.03999999977266852,0.01,0.02999999977266852,0.0,True
minimum_active_weight:Asset_075,minimum_active_weight,>=,0.04000000036689153,0.01,0.03000000036689153,0.0,True
minimum_active_weight:Asset_084,minimum_active_weight,>=,0.029002015061331265,0.01,0.019002015061331264,0.0,True
minimum_active_weight:Asset_086,minimum_active_weight,>=,0.04000000011377998,0.01,0.030000000113779977,0.0,True
minimum_active_weight:Asset_090,minimum_active_weight,>=,0.09999999985611649,0.01,0.0899999998561165,0.0,True
minimum_active_weight:Asset_101,minimum_active_weight,>=,0.04000000002447132,0.01,0.03000000002447132,0.0,True
minimum_active_weight:Asset_107,minimum_active_weight,>=,0.029999999413058722,0.01,0.019999999413058724,0.0,True
minimum_active_weight:Asset_141,minimum_active_weight,>=,0.07285509655589184,0.01,0.06285509655589185,0.0,True
minimum_active_weight:Asset_143,minimum_active_weight,>=,0.038923748565928076,0.01,0.028923748565928074,0.0,True
minimum_active_weight:Asset_151,minimum_active_weight,>=,0.025502172280461567,0.01,0.015502172280461567,0.0,True
minimum_active_weight:Asset_171,minimum_active_weight,>=,0.03999999982903764,0.01,0.029999999829037637,0.0,True
minimum_active_weight:Asset_176,minimum_active_weight,>=,0.07442790841937852,0.01,0.06442790841937852,0.0,True
minimum_active_weight:Asset_182,minimum_active_weight,>=,0.010000000097041477,0.01,9.70414772843986e-11,0.0,True
minimum_active_weight:Asset_197,minimum_active_weight,>=,0.025504158264359107,0.01,0.015504158264359106,0.0,True
minimum_active_weight:Asset_203,minimum_active_weight,>=,0.04000000015425001,0.01,0.030000000154250007,0.0,True
minimum_active_weight:Asset_225,minimum_active_weight,>=,0.03999999972002555,0.01,0.029999999720025546,0.0,True
minimum_active_weight:Asset_235,minimum_active_weight,>=,0.0399999996368592,0.01,0.029999999636859197,0.0,True
minimum_active_weight:Asset_240,minimum_active_weight,>=,0.010000001467930633,0.01,1.467930632950698e-09,0.0,True
minimum_active_weight:Asset_244,minimum_active_weight,>=,0.040000000105693045,0.01,0.030000000105693043,0.0,True
minimum_active_weight:Asset_248,minimum_active_weight,>=,0.039999999948127765,0.01,0.029999999948127763,0.0,True
implementation_upper:Asset_000,implementation_upper,<=,0.0,0.1,0.1,0.0,True
implementation_upper:Asset_001,implementation_upper,<=,0.0,0.1,0.1,0.0,True
implementation_upper:Asset_002,implementation_upper,<=,0.0,0.1,0.1,0.0,True
implementation_upper:Asset_003,implementation_upper,<=,0.0400000003021643,0.1,0.059999999697835704,0.0,True
implementation_upper:Asset_004,implementation_upper,<=,0.0,0.1,0.1,0.0,True
implementation_upper:Asset_005,implementation_upper,<=,0.0,0.1,0.1,0.0,True
implementation_upper:Asset_006,implementation_upper,<=,0.0,0.1,0.1,0.0,True
implementation_upper:Asset_007,implementation_upper,<=,0.0,0.1,0.1,0.0,True
implementation_upper:Asset_008,implementation_upper,<=,0.0,0.1,0.1,0.0,True
implementation_upper:Asset_009,implementation_upper,<=,0.0,0.1,0.1,0.0,True
implementation_upper:Asset_010,implementation_upper,<=,0.0,0.1,0.1,0.0,True
implementation_upper:Asset_011,implementation_upper,<=,0.043714981077482076,0.1,0.05628501892251793,0.0,True
implementation_upper:Asset_012,implementation_upper,<=,0.0,0.1,0.1,0.0,True
implementation_upper:Asset_013,implementation_upper,<=,0.0,0.1,0.1,0.0,True
implementation_upper:Asset_014,implementation_upper,<=,0.0,0.1,0.1,0.0,True
implementation_upper:Asset_015,implementation_upper,<=,0.0,0.1,0.1,0.0,True
implementation_upper:Asset_016,implementation_upper,<=,0.0,0.1,0.1,0.0,True
implementation_upper:Asset_017,implementation_upper,<=,0.0,0.1,0.1,0.0,True
implementation_upper:Asset_018,implementation_upper,<=,0.0,0.1,0.1,0.0,True
implementation_upper:Asset_019,implementation_upper,<=,0.0,0.1,0.1,0.0,True
implementation_upper:Asset_020,implementation_upper,<=,0.0,0.1,0.1,0.0,True
implementation_upper:Asset_021,implementation_upper,<=,0.0,0.1,0.1,0.0,True
implementation_upper:Asset_022,implementation_upper,<=,0.0,0.1,0.1,0.0,True
implementation_upper:Asset_023,implementation_upper,<=,0.0,0.1,0.1,0.0,True
implementation_upper:Asset_024,implementation_upper,<=,0.0,0.1,0.1,0.0,True
implementation_upper:Asset_025,implementation_upper,<=,0.04000000007496694,0.1,0.05999999992503306,0.0,True
implementation_upper:Asset_026,implementation_upper,<=,0.0,0.1,0.1,0.0,True
implementation_upper:Asset_027,implementation_upper,<=,0.0,0.1,0.1,0.0,True
implementation_upper:Asset_028,implementation_upper,<=,0.0,0.1,0.1,0.0,True
implementation_upper:Asset_029,implementation_upper,<=,0.0,0.1,0.1,0.0,True
implementation_upper:Asset_030,implementation_upper,<=,0.0,0.1,0.1,0.0,True
implementation_upper:Asset_031,implementation_upper,<=,0.0,0.1,0.1,0.0,True
implementation_upper:Asset_032,implementation_upper,<=,0.0,0.1,0.1,0.0,True
implementation_upper:Asset_033,implementation_upper,<=,0.0,0.1,0.1,0.0,True
implementation_upper:Asset_034,implementation_upper,<=,0.0,0.1,0.1,0.0,True
implementation_upper:Asset_035,implementation_upper,<=,0.0,0.1,0.1,0.0,True
implementation_upper:Asset_036,implementation_upper,<=,0.040000000298259876,0.1,0.05999999970174013,0.0,True
implementation_upper:Asset_037,implementation_upper,<=,0.0,0.1,0.1,0.0,True
implementation_upper:Asset_038,implementation_upper,<=,0.0,0.1,0.1,0.0,True
implementation_upper:Asset_039,implementation_upper,<=,0.020069918595555014,0.1,0.07993008140444499,0.0,True
implementation_upper:Asset_040,implementation_upper,<=,0.0,0.1,0.1,0.0,True
implementation_upper:Asset_041,implementation_upper,<=,0.03999999977266852,0.1,0.060000000227331485,0.0,True
implementation_upper:Asset_042,implementation_upper,<=,0.0,0.1,0.1,0.0,True
implementation_upper:Asset_043,implementation_upper,<=,0.0,0.1,0.1,0.0,True
implementation_upper:Asset_044,implementation_upper,<=,0.0,0.1,0.1,0.0,True
implementation_upper:Asset_045,implementation_upper,<=,0.0,0.1,0.1,0.0,True
implementation_upper:Asset_046,implementation_upper,<=,0.0,0.1,0.1,0.0,True
implementation_upper:Asset_047,implementation_upper,<=,0.0,0.1,0.1,0.0,True
implementation_upper:Asset_048,implementation_upper,<=,0.0,0.1,0.1,0.0,True
implementation_upper:Asset_049,implementation_upper,<=,0.0,0.1,0.1,0.0,True
implementation_upper:Asset_050,implementation_upper,<=,0.0,0.1,0.1,0.0,True
implementation_upper:Asset_051,implementation_upper,<=,0.0,0.1,0.1,0.0,True
implementation_upper:Asset_052,implementation_upper,<=,0.0,0.1,0.1,0.0,True
implementation_upper:Asset_053,implementation_upper,<=,0.0,0.1,0.1,0.0,True
implementation_upper:Asset_054,implementation_upper,<=,0.0,0.1,0.1,0.0,True
implementation_upper:Asset_055,implementation_upper,<=,0.0,0.1,0.1,0.0,True
implementation_upper:Asset_056,implementation_upper,<=,0.0,0.1,0.1,0.0,True
implementation_upper:Asset_057,implementation_upper,<=,0.0,0.1,0.1,0.0,True
implementation_upper:Asset_058,implementation_upper,<=,0.0,0.1,0.1,0.0,True
implementation_upper:Asset_059,implementation_upper,<=,0.0,0.1,0.1,0.0,True
implementation_upper:Asset_060,implementation_upper,<=,0.0,0.1,0.1,0.0,True
implementation_upper:Asset_061,implementation_upper,<=,0.0,0.1,0.1,0.0,True
implementation_upper:Asset_062,implementation_upper,<=,0.0,0.1,0.1,0.0,True
implementation_upper:Asset_063,implementation_upper,<=,0.0,0.1,0.1,0.0,True
implementation_upper:Asset_064,implementation_upper,<=,0.0,0.1,0.1,0.0,True
implementation_upper:Asset_065,implementation_upper,<=,0.0,0.1,0.1,0.0,True
implementation_upper:Asset_066,implementation_upper,<=,0.0,0.1,0.1,0.0,True
implementation_upper:Asset_067,implementation_upper,<=,0.0,0.1,0.1,0.0,True
implementation_upper:Asset_068,implementation_upper,<=,0.0,0.1,0.1,0.0,True
implementation_upper:Asset_069,implementation_upper,<=,0.0,0.1,0.1,0.0,True
implementation_upper:Asset_070,implementation_upper,<=,0.0,0.1,0.1,0.0,True
implementation_upper:Asset_071,implementation_upper,<=,0.0,0.1,0.1,0.0,True
implementation_upper:Asset_072,implementation_upper,<=,0.0,0.1,0.1,0.0,True
implementation_upper:Asset_073,implementation_upper,<=,0.0,0.1,0.1,0.0,True
implementation_upper:Asset_074,implementation_upper,<=,0.0,0.1,0.1,0.0,True
implementation_upper:Asset_075,implementation_upper,<=,0.04000000036689153,0.1,0.059999999633108474,0.0,True
implementation_upper:Asset_076,implementation_upper,<=,0.0,0.1,0.1,0.0,True
implementation_upper:Asset_077,implementation_upper,<=,0.0,0.1,0.1,0.0,True
implementation_upper:Asset_078,implementation_upper,<=,0.0,0.1,0.1,0.0,True
implementation_upper:Asset_079,implementation_upper,<=,0.0,0.1,0.1,0.0,True
implementation_upper:Asset_080,implementation_upper,<=,0.0,0.1,0.1,0.0,True
implementation_upper:Asset_081,implementation_upper,<=,0.0,0.1,0.1,0.0,True
implementation_upper:Asset_082,implementation_upper,<=,0.0,0.1,0.1,0.0,True
implementation_upper:Asset_083,implementation_upper,<=,0.0,0.1,0.1,0.0,True
implementation_upper:Asset_084,implementation_upper,<=,0.029002015061331265,0.1,0.07099798493866874,0.0,True
implementation_upper:Asset_085,implementation_upper,<=,0.0,0.1,0.1,0.0,True
implementation_upper:Asset_086,implementation_upper,<=,0.04000000011377998,0.1,0.059999999886220026,0.0,True
implementation_upper:Asset_087,implementation_upper,<=,0.0,0.1,0.1,0.0,True
implementation_upper:Asset_088,implementation_upper,<=,0.0,0.1,0.1,0.0,True
implementation_upper:Asset_089,implementation_upper,<=,0.0,0.1,0.1,0.0,True
implementation_upper:Asset_090,implementation_upper,<=,0.09999999985611649,0.1,1.438835162126395e-10,0.0,True
implementation_upper:Asset_091,implementation_upper,<=,0.0,0.1,0.1,0.0,True
implementation_upper:Asset_092,implementation_upper,<=,0.0,0.1,0.1,0.0,True
implementation_upper:Asset_093,implementation_upper,<=,0.0,0.1,0.1,0.0,True
implementation_upper:Asset_094,implementation_upper,<=,0.0,0.1,0.1,0.0,True
implementation_upper:Asset_095,implementation_upper,<=,0.0,0.1,0.1,0.0,True
implementation_upper:Asset_096,implementation_upper,<=,0.0,0.1,0.1,0.0,True
implementation_upper:Asset_097,implementation_upper,<=,0.0,0.1,0.1,0.0,True
implementation_upper:Asset_098,implementation_upper,<=,0.0,0.1,0.1,0.0,True
implementation_upper:Asset_099,implementation_upper,<=,0.0,0.1,0.1,0.0,True
implementation_upper:Asset_100,implementation_upper,<=,0.0,0.1,0.1,0.0,True
implementation_upper:Asset_101,implementation_upper,<=,0.04000000002447132,0.1,0.059999999975528684,0.0,True
implementation_upper:Asset_102,implementation_upper,<=,0.0,0.1,0.1,0.0,True
implementation_upper:Asset_103,implementation_upper,<=,0.0,0.1,0.1,0.0,True
implementation_upper:Asset_104,implementation_upper,<=,0.0,0.1,0.1,0.0,True
implementation_upper:Asset_105,implementation_upper,<=,0.0,0.1,0.1,0.0,True
implementation_upper:Asset_106,implementation_upper,<=,0.0,0.1,0.1,0.0,True
implementation_upper:Asset_107,implementation_upper,<=,0.029999999413058722,0.1,0.07000000058694128,0.0,True
implementation_upper:Asset_108,implementation_upper,<=,0.0,0.1,0.1,0.0,True
implementation_upper:Asset_109,implementation_upper,<=,0.0,0.1,0.1,0.0,True
implementation_upper:Asset_110,implementation_upper,<=,0.0,0.1,0.1,0.0,True
implementation_upper:Asset_111,implementation_upper,<=,0.0,0.1,0.1,0.0,True
implementation_upper:Asset_112,implementation_upper,<=,0.0,0.1,0.1,0.0,True
implementation_upper:Asset_113,implementation_upper,<=,0.0,0.1,0.1,0.0,True
implementation_upper:Asset_114,implementation_upper,<=,0.0,0.1,0.1,0.0,True
implementation_upper:Asset_115,implementation_upper,<=,0.0,0.1,0.1,0.0,True
implementation_upper:Asset_116,implementation_upper,<=,0.0,0.1,0.1,0.0,True
implementation_upper:Asset_117,implementation_upper,<=,0.0,0.1,0.1,0.0,True
implementation_upper:Asset_118,implementation_upper,<=,0.0,0.1,0.1,0.0,True
implementation_upper:Asset_119,implementation_upper,<=,0.0,0.1,0.1,0.0,True
implementation_upper:Asset_120,implementation_upper,<=,0.0,0.1,0.1,0.0,True
implementation_upper:Asset_121,implementation_upper,<=,0.0,0.1,0.1,0.0,True
implementation_upper:Asset_122,implementation_upper,<=,0.0,0.1,0.1,0.0,True
implementation_upper:Asset_123,implementation_upper,<=,0.0,0.1,0.1,0.0,True
implementation_upper:Asset_124,implementation_upper,<=,0.0,0.1,0.1,0.0,True
implementation_upper:Asset_125,implementation_upper,<=,0.0,0.1,0.1,0.0,True
implementation_upper:Asset_126,implementation_upper,<=,0.0,0.1,0.1,0.0,True
implementation_upper:Asset_127,implementation_upper,<=,0.0,0.1,0.1,0.0,True
implementation_upper:Asset_128,implementation_upper,<=,0.0,0.1,0.1,0.0,True
implementation_upper:Asset_129,implementation_upper,<=,0.0,0.1,0.1,0.0,True
implementation_upper:Asset_130,implementation_upper,<=,0.0,0.1,0.1,0.0,True
implementation_upper:Asset_131,implementation_upper,<=,0.0,0.1,0.1,0.0,True
implementation_upper:Asset_132,implementation_upper,<=,0.0,0.1,0.1,0.0,True
implementation_upper:Asset_133,implementation_upper,<=,0.0,0.1,0.1,0.0,True
implementation_upper:Asset_134,implementation_upper,<=,0.0,0.1,0.1,0.0,True
implementation_upper:Asset_135,implementation_upper,<=,0.0,0.1,0.1,0.0,True
implementation_upper:Asset_136,implementation_upper,<=,0.0,0.1,0.1,0.0,True
implementation_upper:Asset_137,implementation_upper,<=,0.0,0.1,0.1,0.0,True
implementation_upper:Asset_138,implementation_upper,<=,0.0,0.1,0.1,0.0,True
implementation_upper:Asset_139,implementation_upper,<=,0.0,0.1,0.1,0.0,True
implementation_upper:Asset_140,implementation_upper,<=,0.0,0.1,0.1,0.0,True
implementation_upper:Asset_141,implementation_upper,<=,0.07285509655589184,0.1,0.027144903444108165,0.0,True
implementation_upper:Asset_142,implementation_upper,<=,0.0,0.1,0.1,0.0,True
implementation_upper:Asset_143,implementation_upper,<=,0.038923748565928076,0.1,0.06107625143407193,0.0,True
implementation_upper:Asset_144,implementation_upper,<=,0.0,0.1,0.1,0.0,True
implementation_upper:Asset_145,implementation_upper,<=,0.0,0.1,0.1,0.0,True
implementation_upper:Asset_146,implementation_upper,<=,0.0,0.1,0.1,0.0,True
implementation_upper:Asset_147,implementation_upper,<=,0.0,0.1,0.1,0.0,True
implementation_upper:Asset_148,implementation_upper,<=,0.0,0.1,0.1,0.0,True
implementation_upper:Asset_149,implementation_upper,<=,0.0,0.1,0.1,0.0,True
implementation_upper:Asset_150,implementation_upper,<=,0.0,0.1,0.1,0.0,True
implementation_upper:Asset_151,implementation_upper,<=,0.025502172280461567,0.1,0.07449782771953845,0.0,True
implementation_upper:Asset_152,implementation_upper,<=,0.0,0.1,0.1,0.0,True
implementation_upper:Asset_153,implementation_upper,<=,0.0,0.1,0.1,0.0,True
implementation_upper:Asset_154,implementation_upper,<=,0.0,0.1,0.1,0.0,True
implementation_upper:Asset_155,implementation_upper,<=,0.0,0.1,0.1,0.0,True
implementation_upper:Asset_156,implementation_upper,<=,0.0,0.1,0.1,0.0,True
implementation_upper:Asset_157,implementation_upper,<=,0.0,0.1,0.1,0.0,True
implementation_upper:Asset_158,implementation_upper,<=,0.0,0.1,0.1,0.0,True
implementation_upper:Asset_159,implementation_upper,<=,0.0,0.1,0.1,0.0,True
implementation_upper:Asset_160,implementation_upper,<=,0.0,0.1,0.1,0.0,True
implementation_upper:Asset_161,implementation_upper,<=,0.0,0.1,0.1,0.0,True
implementation_upper:Asset_162,implementation_upper,<=,0.0,0.1,0.1,0.0,True
implementation_upper:Asset_163,implementation_upper,<=,0.0,0.1,0.1,0.0,True
implementation_upper:Asset_164,implementation_upper,<=,0.0,0.1,0.1,0.0,True
implementation_upper:Asset_165,implementation_upper,<=,0.0,0.1,0.1,0.0,True
implementation_upper:Asset_166,implementation_upper,<=,0.0,0.1,0.1,0.0,True
implementation_upper:Asset_167,implementation_upper,<=,0.0,0.1,0.1,0.0,True
implementation_upper:Asset_168,implementation_upper,<=,0.0,0.1,0.1,0.0,True
implementation_upper:Asset_169,implementation_upper,<=,0.0,0.1,0.1,0.0,True
implementation_upper:Asset_170,implementation_upper,<=,0.0,0.1,0.1,0.0,True
implementation_upper:Asset_171,implementation_upper,<=,0.03999999982903764,0.1,0.06000000017096237,0.0,True
implementation_upper:Asset_172,implementation_upper,<=,0.0,0.1,0.1,0.0,True
implementation_upper:Asset_173,implementation_upper,<=,0.0,0.1,0.1,0.0,True
implementation_upper:Asset_174,implementation_upper,<=,0.0,0.1,0.1,0.0,True
implementation_upper:Asset_175,implementation_upper,<=,0.0,0.1,0.1,0.0,True
implementation_upper:Asset_176,implementation_upper,<=,0.07442790841937852,0.1,0.025572091580621487,0.0,True
implementation_upper:Asset_177,implementation_upper,<=,0.0,0.1,0.1,0.0,True
implementation_upper:Asset_178,implementation_upper,<=,0.0,0.1,0.1,0.0,True
implementation_upper:Asset_179,implementation_upper,<=,0.0,0.1,0.1,0.0,True
implementation_upper:Asset_180,implementation_upper,<=,0.0,0.1,0.1,0.0,True
implementation_upper:Asset_181,implementation_upper,<=,0.0,0.1,0.1,0.0,True
implementation_upper:Asset_182,implementation_upper,<=,0.010000000097041477,0.1,0.08999999990295852,0.0,True
implementation_upper:Asset_183,implementation_upper,<=,0.0,0.1,0.1,0.0,True
implementation_upper:Asset_184,implementation_upper,<=,0.0,0.1,0.1,0.0,True
implementation_upper:Asset_185,implementation_upper,<=,0.0,0.1,0.1,0.0,True
implementation_upper:Asset_186,implementation_upper,<=,0.0,0.1,0.1,0.0,True
implementation_upper:Asset_187,implementation_upper,<=,0.0,0.1,0.1,0.0,True
implementation_upper:Asset_188,implementation_upper,<=,0.0,0.1,0.1,0.0,True
implementation_upper:Asset_189,implementation_upper,<=,0.0,0.1,0.1,0.0,True
implementation_upper:Asset_190,implementation_upper,<=,0.0,0.1,0.1,0.0,True
implementation_upper:Asset_191,implementation_upper,<=,0.0,0.1,0.1,0.0,True
implementation_upper:Asset_192,implementation_upper,<=,0.0,0.1,0.1,0.0,True
implementation_upper:Asset_193,implementation_upper,<=,0.0,0.1,0.1,0.0,True
implementation_upper:Asset_194,implementation_upper,<=,0.0,0.1,0.1,0.0,True
implementation_upper:Asset_195,implementation_upper,<=,0.0,0.1,0.1,0.0,True
implementation_upper:Asset_196,implementation_upper,<=,0.0,0.1,0.1,0.0,True
implementation_upper:Asset_197,implementation_upper,<=,0.025504158264359107,0.1,0.0744958417356409,0.0,True
implementation_upper:Asset_198,implementation_upper,<=,0.0,0.1,0.1,0.0,True
implementation_upper:Asset_199,implementation_upper,<=,0.0,0.1,0.1,0.0,True
implementation_upper:Asset_200,implementation_upper,<=,0.0,0.1,0.1,0.0,True
implementation_upper:Asset_201,implementation_upper,<=,0.0,0.1,0.1,0.0,True
implementation_upper:Asset_202,implementation_upper,<=,0.0,0.1,0.1,0.0,True
implementation_upper:Asset_203,implementation_upper,<=,0.04000000015425001,0.1,0.059999999845749996,0.0,True
implementation_upper:Asset_204,implementation_upper,<=,0.0,0.1,0.1,0.0,True
implementation_upper:Asset_205,implementation_upper,<=,0.0,0.1,0.1,0.0,True
implementation_upper:Asset_206,implementation_upper,<=,0.0,0.1,0.1,0.0,True
implementation_upper:Asset_207,implementation_upper,<=,0.0,0.1,0.1,0.0,True
implementation_upper:Asset_208,implementation_upper,<=,0.0,0.1,0.1,0.0,True
implementation_upper:Asset_209,implementation_upper,<=,0.0,0.1,0.1,0.0,True
implementation_upper:Asset_210,implementation_upper,<=,0.0,0.1,0.1,0.0,True
implementation_upper:Asset_211,implementation_upper,<=,0.0,0.1,0.1,0.0,True
implementation_upper:Asset_212,implementation_upper,<=,0.0,0.1,0.1,0.0,True
implementation_upper:Asset_213,implementation_upper,<=,0.0,0.1,0.1,0.0,True
implementation_upper:Asset_214,implementation_upper,<=,0.0,0.1,0.1,0.0,True
implementation_upper:Asset_215,implementation_upper,<=,0.0,0.1,0.1,0.0,True
implementation_upper:Asset_216,implementation_upper,<=,0.0,0.1,0.1,0.0,True
implementation_upper:Asset_217,implementation_upper,<=,0.0,0.1,0.1,0.0,True
implementation_upper:Asset_218,implementation_upper,<=,0.0,0.1,0.1,0.0,True
implementation_upper:Asset_219,implementation_upper,<=,0.0,0.1,0.1,0.0,True
implementation_upper:Asset_220,implementation_upper,<=,0.0,0.1,0.1,0.0,True
implementation_upper:Asset_221,implementation_upper,<=,0.0,0.1,0.1,0.0,True
implementation_upper:Asset_222,implementation_upper,<=,0.0,0.1,0.1,0.0,True
implementation_upper:Asset_223,implementation_upper,<=,0.0,0.1,0.1,0.0,True
implementation_upper:Asset_224,implementation_upper,<=,0.0,0.1,0.1,0.0,True
implementation_upper:Asset_225,implementation_upper,<=,0.03999999972002555,0.1,0.06000000027997446,0.0,True
implementation_upper:Asset_226,implementation_upper,<=,0.0,0.1,0.1,0.0,True
implementation_upper:Asset_227,implementation_upper,<=,0.0,0.1,0.1,0.0,True
implementation_upper:Asset_228,implementation_upper,<=,0.0,0.1,0.1,0.0,True
implementation_upper:Asset_229,implementation_upper,<=,0.0,0.1,0.1,0.0,True
implementation_upper:Asset_230,implementation_upper,<=,0.0,0.1,0.1,0.0,True
implementation_upper:Asset_231,implementation_upper,<=,0.0,0.1,0.1,0.0,True
implementation_upper:Asset_232,implementation_upper,<=,0.0,0.1,0.1,0.0,True
implementation_upper:Asset_233,implementation_upper,<=,0.0,0.1,0.1,0.0,True
implementation_upper:Asset_234,implementation_upper,<=,0.0,0.1,0.1,0.0,True
implementation_upper:Asset_235,implementation_upper,<=,0.0399999996368592,0.1,0.06000000036314081,0.0,True
implementation_upper:Asset_236,implementation_upper,<=,0.0,0.1,0.1,0.0,True
implementation_upper:Asset_237,implementation_upper,<=,0.0,0.1,0.1,0.0,True
implementation_upper:Asset_238,implementation_upper,<=,0.0,0.1,0.1,0.0,True
implementation_upper:Asset_239,implementation_upper,<=,0.0,0.1,0.1,0.0,True
implementation_upper:Asset_240,implementation_upper,<=,0.010000001467930633,0.1,0.08999999853206937,0.0,True
implementation_upper:Asset_241,implementation_upper,<=,0.0,0.1,0.1,0.0,True
implementation_upper:Asset_242,implementation_upper,<=,0.0,0.1,0.1,0.0,True
implementation_upper:Asset_243,implementation_upper,<=,0.0,0.1,0.1,0.0,True
implementation_upper:Asset_244,implementation_upper,<=,0.040000000105693045,0.1,0.05999999989430696,0.0,True
implementation_upper:Asset_245,implementation_upper,<=,0.0,0.1,0.1,0.0,True
implementation_upper:Asset_246,implementation_upper,<=,0.0,0.1,0.1,0.0,True
implementation_upper:Asset_247,implementation_upper,<=,0.0,0.1,0.1,0.0,True
implementation_upper:Asset_248,implementation_upper,<=,0.039999999948127765,0.1,0.06000000005187224,0.0,True
implementation_upper:Asset_249,implementation_upper,<=,0.0,0.1,0.1,0.0,True
minimum_income,minimum_income,>=,0.023301528478688643,0.02052053243205642,0.0027809960466322232,0.0,True
factor_lower:Market,factor_lower,>=,0.08747762121800041,0.08747762147226051,-2.5426009908624536e-10,2.5426009908624536e-10,True
factor_upper:Market,factor_upper,<=,0.08747762121800041,0.10691709291054063,0.01943947169254022,0.0,True
factor_lower:Group_factor_0,factor_lower,>=,0.010776483728342437,0.005992702265976111,0.004783781462366326,0.0,True
factor_upper:Group_factor_0,factor_upper,<=,0.010776483728342437,0.01599270226597611,0.005216218537633674,0.0,True
factor_lower:Group_factor_1,factor_lower,>=,0.007856704597909133,0.005495233576984128,0.0023614710209250043,0.0,True
factor_upper:Group_factor_1,factor_upper,<=,0.007856704597909133,0.015495233576984128,0.007638528979074995,0.0,True
factor_lower:Group_factor_2,factor_lower,>=,0.004666326570269181,-0.0010674183694204193,0.0057337449396896,0.0,True
factor_upper:Group_factor_2,factor_upper,<=,0.004666326570269181,0.00893258163057958,0.004266255060310399,0.0,True
factor_lower:Group_factor_3,factor_lower,>=,0.007435588348067517,-0.0006526572723342906,0.008088245620401807,0.0,True
factor_upper:Group_factor_3,factor_upper,<=,0.007435588348067517,0.00934734272766571,0.001911754379598194,0.0,True
factor_lower:Group_factor_4,factor_lower,>=,0.001901442050776055,0.0019014421020784019,-5.13023469192464e-11,5.13023469192464e-11,True
factor_upper:Group_factor_4,factor_upper,<=,0.001901442050776055,0.011901442102078403,0.010000000051302348,0.0,True
factor_lower:Group_factor_5,factor_lower,>=,0.007692602898181781,0.003297809761465819,0.0043947931367159625,0.0,True
factor_upper:Group_factor_5,factor_upper,<=,0.007692602898181781,0.013297809761465818,0.005605206863284037,0.0,True
factor_lower:Group_factor_6,factor_lower,>=,0.0014219580085014884,0.0011166313212960756,0.0003053266872054129,0.0,True
factor_upper:Group_factor_6,factor_upper,<=,0.0014219580085014884,0.011116631321296075,0.009694673312794586,0.0,True
factor_lower:Group_factor_7,factor_lower,>=,0.006159564550839917,0.0015966437469142865,0.004562920803925631,0.0,True
factor_upper:Group_factor_7,factor_upper,<=,0.006159564550839917,0.011596643746914288,0.00543707919607437,0.0,True
factor_lower:Group_factor_8,factor_lower,>=,-5.30255126305508e-05,-0.0009778459668521458,0.000924820454221595,0.0,True
factor_upper:Group_factor_8,factor_upper,<=,-5.30255126305508e-05,0.009022154033147853,0.009075179545778404,0.0,True
factor_lower:Group_factor_9,factor_lower,>=,0.0006880209421953958,-0.0029135135027548668,0.0036015344449502624,0.0,True
factor_upper:Group_factor_9,factor_upper,<=,0.0006880209421953958,0.0070864864972451334,0.006398465555049738,0.0,True
factor_lower:Style_factor_0,factor_lower,>=,-0.0029859071761688394,-0.008050406750216049,0.005064499574047209,0.0,True
factor_upper:Style_factor_0,factor_upper,<=,-0.0029859071761688394,0.0019495932497839512,0.004935500425952791,0.0,True
stress_floor:0,stress_floor,>=,-0.2073321749180745,-0.2355073949022249,0.028175219984150374,0.0,True
stress_floor:1,stress_floor,>=,-0.16296943901218244,-0.2010584266134588,0.03808898760127635,0.0,True
stress_floor:2,stress_floor,>=,-0.16221454255199846,-0.19481091310957593,0.03259637055757747,0.0,True
stress_floor:3,stress_floor,>=,-0.17656518990049194,-0.19303372938051064,0.016468539480018696,0.0,True
stress_floor:4,stress_floor,>=,-0.15597665102417416,-0.18632686849791955,0.03035021747374539,0.0,True
cvar_0.950,cvar_0.950,<=,0.1153932094546895,0.14161201620313696,0.026218806748447454,0.0,True
