allocation_optimal,best_bound,breaches,case_config_sha256,certification,expected_return,feasible,gap_to_best,gap_to_certified_bound,income,iteration,max_violation,method,model_type,n_assets,objective,optimal,repetition,reported_mip_gap,runtime_seconds,scaling_schema_version,seed,stage,status,success,support_size,transaction_cost,turnover,volatility
,,0,354b2c7ae031a1272bc4ff44426c9242bf5df771791fcaac7eafb37bef44fc89,continuous_relaxation_lower_bound,0.05842167310099676,True,-1.8291285890800757e-05,,0.02976443740157156,,8.383301126824724e-10,osqp,continuous_relaxation,250,-0.04519008261404853,True,0,,0.011177893728017807,2,22760802,,solved,True,56,0.00041427526529818086,0.3999999999999999,0.07443055007513492
True,,0,354b2c7ae031a1272bc4ff44426c9242bf5df771791fcaac7eafb37bef44fc89,feasible_incumbent,0.0573612717846969,True,0.0013200593183748527,,0.029265592650433308,,7.324168015132582e-09,feasible_initial_portfolio,hybrid_sparse,250,-0.04385173200978287,False,0,,0.006325069814920425,2,22760802,initialization,solved,True,50,0.000603323888436333,0.39999999999999997,0.07421457028332691
True,,0,354b2c7ae031a1272bc4ff44426c9242bf5df771791fcaac7eafb37bef44fc89,feasible_incumbent,0.057786380108689694,True,7.981816768423688e-05,,0.029621765452494626,0,7.505144172803568e-09,classical_tabu_lns,hybrid_sparse,250,-0.04509197316047349,False,0,,0.38843168690800667,2,22760802,window_search,solved,True,50,0.0004428775497214007,0.4000000075051442,0.073569575402801
True,,0,354b2c7ae031a1272bc4ff44426c9242bf5df771791fcaac7eafb37bef44fc89,feasible_incumbent,0.05883945337016377,True,0.0006110274471410326,,0.029955660533005763,0,9.975064940714873e-08,xy_qaoa_subspace,hybrid_sparse,250,-0.04456076388101669,False,0,,0.21444028243422508,2,22760802,window_search,solved,True,50,0.0005966061348579961,0.40000009975064943,0.0757098588306595
True,,0,354b2c7ae031a1272bc4ff44426c9242bf5df771791fcaac7eafb37bef44fc89,feasible_incumbent,0.05863349286636955,True,0.0,,0.029746660890347776,1,4.60006179675565e-09,classical_tabu_lns,hybrid_sparse,250,-0.045171791328157726,False,0,,0.4675268195569515,2,22760802,window_search,solved,True,50,0.0004203164149789436,0.40000000234720035,0.07471909470598097
True,,0,354b2c7ae031a1272bc4ff44426c9242bf5df771791fcaac7eafb37bef44fc89,feasible_incumbent,0.057786380108689694,True,7.981816768423688e-05,,0.029621765452494626,1,7.505144172803568e-09,xy_qaoa_subspace,hybrid_sparse,250,-0.04509197316047349,False,0,,0.19623926654458046,2,22760802,window_search,solved,True,50,0.0004428775497214007,0.4000000075051442,0.073569575402801
True,,0,354b2c7ae031a1272bc4ff44426c9242bf5df771791fcaac7eafb37bef44fc89,feasible_incumbent,0.05863349286636955,True,0.0,,0.029746660890347776,2,4.60006179675565e-09,classical_tabu_lns,hybrid_sparse,250,-0.045171791328157726,False,0,,0.39725877717137337,2,22760802,window_search,solved,True,50,0.0004203164149789436,0.40000000234720035,0.07471909470598097
True,,0,354b2c7ae031a1272bc4ff44426c9242bf5df771791fcaac7eafb37bef44fc89,feasible_incumbent,0.05863349286636955,True,0.0,,0.029746660890347776,2,4.60006179675565e-09,xy_qaoa_subspace,hybrid_sparse,250,-0.045171791328157726,False,0,,0.20141265913844109,2,22760802,window_search,solved,True,50,0.0004203164149789436,0.40000000234720035,0.07471909470598097
,,0,354b2c7ae031a1272bc4ff44426c9242bf5df771791fcaac7eafb37bef44fc89,continuous_relaxation_lower_bound,0.0596134966188171,True,-0.0005605686443575925,,0.028388216541720895,,3.1587453790990884e-09,osqp,continuous_relaxation,250,-0.04622000999136246,True,1,,0.009113363921642303,2,22760803,,solved,True,56,0.0004644547167353987,0.3999999999999999,0.07365207421597805
True,,0,354b2c7ae031a1272bc4ff44426c9242bf5df771791fcaac7eafb37bef44fc89,feasible_incumbent,0.061183207212177224,True,0.0010269578302492949,,0.028001071837576948,,1.562047544784173e-08,feasible_initial_portfolio,hybrid_sparse,250,-0.04463248351675557,False,1,,0.006247341632843018,2,22760803,initialization,solved,True,50,0.0006757593061253609,0.3999999999999999,0.07729877141078603
True,,0,354b2c7ae031a1272bc4ff44426c9242bf5df771791fcaac7eafb37bef44fc89,feasible_incumbent,0.06130213326481164,True,0.00015107126462496345,,0.027980910641998688,0,5.8037001371413766e-08,classical_tabu_lns,hybrid_sparse,250,-0.0455083700823799,False,1,,0.265790119767189,2,22760803,window_search,solved,True,50,0.0005432038773583571,0.4000000580370014,0.07647354395615875
True,,0,354b2c7ae031a1272bc4ff44426c9242bf5df771791fcaac7eafb37bef44fc89,feasible_incumbent,0.061333403474902196,True,0.0002879270240074075,,0.02819339678263945,0,1.5439800694905248e-08,xy_qaoa_subspace,hybrid_sparse,250,-0.04537151432299746,False,1,,0.2051009126007557,2,22760803,window_search,solved,True,50,0.0005821449940872858,0.40000001169471366,0.07678078216472814
True,,0,354b2c7ae031a1272bc4ff44426c9242bf5df771791fcaac7eafb37bef44fc89,feasible_incumbent,0.05994405581995963,True,0.0,,0.02820205707148368,1,2.241340330000341e-08,classical_tabu_lns,hybrid_sparse,250,-0.045659441347004864,False,1,,0.3236544616520405,2,22760803,window_search,solved,True,50,0.0004969532724111653,0.4000000224134033,0.07468425501574671
True,,0,354b2c7ae031a1272bc4ff44426c9242bf5df771791fcaac7eafb37bef44fc89,feasible_incumbent,0.06130213326481164,True,0.00015107126462496345,,0.027980910641998688,1,5.8037001371413766e-08,xy_qaoa_subspace,hybrid_sparse,250,-0.0455083700823799,False,1,,0.0917544774711132,2,22760803,window_search,solved,True,50,0.0005432038773583571,0.4000000580370014,0.07647354395615875
True,,0,354b2c7ae031a1272bc4ff44426c9242bf5df771791fcaac7eafb37bef44fc89,feasible_incumbent,0.05994405581995963,True,0.0,,0.02820205707148368,2,2.241340330000341e-08,classical_tabu_lns,hybrid_sparse,250,-0.045659441347004864,False,1,,0.42958467826247215,2,22760803,window_search,solved,True,50,0.0004969532724111653,0.4000000224134033,0.07468425501574671
True,,0,354b2c7ae031a1272bc4ff44426c9242bf5df771791fcaac7eafb37bef44fc89,feasible_incumbent,0.05994405581995963,True,0.0,,0.02820205707148368,2,2.241340330000341e-08,xy_qaoa_subspace,hybrid_sparse,250,-0.045659441347004864,False,1,,0.08770761266350746,2,22760803,window_search,solved,True,50,0.0004969532724111653,0.4000000224134033,0.07468425501574671
,,0,354b2c7ae031a1272bc4ff44426c9242bf5df771791fcaac7eafb37bef44fc89,continuous_relaxation_lower_bound,0.06567832515809101,True,-0.00017209221539873226,,0.025608787378984813,,2.828127706135343e-09,osqp,continuous_relaxation,250,-0.039133614942370665,True,2,,0.013472471386194229,2,22760804,,solved,True,59,0.0005759610879966228,0.39999999999999997,0.08806036885820559
True,,0,354b2c7ae031a1272bc4ff44426c9242bf5df771791fcaac7eafb37bef44fc89,feasible_incumbent,0.06444722616363936,True,0.0031415456487939655,,0.02488760951173032,,5.307540303089997e-09,feasible_initial_portfolio,hybrid_sparse,250,-0.03581997707817797,False,2,,0.006397269666194916,2,22760804,initialization,solved,True,50,0.0005542383680097117,0.3999999999999999,0.09001868192027346
True,,0,354b2c7ae031a1272bc4ff44426c9242bf5df771791fcaac7eafb37bef44fc89,feasible_incumbent,0.06467441698652002,True,0.00025206796449121077,,0.024969212334576357,0,1.2887645776948897e-08,classical_tabu_lns,hybrid_sparse,250,-0.03870945476248072,False,2,,0.3451862074434757,2,22760804,window_search,solved,True,50,0.0005657305251708537,0.3999999847797499,0.08704462977824264
True,,0,354b2c7ae031a1272bc4ff44426c9242bf5df771791fcaac7eafb37bef44fc89,feasible_incumbent,0.06452037855518965,True,0.0019517211837309922,,0.025054781474400017,0,7.402272302059476e-09,xy_qaoa_subspace,hybrid_sparse,250,-0.03700980154324094,False,2,,0.21969834715127945,2,22760804,window_search,solved,True,50,0.000511422572103703,0.40000000383636714,0.08891180481470952
True,,0,354b2c7ae031a1272bc4ff44426c9242bf5df771791fcaac7eafb37bef44fc89,feasible_incumbent,0.06630570043471937,True,0.0,,0.025503223695619887,1,4.59436356736731e-08,classical_tabu_lns,hybrid_sparse,250,-0.03896152272697193,False,2,,0.29781657829880714,2,22760804,window_search,solved,True,50,0.0005418606425393182,0.4000000459436357,0.08894259824518065
True,,0,354b2c7ae031a1272bc4ff44426c9242bf5df771791fcaac7eafb37bef44fc89,feasible_incumbent,0.06610856250249057,True,0.00014408506448660569,,0.025371305845375718,1,1.4400659067992372e-09,xy_qaoa_subspace,hybrid_sparse,250,-0.03881743766248533,False,2,,0.10078291222453117,2,22760804,window_search,solved,True,50,0.0005452917809903048,0.3999999914763218,0.0888048264248096
True,,0,354b2c7ae031a1272bc4ff44426c9242bf5df771791fcaac7eafb37bef44fc89,feasible_incumbent,0.06630570043471937,True,0.0,,0.025503223695619887,2,4.59436356736731e-08,classical_tabu_lns,hybrid_sparse,250,-0.03896152272697193,False,2,,0.376741886138916,2,22760804,window_search,solved,True,50,0.0005418606425393182,0.4000000459436357,0.08894259824518065
True,,0,354b2c7ae031a1272bc4ff44426c9242bf5df771791fcaac7eafb37bef44fc89,feasible_incumbent,0.06630570043471937,True,0.0,,0.025503223695619887,2,4.59436356736731e-08,xy_qaoa_subspace,hybrid_sparse,250,-0.03896152272697193,False,2,,0.11415240913629532,2,22760804,window_search,solved,True,50,0.0005418606425393182,0.4000000459436357,0.08894259824518065
,,0,354b2c7ae031a1272bc4ff44426c9242bf5df771791fcaac7eafb37bef44fc89,continuous_relaxation_lower_bound,0.061003464972520585,True,-4.788281893755575e-05,,0.023772589790371237,,6.0902195085112906e-09,osqp,continuous_relaxation,500,-0.041587936853446236,True,0,,0.015615440905094147,2,25260802,,solved,True,64,0.0005765965281572637,0.39999999999999997,0.07839033931053328
True,,0,354b2c7ae031a1272bc4ff44426c9242bf5df771791fcaac7eafb37bef44fc89,feasible_incumbent,0.06093913326346148,True,0.0019946623928105284,,0.02186299856575998,,9.393079876407473e-09,feasible_initial_portfolio,hybrid_sparse,500,-0.03954539164169815,False,0,,0.0073346830904483795,2,25260802,initialization,solved,True,50,0.0005313310688365769,0.39999999999999997,0.0797419711767984
True,,0,354b2c7ae031a1272bc4ff44426c9242bf5df771791fcaac7eafb37bef44fc89,feasible_incumbent,0.0611367222774441,True,0.00013430459609416884,,0.02335530291722762,0,7.742302403357382e-09,classical_tabu_lns,hybrid_sparse,500,-0.04140574943841451,False,0,,0.40336937457323074,2,25260802,window_search,solved,True,50,0.0004889661528641629,0.3999999677347469,0.07863797828629528
True,,0,354b2c7ae031a1272bc4ff44426c9242bf5df771791fcaac7eafb37bef44fc89,feasible_incumbent,0.0611228252522749,True,0.0011815938785209243,,0.021794431229389045,0,1.0907668025750272e-08,xy_qaoa_subspace,hybrid_sparse,500,-0.040358460155987756,False,0,,0.2694864720106125,2,25260802,window_search,solved,True,50,0.0005164955997578814,0.40000000322101525,0.07892412192888025
True,,0,354b2c7ae031a1272bc4ff44426c9242bf5df771791fcaac7eafb37bef44fc89,feasible_incumbent,0.060890535825900136,True,0.0,,0.02369847683825849,1,1.3612520048666976e-08,classical_tabu_lns,hybrid_sparse,500,-0.04154005403450868,False,0,,0.4968345910310745,2,25260802,window_search,solved,True,50,0.0005757365321943989,0.4000000017161751,0.0782610805935189
True,,0,354b2c7ae031a1272bc4ff44426c9242bf5df771791fcaac7eafb37bef44fc89,feasible_incumbent,0.06080049209418755,True,4.6229068533069906e-05,,0.023295115366149487,1,1.198173740085684e-08,xy_qaoa_subspace,hybrid_sparse,500,-0.04149382496597561,False,0,,0.23571744561195374,2,25260802,window_search,solved,True,50,0.0005553856943070394,0.40000000191982515,0.07797286594319802
True,,0,354b2c7ae031a1272bc4ff44426c9242bf5df771791fcaac7eafb37bef44fc89,feasible_incumbent,0.060890535825900136,True,0.0,,0.02369847683825849,2,1.3612520048666976e-08,classical_tabu_lns,hybrid_sparse,500,-0.04154005403450868,False,0,,0.523964561522007,2,25260802,window_search,solved,True,50,0.0005757365321943989,0.4000000017161751,0.0782610805935189
True,,0,354b2c7ae031a1272bc4ff44426c9242bf5df771791fcaac7eafb37bef44fc89,feasible_incumbent,0.060890535825900136,True,0.0,,0.02369847683825849,2,1.3612520048666976e-08,xy_qaoa_subspace,hybrid_sparse,500,-0.04154005403450868,False,0,,0.2338521108031273,2,25260802,window_search,solved,True,50,0.0005757365321943989,0.4000000017161751,0.0782610805935189
,,0,354b2c7ae031a1272bc4ff44426c9242bf5df771791fcaac7eafb37bef44fc89,continuous_relaxation_lower_bound,0.06213019408679254,True,-0.00018068250560251964,,0.028520202870045357,,5.651799707003037e-09,osqp,continuous_relaxation,500,-0.043805373007016334,True,1,,0.01647643744945526,2,25260803,,solved,True,51,0.0006381931735000215,0.3999998385453677,0.07993338394100284
True,,0,354b2c7ae031a1272bc4ff44426c9242bf5df771791fcaac7eafb37bef44fc89,feasible_incumbent,0.06130613059892133,True,0.0027910050469180728,,0.026904306394940077,,2.1618306251039443e-09,feasible_initial_portfolio,hybrid_sparse,500,-0.04083368545449574,False,1,,0.0077507756650447845,2,25260803,initialization,solved,True,50,0.0006466671745358774,0.4,0.08158177635643851
True,,0,354b2c7ae031a1272bc4ff44426c9242bf5df771791fcaac7eafb37bef44fc89,feasible_incumbent,0.06120308090385914,True,5.763024696132241e-05,,0.02860472503779283,0,3.7907051497754196e-08,classical_tabu_lns,hybrid_sparse,500,-0.04356706025445249,False,1,,0.38756703957915306,2,25260803,window_search,solved,True,50,0.0006091731113714715,0.4000000379070515,0.07915707177117101
True,,0,354b2c7ae031a1272bc4ff44426c9242bf5df771791fcaac7eafb37bef44fc89,feasible_incumbent,0.06118964754768385,True,0.0020144583165469243,,0.027952084196803128,0,2.9457411343525308e-08,xy_qaoa_subspace,hybrid_sparse,500,-0.04161023218486689,False,1,,0.13709450885653496,2,25260803,window_search,solved,True,50,0.0006312039011344747,0.40000002945741137,0.0811470930595595
True,,0,354b2c7ae031a1272bc4ff44426c9242bf5df771791fcaac7eafb37bef44fc89,feasible_incumbent,0.06129982837238125,True,2.1742926667615847e-05,,0.0286265017571738,1,1.6306514249997406e-08,classical_tabu_lns,hybrid_sparse,500,-0.0436029475747462,False,1,,0.3708210475742817,2,25260803,window_search,solved,True,50,0.0006057850774227459,0.40000001630651427,0.07925193574771433
True,,0,354b2c7ae031a1272bc4ff44426c9242bf5df771791fcaac7eafb37bef44fc89,feasible_incumbent,0.06119878660629727,True,3.0694213962990935e-05,,0.028507630903764472,1,7.90980795306595e-08,xy_qaoa_subspace,hybrid_sparse,500,-0.04359399628745082,False,1,,0.245324969291687,2,25260803,window_search,solved,True,50,0.0006140475671856695,0.40000007909807955,0.07905005781597255
True,,0,354b2c7ae031a1272bc4ff44426c9242bf5df771791fcaac7eafb37bef44fc89,feasible_incumbent,0.061225856676312126,True,0.0,,0.028626111915149792,2,7.520091535595519e-09,classical_tabu_lns,hybrid_sparse,500,-0.043624690501413814,False,1,,0.35040219873189926,2,25260803,window_search,solved,True,50,0.0006113108136109561,0.40000000701527694,0.0791238413107734
True,,0,354b2c7ae031a1272bc4ff44426c9242bf5df771791fcaac7eafb37bef44fc89,feasible_incumbent,0.0618144623544586,True,2.098426215139254e-05,,0.02852684030877247,2,2.258910064556474e-08,xy_qaoa_subspace,hybrid_sparse,500,-0.04360370623926242,False,1,,0.22715948149561882,2,25260803,window_search,solved,True,50,0.000651370515552253,0.40000002258910067,0.0797781997215156
,,0,354b2c7ae031a1272bc4ff44426c9242bf5df771791fcaac7eafb37bef44fc89,continuous_relaxation_lower_bound,0.05969609503781147,True,-0.00023536310830304247,,0.021986728901477133,,3.5265921598290826e-09,osqp,continuous_relaxation,500,-0.04202518896355892,True,2,,0.03253571689128876,2,25260804,,solved,True,56,0.0004771674079315642,0.4,0.07508275849628801
True,,0,354b2c7ae031a1272bc4ff44426c9242bf5df771791fcaac7eafb37bef44fc89,feasible_incumbent,0.05938367738614028,True,0.003314909477399583,,0.019173724524006945,,2.2892148524022993e-09,feasible_initial_portfolio,hybrid_sparse,500,-0.03847491637785629,False,2,,0.007336996495723724,2,25260804,initialization,solved,True,50,0.0005470523423701389,0.3999999999999999,0.07739324379804392
True,,0,354b2c7ae031a1272bc4ff44426c9242bf5df771791fcaac7eafb37bef44fc89,feasible_incumbent,0.05936614464625177,True,0.0008377301314925617,,0.021264122029180273,0,1.6122156054620973e-08,classical_tabu_lns,hybrid_sparse,500,-0.040952095723763314,False,2,,0.4114156402647495,2,25260804,window_search,solved,True,50,0.00047194593380031895,0.4000000161221561,0.07559651315143877
True,,0,354b2c7ae031a1272bc4ff44426c9242bf5df771791fcaac7eafb37bef44fc89,feasible_incumbent,0.05922657949555417,True,0.0018271349932443073,,0.019517633138062214,0,3.900767542308614e-09,xy_qaoa_subspace,hybrid_sparse,500,-0.03996269086201157,False,2,,0.2506699748337269,2,25260804,window_search,solved,True,50,0.0005219942305600693,0.40000000390076756,0.07549928605227157
True,,0,354b2c7ae031a1272bc4ff44426c9242bf5df771791fcaac7eafb37bef44fc89,feasible_incumbent,0.059946671029346914,True,0.0,,0.021883129693556394,1,1.1247506551126385e-08,classical_tabu_lns,hybrid_sparse,500,-0.041789825855255876,False,2,,0.5237465053796768,2,25260804,window_search,solved,True,50,0.0004390922865139821,0.3999999551183022,0.07570907176072793
True,,0,354b2c7ae031a1272bc4ff44426c9242bf5df771791fcaac7eafb37bef44fc89,feasible_incumbent,0.05972694008821623,True,0.0005313526889887676,,0.021491418780681393,1,4.88381231011914e-08,xy_qaoa_subspace,hybrid_sparse,500,-0.04125847316626711,False,2,,0.22691670060157776,2,25260804,window_search,solved,True,50,0.00045957284699178134,0.4000000488381231,0.07583482506777219
True,,0,354b2c7ae031a1272bc4ff44426c9242bf5df771791fcaac7eafb37bef44fc89,feasible_incumbent,0.059946671029346914,True,0.0,,0.021883129693556394,2,1.1247506551126385e-08,classical_tabu_lns,hybrid_sparse,500,-0.041789825855255876,False,2,,0.5812202021479607,2,25260804,window_search,solved,True,50,0.0004390922865139821,0.3999999551183022,0.07570907176072793
True,,0,354b2c7ae031a1272bc4ff44426c9242bf5df771791fcaac7eafb37bef44fc89,feasible_incumbent,0.059946671029346914,True,0.0,,0.021883129693556394,2,1.1247506551126385e-08,xy_qaoa_subspace,hybrid_sparse,500,-0.041789825855255876,False,2,,0.2590121626853943,2,25260804,window_search,solved,True,50,0.0004390922865139821,0.3999999551183022,0.07570907176072793
,,0,354b2c7ae031a1272bc4ff44426c9242bf5df771791fcaac7eafb37bef44fc89,continuous_relaxation_lower_bound,0.06089121934098825,True,-0.0001900271838912379,,0.026270812117844117,,5.183066673369853e-10,osqp,continuous_relaxation,1000,-0.04074120568880584,True,0,,0.10493350774049759,2,30260802,,solved,True,56,0.0005311680600619387,0.39999999999999997,0.080937323468277
True,,0,354b2c7ae031a1272bc4ff44426c9242bf5df771791fcaac7eafb37bef44fc89,feasible_incumbent,0.05982215810109769,True,0.002942974040891,,0.026327459101768813,,1.34777149076587e-09,feasible_initial_portfolio,hybrid_sparse,1000,-0.037608204464023604,False,0,,0.009675275534391403,2,30260802,initialization,solved,True,50,0.0005425476422469991,0.4,0.08346871934528707
True,,0,354b2c7ae031a1272bc4ff44426c9242bf5df771791fcaac7eafb37bef44fc89,feasible_incumbent,0.0601307466165051,True,0.00016666755259032995,,0.026461326925243864,0,7.1131242077027146e-09,classical_tabu_lns,hybrid_sparse,1000,-0.04038451095232427,False,0,,0.541395079344511,2,30260802,window_search,solved,True,50,0.0004954656986831293,0.3999999754008509,0.08059954519489503
True,,0,354b2c7ae031a1272bc4ff44426c9242bf5df771791fcaac7eafb37bef44fc89,feasible_incumbent,0.05982833434949768,True,0.0016422723957884716,,0.025674723159515002,0,1.0212805767739752e-08,xy_qaoa_subspace,hybrid_sparse,1000,-0.03890890610912613,False,0,,0.17629969120025635,2,30260802,window_search,solved,True,50,0.0005086666179638384,0.4000000102128058,0.08154523064185325
True,,0,354b2c7ae031a1272bc4ff44426c9242bf5df771791fcaac7eafb37bef44fc89,feasible_incumbent,0.060508471192268626,True,0.0,,0.026274058628776083,1,6.9824266368812005e-09,classical_tabu_lns,hybrid_sparse,1000,-0.0405511785049146,False,0,,0.5288187824189663,2,30260802,window_search,solved,True,50,0.0005328897942638838,0.4000000065194005,0.08069873878503701
True,,0,354b2c7ae031a1272bc4ff44426c9242bf5df771791fcaac7eafb37bef44fc89,feasible_incumbent,0.06048223012863284,True,4.740606554166915e-05,,0.0260132787014807,1,1.1847186176527913e-08,xy_qaoa_subspace,hybrid_sparse,1000,-0.040503772439372934,False,0,,0.2099861465394497,2,30260802,window_search,solved,True,50,0.0005460117982921016,0.4000000118471862,0.08054698658759141
True,,0,354b2c7ae031a1272bc4ff44426c9242bf5df771791fcaac7eafb37bef44fc89,feasible_incumbent,0.060508471192268626,True,0.0,,0.026274058628776083,2,6.9824266368812005e-09,classical_tabu_lns,hybrid_sparse,1000,-0.0405511785049146,False,0,,0.561975535005331,2,30260802,window_search,solved,True,50,0.0005328897942638838,0.4000000065194005,0.08069873878503701
True,,0,354b2c7ae031a1272bc4ff44426c9242bf5df771791fcaac7eafb37bef44fc89,feasible_incumbent,0.060508471192268626,True,0.0,,0.026274058628776083,2,6.9824266368812005e-09,xy_qaoa_subspace,hybrid_sparse,1000,-0.0405511785049146,False,0,,0.3521115742623806,2,30260802,window_search,solved,True,50,0.0005328897942638838,0.4000000065194005,0.08069873878503701
,,0,354b2c7ae031a1272bc4ff44426c9242bf5df771791fcaac7eafb37bef44fc89,continuous_relaxation_lower_bound,0.06154870417502221,True,-6.161635021604411e-05,,0.0215879393737423,,1.0978734186334163e-09,osqp,continuous_relaxation,1000,-0.04101429077608187,True,1,,0.06496856734156609,2,30260803,,solved,True,57,0.0006313034632742878,0.4,0.07835442504739246
True,,0,354b2c7ae031a1272bc4ff44426c9242bf5df771791fcaac7eafb37bef44fc89,feasible_incumbent,0.06250076165777889,True,0.003700856246500926,,0.02088545454759724,,6.2518878962691815e-12,feasible_initial_portfolio,hybrid_sparse,1000,-0.0372518181793649,False,1,,0.009859442710876465,2,30260803,initialization,solved,True,50,0.0006991278117564261,0.39999999999999997,0.08365708928770614
True,,0,354b2c7ae031a1272bc4ff44426c9242bf5df771791fcaac7eafb37bef44fc89,feasible_incumbent,0.06232944854722209,True,0.0003615299724568574,,0.020971321488419393,0,7.485496889003684e-09,classical_tabu_lns,hybrid_sparse,1000,-0.040591144453408966,False,1,,0.468907929956913,2,30260803,window_search,solved,True,50,0.0005786796677948817,0.4000000074854969,0.07955537086863204
True,,0,354b2c7ae031a1272bc4ff44426c9242bf5df771791fcaac7eafb37bef44fc89,feasible_incumbent,0.0623669486406678,True,0.0023314708584182,,0.020497256239458854,0,7.518941691486702e-09,xy_qaoa_subspace,hybrid_sparse,1000,-0.03862120356744762,False,1,,0.13962645083665848,2,30260803,window_search,solved,True,50,0.000674777492369034,0.4000000075189417,0.08163283126362894
True,,0,354b2c7ae031a1272bc4ff44426c9242bf5df771791fcaac7eafb37bef44fc89,feasible_incumbent,0.061609698400753796,True,0.0,,0.021521474500507776,1,7.858471991195604e-09,classical_tabu_lns,hybrid_sparse,1000,-0.04095267442586582,False,1,,0.5667108558118343,2,30260803,window_search,solved,True,50,0.0006216876931028095,0.39999996672336685,0.07848066453852064
True,,0,354b2c7ae031a1272bc4ff44426c9242bf5df771791fcaac7eafb37bef44fc89,feasible_incumbent,0.061743526324458106,True,4.9000603363942574e-05,,0.02097386838799155,1,9.1280872235866e-09,xy_qaoa_subspace,hybrid_sparse,1000,-0.04090367382250188,False,1,,0.3099786415696144,2,30260803,window_search,solved,True,50,0.0006509097010722513,0.40000000710769457,0.07832736047497037
True,,0,354b2c7ae031a1272bc4ff44426c9242bf5df771791fcaac7eafb37bef44fc89,feasible_incumbent,0.061609698400753796,True,0.0,,0.021521474500507776,2,7.858471991195604e-09,classical_tabu_lns,hybrid_sparse,1000,-0.04095267442586582,False,1,,0.5816972255706787,2,30260803,window_search,solved,True,50,0.0006216876931028095,0.39999996672336685,0.07848066453852064
True,,0,354b2c7ae031a1272bc4ff44426c9242bf5df771791fcaac7eafb37bef44fc89,feasible_incumbent,0.061609698400753796,True,0.0,,0.021521474500507776,2,7.858471991195604e-09,xy_qaoa_subspace,hybrid_sparse,1000,-0.04095267442586582,False,1,,0.12530391290783882,2,30260803,window_search,solved,True,50,0.0006216876931028095,0.39999996672336685,0.07848066453852064
,,0,354b2c7ae031a1272bc4ff44426c9242bf5df771791fcaac7eafb37bef44fc89,continuous_relaxation_lower_bound,0.06239918508652501,True,-0.0005072067353420126,,0.031022460401082204,,1.925705609654599e-09,osqp,continuous_relaxation,1000,-0.046395677856734575,True,2,,0.10457086563110352,2,30260804,,solved,True,57,0.0006201190095164109,0.39999999999999997,0.07860613006733651
True,,0,354b2c7ae031a1272bc4ff44426c9242bf5df771791fcaac7eafb37bef44fc89,feasible_incumbent,0.06184955266909127,True,0.0022786972715918563,,0.030370106230408197,,1.6248564348175787e-08,feasible_initial_portfolio,hybrid_sparse,1000,-0.043609773849800706,False,2,,0.009648539125919342,2,30260804,initialization,solved,True,50,0.0006760930600150091,0.4,0.0809305120142949
True,,0,354b2c7ae031a1272bc4ff44426c9242bf5df771791fcaac7eafb37bef44fc89,feasible_incumbent,0.0605921928996315,True,0.00017943414070393376,,0.030575523500852055,0,4.345438320285666e-08,classical_tabu_lns,hybrid_sparse,1000,-0.04570903698068863,False,2,,0.5050963051617146,2,30260804,window_search,solved,True,50,0.00043728581107054106,0.4000000434543832,0.07711502040238122
True,,0,354b2c7ae031a1272bc4ff44426c9242bf5df771791fcaac7eafb37bef44fc89,feasible_incumbent,0.06184955266909127,True,0.0022786972715918563,,0.030370106230408197,0,1.6248564348175787e-08,xy_qaoa_subspace,hybrid_sparse,1000,-0.043609773849800706,False,2,,0.08557239174842834,2,30260804,window_search,solved,True,50,0.0006760930600150091,0.4,0.0809305120142949
True,,0,354b2c7ae031a1272bc4ff44426c9242bf5df771791fcaac7eafb37bef44fc89,feasible_incumbent,0.061414491821131414,True,0.00010379358766063329,,0.030465445463807875,1,1.674884858842568e-08,classical_tabu_lns,hybrid_sparse,1000,-0.04578467753373193,False,2,,0.5750054866075516,2,30260804,window_search,solved,True,50,0.0005297455644265067,0.40000000170216854,0.0778881139261658
True,,0,354b2c7ae031a1272bc4ff44426c9242bf5df771791fcaac7eafb37bef44fc89,feasible_incumbent,0.06117255141098618,True,1.2606371165860275e-05,,0.03059176354395641,1,3.80560239571226e-09,xy_qaoa_subspace,hybrid_sparse,1000,-0.0458758647502267,False,2,,0.14289049804210663,2,30260804,window_search,solved,True,50,0.0005295576729629764,0.3999999548352897,0.07754097079579893
True,,0,354b2c7ae031a1272bc4ff44426c9242bf5df771791fcaac7eafb37bef44fc89,feasible_incumbent,0.06117255141098618,True,1.2606371165860275e-05,,0.03059176354395641,2,3.80560239571226e-09,classical_tabu_lns,hybrid_sparse,1000,-0.0458758647502267,False,2,,0.5383735448122025,2,30260804,window_search,solved,True,50,0.0005295576729629764,0.3999999548352897,0.07754097079579893
True,,0,354b2c7ae031a1272bc4ff44426c9242bf5df771791fcaac7eafb37bef44fc89,feasible_incumbent,0.060897619063946556,True,0.0,,0.030645452119024585,2,5.262931312977059e-09,xy_qaoa_subspace,hybrid_sparse,1000,-0.04588847112139256,False,2,,0.2723285034298897,2,30260804,window_search,solved,True,50,0.0005583010399473105,0.40000000526293134,0.07716679721501855
,,0,354b2c7ae031a1272bc4ff44426c9242bf5df771791fcaac7eafb37bef44fc89,continuous_relaxation_lower_bound,0.05664154361193096,True,-0.0005690541667404264,,0.03220606375720098,,1.0850669244351526e-09,osqp,continuous_relaxation,2000,-0.048053480791986056,True,0,,0.2246341109275818,2,40260802,,solved,True,58,0.000528906845592547,0.3999999999999999,0.06951573613643582
True,,0,354b2c7ae031a1272bc4ff44426c9242bf5df771791fcaac7eafb37bef44fc89,feasible_incumbent,0.05500076727261791,True,0.0023140434429521975,,0.03168891033530871,,1.9196230167939365e-08,feasible_initial_portfolio,hybrid_sparse,2000,-0.04517038318229343,False,0,,0.014460433274507523,2,40260802,initialization,solved,True,50,0.0005101452760256772,0.3999999551999077,0.0709432082470946
True,,0,354b2c7ae031a1272bc4ff44426c9242bf5df771791fcaac7eafb37bef44fc89,feasible_incumbent,0.0552744547690421,True,0.00023035209310891258,,0.03125352186726753,0,9.572145631686624e-09,classical_tabu_lns,hybrid_sparse,2000,-0.04725407453213672,False,0,,0.7487802542746067,2,40260802,window_search,solved,True,50,0.00044501181293270275,0.40000000957214565,0.06812067139658336
True,,0,354b2c7ae031a1272bc4ff44426c9242bf5df771791fcaac7eafb37bef44fc89,feasible_incumbent,0.05500076727261791,True,0.0023140434429521975,,0.03168891033530871,0,1.9196230167939365e-08,xy_qaoa_subspace,hybrid_sparse,2000,-0.04517038318229343,False,0,,0.08873927965760231,2,40260802,window_search,solved,True,50,0.0005101452760256772,0.3999999551999077,0.0709432082470946
True,,0,354b2c7ae031a1272bc4ff44426c9242bf5df771791fcaac7eafb37bef44fc89,feasible_incumbent,0.055320794077572316,True,0.0002238987732211123,,0.031182356179292325,1,6.336569591258723e-08,classical_tabu_lns,hybrid_sparse,2000,-0.04726052785202452,False,0,,0.9197310395538807,2,40260802,window_search,solved,True,50,0.0004520870087704138,0.40000006336569593,0.06811660195051358
True,,0,354b2c7ae031a1272bc4ff44426c9242bf5df771791fcaac7eafb37bef44fc89,feasible_incumbent,0.05625841973629388,True,0.0,,0.03173161369236419,1,9.488122745815453e-09,xy_qaoa_subspace,hybrid_sparse,2000,-0.04748442662524563,False,0,,0.4193928800523281,2,40260802,window_search,solved,True,50,0.0005364207644422796,0.3999999792258002,0.06943108697519874
True,,0,354b2c7ae031a1272bc4ff44426c9242bf5df771791fcaac7eafb37bef44fc89,feasible_incumbent,0.05625841973629388,True,0.0,,0.03173161369236419,2,9.488122745815453e-09,classical_tabu_lns,hybrid_sparse,2000,-0.04748442662524563,False,0,,0.8047317042946815,2,40260802,window_search,solved,True,50,0.0005364207644422796,0.3999999792258002,0.06943108697519874
True,,0,354b2c7ae031a1272bc4ff44426c9242bf5df771791fcaac7eafb37bef44fc89,feasible_incumbent,0.05625841973629388,True,0.0,,0.03173161369236419,2,9.488122745815453e-09,xy_qaoa_subspace,hybrid_sparse,2000,-0.04748442662524563,False,0,,0.17275772988796234,2,40260802,window_search,solved,True,50,0.0005364207644422796,0.3999999792258002,0.06943108697519874
,,0,354b2c7ae031a1272bc4ff44426c9242bf5df771791fcaac7eafb37bef44fc89,continuous_relaxation_lower_bound,0.05980648595176827,True,-5.4386879946716205e-05,,0.03084656750715901,,8.680187217164032e-10,osqp,continuous_relaxation,2000,-0.04331092236720355,True,1,,0.271480992436409,2,40260803,,solved,True,58,0.0005734152980063457,0.4,0.0791775625289613
True,,0,354b2c7ae031a1272bc4ff44426c9242bf5df771791fcaac7eafb37bef44fc89,feasible_incumbent,0.05906874960778457,True,0.003372676876024633,,0.02979374877002163,,1.523811081743237e-08,feasible_initial_portfolio,hybrid_sparse,2000,-0.0398838586112322,False,1,,0.014677148312330246,2,40260803,initialization,solved,True,50,0.0005057287356024221,0.3999998390923318,0.08194636861504086
True,,0,354b2c7ae031a1272bc4ff44426c9242bf5df771791fcaac7eafb37bef44fc89,feasible_incumbent,0.06011437626162735,True,0.0003376813403903889,,0.030473403325007496,0,9.397426066481973e-09,classical_tabu_lns,hybrid_sparse,2000,-0.04291885414686644,False,1,,0.803298145532608,2,40260803,window_search,solved,True,50,0.0005155161698041809,0.39999999721661356,0.07989581667078756
True,,0,354b2c7ae031a1272bc4ff44426c9242bf5df771791fcaac7eafb37bef44fc89,feasible_incumbent,0.059714713928374,True,0.002293007098463251,,0.02948856710036969,0,7.163227566664432e-09,xy_qaoa_subspace,hybrid_sparse,2000,-0.04096352838879358,False,1,,0.16884968057274818,2,40260803,window_search,solved,True,50,0.000436273710610471,0.4000000071632276,0.08131321587436421
True,,0,354b2c7ae031a1272bc4ff44426c9242bf5df771791fcaac7eafb37bef44fc89,feasible_incumbent,0.0597853061080661,True,0.0,,0.03093882937114794,1,3.2816046754979844e-09,classical_tabu_lns,hybrid_sparse,2000,-0.04325653548725683,False,1,,0.9232619628310204,2,40260803,window_search,solved,True,50,0.0005616244912433632,0.3999999731212679,0.07929257318959938
True,,0,354b2c7ae031a1272bc4ff44426c9242bf5df771791fcaac7eafb37bef44fc89,feasible_incumbent,0.06034060632131305,True,4.589663281594908e-05,,0.03090044917837564,1,1.76481288610697e-09,xy_qaoa_subspace,hybrid_sparse,2000,-0.04321063885444088,False,1,,0.4245910756289959,2,40260803,window_search,solved,True,50,0.0005752093456726131,0.3999999764174845,0.08000622814554799
True,,0,354b2c7ae031a1272bc4ff44426c9242bf5df771791fcaac7eafb37bef44fc89,feasible_incumbent,0.0597853061080661,True,0.0,,0.03093882937114794,2,3.2816046754979844e-09,classical_tabu_lns,hybrid_sparse,2000,-0.04325653548725683,False,1,,0.9384920001029968,2,40260803,window_search,solved,True,50,0.0005616244912433632,0.3999999731212679,0.07929257318959938
True,,0,354b2c7ae031a1272bc4ff44426c9242bf5df771791fcaac7eafb37bef44fc89,feasible_incumbent,0.0597853061080661,True,0.0,,0.03093882937114794,2,3.2816046754979844e-09,xy_qaoa_subspace,hybrid_sparse,2000,-0.04325653548725683,False,1,,0.449598029255867,2,40260803,window_search,solved,True,50,0.0005616244912433632,0.3999999731212679,0.07929257318959938
,,0,354b2c7ae031a1272bc4ff44426c9242bf5df771791fcaac7eafb37bef44fc89,continuous_relaxation_lower_bound,0.05900854307184522,True,-0.0001643975903472955,,0.028391540004310364,,2.999945289442097e-09,osqp,continuous_relaxation,2000,-0.04421911721377266,True,2,,0.28294454514980316,2,40260804,,solved,True,57,0.0004344871633865807,0.3999999999999999,0.07556547981299551
True,,0,354b2c7ae031a1272bc4ff44426c9242bf5df771791fcaac7eafb37bef44fc89,feasible_incumbent,0.0592114537498155,True,0.0036807871858391197,,0.02685495188080875,,9.16911534892817e-09,feasible_initial_portfolio,hybrid_sparse,2000,-0.040373932437586246,False,2,,0.014508679509162903,2,40260804,initialization,solved,True,50,0.0006552108503621244,0.4,0.07951073688788389
True,,0,354b2c7ae031a1272bc4ff44426c9242bf5df771791fcaac7eafb37bef44fc89,feasible_incumbent,0.05933116184133408,True,0.00044017842058222817,,0.027397237817307848,0,3.864692670052516e-09,classical_tabu_lns,hybrid_sparse,2000,-0.04361454120284314,False,2,,0.7950461655855179,2,40260804,window_search,solved,True,50,0.0004273212147001453,0.39999999219710003,0.07614186539932512
True,,0,354b2c7ae031a1272bc4ff44426c9242bf5df771791fcaac7eafb37bef44fc89,feasible_incumbent,0.059498767383257656,True,0.0020398938432688793,,0.02740593921225329,0,1.0795680294162224e-08,xy_qaoa_subspace,hybrid_sparse,2000,-0.04201482578015649,False,2,,0.41814394667744637,2,40260804,window_search,solved,True,50,0.0005284000619568187,0.4000000107956803,0.07830518647863753
True,,0,354b2c7ae031a1272bc4ff44426c9242bf5df771791fcaac7eafb37bef44fc89,feasible_incumbent,0.05997218017885767,True,5.557631988094974e-05,,0.02846134381428842,1,5.6169973838837706e-08,classical_tabu_lns,hybrid_sparse,2000,-0.043999143303544416,False,2,,0.694250550121069,2,40260804,window_search,solved,True,50,0.00043697251553913145,0.40000005616997386,0.0771579370731467
True,,0,354b2c7ae031a1272bc4ff44426c9242bf5df771791fcaac7eafb37bef44fc89,feasible_incumbent,0.05920276141053331,True,0.0,,0.02818442861586941,1,1.272984543471134e-08,xy_qaoa_subspace,hybrid_sparse,2000,-0.044054719623425366,False,2,,0.19652057066559792,2,40260804,window_search,solved,True,50,0.00047744209358401745,0.3999999803079798,0.07584565116268517
True,,0,354b2c7ae031a1272bc4ff44426c9242bf5df771791fcaac7eafb37bef44fc89,feasible_incumbent,0.05920276141053331,True,0.0,,0.02818442861586941,2,1.272984543471134e-08,classical_tabu_lns,hybrid_sparse,2000,-0.044054719623425366,False,2,,0.8614375479519367,2,40260804,window_search,solved,True,50,0.00047744209358401745,0.3999999803079798,0.07584565116268517
True,,0,354b2c7ae031a1272bc4ff44426c9242bf5df771791fcaac7eafb37bef44fc89,feasible_incumbent,0.05920276141053331,True,0.0,,0.02818442861586941,2,1.272984543471134e-08,xy_qaoa_subspace,hybrid_sparse,2000,-0.044054719623425366,False,2,,0.35420937463641167,2,40260804,window_search,solved,True,50,0.00047744209358401745,0.3999999803079798,0.07584565116268517
,,0,354b2c7ae031a1272bc4ff44426c9242bf5df771791fcaac7eafb37bef44fc89,continuous_relaxation_lower_bound,0.06487601851003771,True,-0.0002793073698826587,,0.027737469026571978,,1.1410605777605926e-10,osqp,continuous_relaxation,5000,-0.042164311824836063,True,0,,1.9004257060587406,2,70260802,,solved,True,58,0.0005517294296277626,0.4,0.08488664414247965
True,,0,354b2c7ae031a1272bc4ff44426c9242bf5df771791fcaac7eafb37bef44fc89,feasible_incumbent,0.06524949550767326,True,0.004618939291067367,,0.02535216053185126,,3.672839810064943e-12,feasible_initial_portfolio,hybrid_sparse,5000,-0.03726606516388604,False,0,,0.03686726465821266,2,70260802,initialization,solved,True,50,0.0007081615534190336,0.3999999999999999,0.08938830914196086
True,,0,354b2c7ae031a1272bc4ff44426c9242bf5df771791fcaac7eafb37bef44fc89,feasible_incumbent,0.06505141048237914,True,0.0003859265355706659,,0.025702208236235258,0,5.1201100692566115e-08,classical_tabu_lns,hybrid_sparse,5000,-0.04149907791938274,False,0,,1.6997135169804096,2,70260802,window_search,solved,True,50,0.0005028595869120643,0.4000000512011007,0.08473556171313432
True,,0,354b2c7ae031a1272bc4ff44426c9242bf5df771791fcaac7eafb37bef44fc89,feasible_incumbent,0.06500200929747216,True,0.002918742242394419,,0.025035762672060896,0,3.4197613629771695e-09,xy_qaoa_subspace,hybrid_sparse,5000,-0.038966262212558986,False,0,,0.7800887934863567,2,70260802,window_search,solved,True,50,0.0005758318529716718,0.4000000034197614,0.08715250606605865
True,,0,354b2c7ae031a1272bc4ff44426c9242bf5df771791fcaac7eafb37bef44fc89,feasible_incumbent,0.06533571170773522,True,0.0,,0.026833112275647306,1,1.8051106991101573e-08,classical_tabu_lns,hybrid_sparse,5000,-0.041885004454953405,False,0,,1.7133825607597828,2,70260802,window_search,solved,True,50,0.0005391576995994122,0.40000000728538954,0.08523861295329253
True,,0,354b2c7ae031a1272bc4ff44426c9242bf5df771791fcaac7eafb37bef44fc89,feasible_incumbent,0.0656152314160831,True,0.00010811374233229282,,0.0263432255244846,1,1.0862092995889139e-08,xy_qaoa_subspace,hybrid_sparse,5000,-0.04177689071262111,False,0,,0.7698345519602299,2,70260802,window_search,solved,True,50,0.00056781293682932,0.3999999916792847,0.0853722912060757
True,,0,354b2c7ae031a1272bc4ff44426c9242bf5df771791fcaac7eafb37bef44fc89,feasible_incumbent,0.06533571170773522,True,0.0,,0.026833112275647306,2,1.8051106991101573e-08,classical_tabu_lns,hybrid_sparse,5000,-0.041885004454953405,False,0,,1.7439277917146683,2,70260802,window_search,solved,True,50,0.0005391576995994122,0.40000000728538954,0.08523861295329253
True,,0,354b2c7ae031a1272bc4ff44426c9242bf5df771791fcaac7eafb37bef44fc89,feasible_incumbent,0.06533571170773522,True,0.0,,0.026833112275647306,2,1.8051106991101573e-08,xy_qaoa_subspace,hybrid_sparse,5000,-0.041885004454953405,False,0,,0.23192600905895233,2,70260802,window_search,solved,True,50,0.0005391576995994122,0.40000000728538954,0.08523861295329253
,,0,354b2c7ae031a1272bc4ff44426c9242bf5df771791fcaac7eafb37bef44fc89,continuous_relaxation_lower_bound,0.061587633719030546,True,-1.2552795915665715e-05,,0.02770824773033823,,2.100059807020597e-10,osqp,continuous_relaxation,5000,-0.04627268733270272,True,1,,2.142461683601141,2,70260803,,solved,True,56,0.0004721844174619273,0.3999999999999999,0.07575867717170756
True,,0,354b2c7ae031a1272bc4ff44426c9242bf5df771791fcaac7eafb37bef44fc89,feasible_incumbent,0.062011146968155635,True,0.0046650430681331595,,0.026445687147994022,,7.984723993104126e-13,feasible_initial_portfolio,hybrid_sparse,5000,-0.041595091468653894,False,1,,0.03927476704120636,2,70260803,initialization,solved,True,50,0.0005892876836965245,0.39999999999999997,0.08130142851119189
True,,0,354b2c7ae031a1272bc4ff44426c9242bf5df771791fcaac7eafb37bef44fc89,feasible_incumbent,0.06174308737502345,True,0.0,,0.02776478648264466,0,1.7766097260007996e-08,classical_tabu_lns,hybrid_sparse,5000,-0.046260134536787054,False,1,,1.5971327908337116,2,70260803,window_search,solved,True,50,0.0004699535836002567,0.4000000177660973,0.07602025058622008
True,,0,354b2c7ae031a1272bc4ff44426c9242bf5df771791fcaac7eafb37bef44fc89,feasible_incumbent,0.06150196547138623,True,0.002846946820410548,,0.026546426258083414,0,6.280971610872488e-09,xy_qaoa_subspace,hybrid_sparse,5000,-0.043413187716376506,False,1,,0.777725663036108,2,70260803,window_search,solved,True,50,0.0005373227896611594,0.4000000035303999,0.07851709125329372
True,,0,354b2c7ae031a1272bc4ff44426c9242bf5df771791fcaac7eafb37bef44fc89,feasible_incumbent,0.06174308737502345,True,0.0,,0.02776478648264466,1,1.7766097260007996e-08,classical_tabu_lns,hybrid_sparse,5000,-0.046260134536787054,False,1,,1.6526861563324928,2,70260803,window_search,solved,True,50,0.0004699535836002567,0.4000000177660973,0.07602025058622008
True,,0,354b2c7ae031a1272bc4ff44426c9242bf5df771791fcaac7eafb37bef44fc89,feasible_incumbent,0.06174308737502345,True,0.0,,0.02776478648264466,1,1.7766097260007996e-08,xy_qaoa_subspace,hybrid_sparse,5000,-0.046260134536787054,False,1,,0.7664964832365513,2,70260803,window_search,solved,True,50,0.0004699535836002567,0.4000000177660973,0.07602025058622008
True,,0,354b2c7ae031a1272bc4ff44426c9242bf5df771791fcaac7eafb37bef44fc89,feasible_incumbent,0.06174308737502345,True,0.0,,0.02776478648264466,2,1.7766097260007996e-08,classical_tabu_lns,hybrid_sparse,5000,-0.046260134536787054,False,1,,1.6638324707746506,2,70260803,window_search,solved,True,50,0.0004699535836002567,0.4000000177660973,0.07602025058622008
True,,0,354b2c7ae031a1272bc4ff44426c9242bf5df771791fcaac7eafb37bef44fc89,feasible_incumbent,0.06174308737502345,True,0.0,,0.02776478648264466,2,1.7766097260007996e-08,xy_qaoa_subspace,hybrid_sparse,5000,-0.046260134536787054,False,1,,0.673804797232151,2,70260803,window_search,solved,True,50,0.0004699535836002567,0.4000000177660973,0.07602025058622008
,,0,354b2c7ae031a1272bc4ff44426c9242bf5df771791fcaac7eafb37bef44fc89,continuous_relaxation_lower_bound,0.05922049584476709,True,-0.0002003544226868298,,0.028606663606621195,,1.0922877528907887e-10,osqp,continuous_relaxation,5000,-0.04327754309806361,True,2,,1.2176842615008354,2,70260804,,solved,True,61,0.0006072183984915974,0.39999999999999997,0.07699229331760742
True,,0,354b2c7ae031a1272bc4ff44426c9242bf5df771791fcaac7eafb37bef44fc89,feasible_incumbent,0.057487869922573764,True,0.0036832655321579547,,0.027527060353022673,,1.1400747894352303e-08,feasible_initial_portfolio,hybrid_sparse,5000,-0.03939392314321882,False,2,,0.037069108337163925,2,70260804,initialization,solved,True,50,0.000669530473701591,0.39999999491876603,0.07897841031847208
True,,0,354b2c7ae031a1272bc4ff44426c9242bf5df771791fcaac7eafb37bef44fc89,feasible_incumbent,0.058415507807287756,True,0.0003835973280557417,,0.028462681032289452,0,8.305914556139271e-08,classical_tabu_lns,hybrid_sparse,5000,-0.042693591347321036,False,2,,1.3583862259984016,2,70260804,window_search,solved,True,50,0.00048170996280618155,0.4000000830591456,0.0767744059088773
True,,0,354b2c7ae031a1272bc4ff44426c9242bf5df771791fcaac7eafb37bef44fc89,feasible_incumbent,0.05780442214723858,True,0.0021621054418970026,,0.027248983704003783,0,3.0259398389742564e-09,xy_qaoa_subspace,hybrid_sparse,5000,-0.040915083233479775,False,2,,0.8252424821257591,2,70260804,window_search,solved,True,50,0.000622054947599857,0.4000000022290035,0.07731982387222676
True,,0,354b2c7ae031a1272bc4ff44426c9242bf5df771791fcaac7eafb37bef44fc89,feasible_incumbent,0.059004021806235665,True,0.0,,0.02840172527550703,1,9.64165894346003e-09,classical_tabu_lns,hybrid_sparse,5000,-0.04307718867537678,False,2,,1.2326263226568699,2,70260804,window_search,solved,True,50,0.0005253234857885324,0.39999995837513885,0.07694461941269691
True,,0,354b2c7ae031a1272bc4ff44426c9242bf5df771791fcaac7eafb37bef44fc89,feasible_incumbent,0.0583673207941913,True,0.00040082189069725466,,0.028468187129439534,1,9.968455050302083e-08,xy_qaoa_subspace,hybrid_sparse,5000,-0.04267636678467952,False,2,,0.11750989034771919,2,70260804,window_search,solved,True,50,0.00046605990274511483,0.4000000996845505,0.07675804540435671
True,,0,354b2c7ae031a1272bc4ff44426c9242bf5df771791fcaac7eafb37bef44fc89,feasible_incumbent,0.059004021806235665,True,0.0,,0.02840172527550703,2,9.64165894346003e-09,classical_tabu_lns,hybrid_sparse,5000,-0.04307718867537678,False,2,,1.543792013078928,2,70260804,window_search,solved,True,50,0.0005253234857885324,0.39999995837513885,0.07694461941269691
True,,0,354b2c7ae031a1272bc4ff44426c9242bf5df771791fcaac7eafb37bef44fc89,feasible_incumbent,0.058783959682965056,True,0.00028373215017194614,,0.02824295980851033,2,7.159676085333189e-08,xy_qaoa_subspace,hybrid_sparse,5000,-0.04279345652520483,False,2,,0.11214359477162361,2,70260804,window_search,solved,True,50,0.0005530728894228164,0.4000000715967609,0.07688811374015177
,,0,354b2c7ae031a1272bc4ff44426c9242bf5df771791fcaac7eafb37bef44fc89,continuous_relaxation_lower_bound,0.06208224064344278,True,-0.0003291314165505682,,0.03073571023718989,,1.6198072437758807e-10,osqp,continuous_relaxation,10000,-0.04311165304654481,True,0,,7.911704458296299,2,120260802,,solved,True,57,0.0006327721053786167,0.4,0.08210440988170403
True,,0,354b2c7ae031a1272bc4ff44426c9242bf5df771791fcaac7eafb37bef44fc89,feasible_incumbent,0.06210148374660657,True,0.0054566797379063045,,0.028674422383827877,,7.128705292736015e-09,feasible_initial_portfolio,hybrid_sparse,10000,-0.03732584189208794,False,0,,0.06293914839625359,2,120260802,initialization,solved,True,50,0.0006594053172104996,0.3999999999999999,0.0876965765913608
True,,0,354b2c7ae031a1272bc4ff44426c9242bf5df771791fcaac7eafb37bef44fc89,feasible_incumbent,0.0618583780775238,True,0.0019573796172708616,,0.028897746390679272,0,3.6058560026752673e-09,classical_tabu_lns,hybrid_sparse,10000,-0.04082514201272338,False,0,,3.0260163359344006,2,120260802,window_search,solved,True,50,0.0005058641386394911,0.400000003605856,0.08363760532380224
True,,0,354b2c7ae031a1272bc4ff44426c9242bf5df771791fcaac7eafb37bef44fc89,feasible_incumbent,0.060930770543466836,True,0.0036894417091670184,,0.028911010212585787,0,8.881686781869735e-09,xy_qaoa_subspace,hybrid_sparse,10000,-0.03909307992082722,False,0,,1.1982861794531345,2,120260802,window_search,solved,True,50,0.000509053702598041,0.40000000429126337,0.0845980401975536
True,,0,354b2c7ae031a1272bc4ff44426c9242bf5df771791fcaac7eafb37bef44fc89,feasible_incumbent,0.06129913973803286,True,7.146206616822498e-05,,0.030725954059758694,1,6.513676042985139e-08,classical_tabu_lns,hybrid_sparse,10000,-0.042711059563826016,False,0,,2.9503857903182507,2,120260802,window_search,solved,True,50,0.0006116435520938714,0.40000006513676045,0.08165710459230394
True,,0,354b2c7ae031a1272bc4ff44426c9242bf5df771791fcaac7eafb37bef44fc89,feasible_incumbent,0.06262903500815264,True,0.0007222062404869042,,0.029692091841020094,1,7.805810736671859e-08,xy_qaoa_subspace,hybrid_sparse,10000,-0.04206031538950734,False,0,,1.3614244423806667,2,120260802,window_search,solved,True,50,0.0005402090223677405,0.4000000780581074,0.08351593442785349
True,,0,354b2c7ae031a1272bc4ff44426c9242bf5df771791fcaac7eafb37bef44fc89,feasible_incumbent,0.06129913973803286,True,7.146206616822498e-05,,0.030725954059758694,2,6.513676042985139e-08,classical_tabu_lns,hybrid_sparse,10000,-0.042711059563826016,False,0,,2.6192743591964245,2,120260802,window_search,solved,True,50,0.0006116435520938714,0.40000006513676045,0.08165710459230394
True,,0,354b2c7ae031a1272bc4ff44426c9242bf5df771791fcaac7eafb37bef44fc89,feasible_incumbent,0.06150788638180785,True,0.0,,0.030256481421110825,2,1.5591660018632325e-08,xy_qaoa_subspace,hybrid_sparse,10000,-0.04278252162999424,False,0,,0.40580445528030396,2,120260802,window_search,solved,True,50,0.0006861969024534071,0.40000001559166004,0.08144618905745758
,,0,354b2c7ae031a1272bc4ff44426c9242bf5df771791fcaac7eafb37bef44fc89,continuous_relaxation_lower_bound,0.06290302907246104,True,-0.000347127939357518,,0.023813923322106162,,5.627216871646235e-11,osqp,continuous_relaxation,10000,-0.04048996485797303,True,1,,9.424307879060507,2,120260803,,solved,True,56,0.0004382603059036447,0.4,0.08231860733714758
True,,0,354b2c7ae031a1272bc4ff44426c9242bf5df771791fcaac7eafb37bef44fc89,feasible_incumbent,0.06333151634205816,True,0.005055089642085772,,0.01924177044805694,,3.51119133767952e-12,feasible_initial_portfolio,hybrid_sparse,10000,-0.03508774727652974,False,1,,0.06324174255132675,2,120260803,initialization,solved,True,50,0.0006269793831737348,0.39999999999999997,0.08629910185672057
True,,0,354b2c7ae031a1272bc4ff44426c9242bf5df771791fcaac7eafb37bef44fc89,feasible_incumbent,0.06394302058003201,True,0.0004996639049209273,,0.02127936805537004,0,2.0353275675955018e-08,classical_tabu_lns,hybrid_sparse,10000,-0.039643173013694584,False,1,,3.170933846384287,2,120260803,window_search,solved,True,50,0.0003639559168357114,0.4000000203532757,0.08315717128087839
True,,0,354b2c7ae031a1272bc4ff44426c9242bf5df771791fcaac7eafb37bef44fc89,feasible_incumbent,0.06288206735102587,True,0.002967578733928146,,0.020342744231212385,0,4.609727571880384e-08,xy_qaoa_subspace,hybrid_sparse,10000,-0.037175258184687365,False,1,,1.359108991920948,2,120260803,window_search,solved,True,50,0.000494342981894503,0.40000004609727574,0.08412352619814531
True,,0,354b2c7ae031a1272bc4ff44426c9242bf5df771791fcaac7eafb37bef44fc89,feasible_incumbent,0.06271378323881371,True,0.0,,0.02219529598961975,1,8.211438418115335e-09,classical_tabu_lns,hybrid_sparse,10000,-0.04014283691861551,False,1,,3.247749276459217,2,120260803,window_search,solved,True,50,0.0004486807062762646,0.40000000821143844,0.08151062950159545
True,,0,354b2c7ae031a1272bc4ff44426c9242bf5df771791fcaac7eafb37bef44fc89,feasible_incumbent,0.06305488549897356,True,0.00011394589363036833,,0.02227949072406792,1,9.475981888051876e-09,xy_qaoa_subspace,hybrid_sparse,10000,-0.04002889102498514,False,1,,0.5789709091186523,2,120260803,window_search,solved,True,50,0.0003872898522248312,0.4000000094759819,0.08219300454880275
True,,0,354b2c7ae031a1272bc4ff44426c9242bf5df771791fcaac7eafb37bef44fc89,feasible_incumbent,0.06271378323881371,True,0.0,,0.02219529598961975,2,8.211438418115335e-09,classical_tabu_lns,hybrid_sparse,10000,-0.04014283691861551,False,1,,3.8119575828313828,2,120260803,window_search,solved,True,50,0.0004486807062762646,0.40000000821143844,0.08151062950159545
True,,0,354b2c7ae031a1272bc4ff44426c9242bf5df771791fcaac7eafb37bef44fc89,feasible_incumbent,0.06271378323881371,True,0.0,,0.02219529598961975,2,8.211438418115335e-09,xy_qaoa_subspace,hybrid_sparse,10000,-0.04014283691861551,False,1,,1.5018718279898167,2,120260803,window_search,solved,True,50,0.0004486807062762646,0.40000000821143844,0.08151062950159545
,,0,354b2c7ae031a1272bc4ff44426c9242bf5df771791fcaac7eafb37bef44fc89,continuous_relaxation_lower_bound,0.061737216745571054,True,-0.0001625433457031547,,0.023552955113637676,,1.5359426973930618e-10,osqp,continuous_relaxation,10000,-0.04198428389396536,True,2,,9.707822065800428,2,120260804,,solved,True,59,0.0005591180488094368,0.39999999999999997,0.07870234095580016
True,,0,354b2c7ae031a1272bc4ff44426c9242bf5df771791fcaac7eafb37bef44fc89,feasible_incumbent,0.061559120154791494,True,0.005021138062954976,,0.02097037887974783,,6.836087251826939e-12,feasible_initial_portfolio,hybrid_sparse,10000,-0.03680060248530723,False,2,,0.06256873533129692,2,120260804,initialization,solved,True,50,0.0006921410239106979,0.3999999999999999,0.08312829372174974
True,,0,354b2c7ae031a1272bc4ff44426c9242bf5df771791fcaac7eafb37bef44fc89,feasible_incumbent,0.06166640186219174,True,0.00015278177691203237,,0.022821605139919113,0,7.944666917392151e-09,classical_tabu_lns,hybrid_sparse,10000,-0.04166895877135017,False,2,,3.2864967174828053,2,120260804,window_search,solved,True,50,0.0005309418406484615,0.39999997193461234,0.07858409994413967
True,,0,354b2c7ae031a1272bc4ff44426c9242bf5df771791fcaac7eafb37bef44fc89,feasible_incumbent,0.06188865143182723,True,0.003724857948477593,,0.021571589002982228,0,1.7633832012642348e-08,xy_qaoa_subspace,hybrid_sparse,10000,-0.03809688259978461,False,2,,0.42875222489237785,2,120260804,window_search,solved,True,50,0.0006694971419652228,0.39999999317199997,0.08235055092902356
True,,0,354b2c7ae031a1272bc4ff44426c9242bf5df771791fcaac7eafb37bef44fc89,feasible_incumbent,0.06171298824314829,True,3.454439232925682e-05,,0.022903537862207776,1,8.214772549697269e-09,classical_tabu_lns,hybrid_sparse,10000,-0.041787196155932946,False,2,,2.7899316996335983,2,120260804,window_search,solved,True,50,0.0005299417290542883,0.3999999649451415,0.07854631664090296
True,,0,354b2c7ae031a1272bc4ff44426c9242bf5df771791fcaac7eafb37bef44fc89,feasible_incumbent,0.061875316584267814,True,0.0,,0.02314630201175426,1,4.304742096117309e-08,xy_qaoa_subspace,hybrid_sparse,10000,-0.0418217405482622,False,2,,0.27498946338891983,2,120260804,window_search,solved,True,50,0.0005155965311123329,0.400000043047421,0.07888108836821461
True,,0,354b2c7ae031a1272bc4ff44426c9242bf5df771791fcaac7eafb37bef44fc89,feasible_incumbent,0.061875316584267814,True,0.0,,0.02314630201175426,2,4.304742096117309e-08,classical_tabu_lns,hybrid_sparse,10000,-0.0418217405482622,False,2,,2.6363868080079556,2,120260804,window_search,solved,True,50,0.0005155965311123329,0.400000043047421,0.07888108836821461
True,,0,354b2c7ae031a1272bc4ff44426c9242bf5df771791fcaac7eafb37bef44fc89,feasible_incumbent,0.061875316584267814,True,0.0,,0.02314630201175426,2,4.304742096117309e-08,xy_qaoa_subspace,hybrid_sparse,10000,-0.0418217405482622,False,2,,0.3338548354804516,2,120260804,window_search,solved,True,50,0.0005155965311123329,0.400000043047421,0.07888108836821461
,,0,354b2c7ae031a1272bc4ff44426c9242bf5df771791fcaac7eafb37bef44fc89,continuous_relaxation_lower_bound,0.058231430071960265,True,-0.00022105081573329383,,0.029183896545046804,,1.5659658041141893e-10,osqp,continuous_relaxation,20000,-0.04613961109824171,True,0,,22.89065419137478,2,220260802,,solved,True,59,0.0006018949945857879,0.39999999999999997,0.07222447265526577
True,,0,354b2c7ae031a1272bc4ff44426c9242bf5df771791fcaac7eafb37bef44fc89,feasible_incumbent,0.056756930449806064,True,0.0037532349566791537,,0.028424642757377588,,9.543810186585233e-12,feasible_initial_portfolio,hybrid_sparse,20000,-0.04216532532582926,False,0,,0.17746448144316673,2,220260802,initialization,solved,True,50,0.0006395233376348749,0.39999999999999997,0.07505251916495638
True,,0,354b2c7ae031a1272bc4ff44426c9242bf5df771791fcaac7eafb37bef44fc89,feasible_incumbent,0.0588519071538921,True,0.0004915872919692699,,0.028506669015040037,0,9.85580934642627e-08,classical_tabu_lns,hybrid_sparse,20000,-0.04542697299053915,False,0,,6.421041540801525,2,220260802,window_search,solved,True,50,0.00046256721086738745,0.4000000985580935,0.0737776408676851
True,,0,354b2c7ae031a1272bc4ff44426c9242bf5df771791fcaac7eafb37bef44fc89,feasible_incumbent,0.056756930449806064,True,0.0037532349566791537,,0.028424642757377588,0,9.543810186585233e-12,xy_qaoa_subspace,hybrid_sparse,20000,-0.04216532532582926,False,0,,0.08486952632665634,2,220260802,window_search,solved,True,50,0.0006395233376348749,0.39999999999999997,0.07505251916495638
True,,0,354b2c7ae031a1272bc4ff44426c9242bf5df771791fcaac7eafb37bef44fc89,feasible_incumbent,0.058182015311904964,True,0.0,,0.02914049048356455,1,9.51996071731076e-09,classical_tabu_lns,hybrid_sparse,20000,-0.04591856028250842,False,0,,8.903698485344648,2,220260802,window_search,solved,True,50,0.0005574648169417903,0.3999998519103754,0.07249308305519504
True,,0,354b2c7ae031a1272bc4ff44426c9242bf5df771791fcaac7eafb37bef44fc89,feasible_incumbent,0.059141102866757035,True,0.00025674365656095516,,0.028860896976934624,1,2.5627144711881655e-09,xy_qaoa_subspace,hybrid_sparse,20000,-0.04566181662594746,False,0,,3.108557727187872,2,220260802,window_search,solved,True,50,0.0004953108590865233,0.3999999944228665,0.07404650413110718
True,,0,354b2c7ae031a1272bc4ff44426c9242bf5df771791fcaac7eafb37bef44fc89,feasible_incumbent,0.058182015311904964,True,0.0,,0.02914049048356455,2,9.51996071731076e-09,classical_tabu_lns,hybrid_sparse,20000,-0.04591856028250842,False,0,,7.680373713374138,2,220260802,window_search,solved,True,50,0.0005574648169417903,0.3999998519103754,0.07249308305519504
True,,0,354b2c7ae031a1272bc4ff44426c9242bf5df771791fcaac7eafb37bef44fc89,feasible_incumbent,0.058182015311904964,True,0.0,,0.02914049048356455,2,9.51996071731076e-09,xy_qaoa_subspace,hybrid_sparse,20000,-0.04591856028250842,False,0,,0.07934573665261269,2,220260802,window_search,solved,True,50,0.0005574648169417903,0.3999998519103754,0.07249308305519504
,,0,354b2c7ae031a1272bc4ff44426c9242bf5df771791fcaac7eafb37bef44fc89,validated_continuous_guide,0.06132971342873473,True,-8.035573057123963e-05,,0.03000524931636642,,7.423022077573156e-11,osqp,continuous_relaxation,20000,-0.04409426088501712,False,1,,30.030399668961763,2,220260803,,solved inaccurate,True,56,0.0005432531639888499,0.3999999999999999,0.07961761618877065
True,,0,354b2c7ae031a1272bc4ff44426c9242bf5df771791fcaac7eafb37bef44fc89,feasible_incumbent,0.060676678458063266,True,0.005041130778443689,,0.028231477518888017,,6.126876783696389e-12,feasible_initial_portfolio,hybrid_sparse,20000,-0.03897277437600219,False,1,,0.1792568378150463,2,220260803,initialization,solved,True,50,0.0005609792128423751,0.39999999999999997,0.08397459571639831
True,,0,354b2c7ae031a1272bc4ff44426c9242bf5df771791fcaac7eafb37bef44fc89,feasible_incumbent,0.06160006465112148,True,0.00015963880987898,,0.02944309537800458,0,1.9368338044500888e-08,classical_tabu_lns,hybrid_sparse,20000,-0.0438542663445669,False,1,,9.320610996335745,2,220260803,window_search,solved,True,50,0.0003780486419629675,0.40000001936833807,0.08011154392919151
True,,0,354b2c7ae031a1272bc4ff44426c9242bf5df771791fcaac7eafb37bef44fc89,feasible_incumbent,0.060676678458063266,True,0.005041130778443689,,0.028231477518888017,0,6.126876783696389e-12,xy_qaoa_subspace,hybrid_sparse,20000,-0.03897277437600219,False,1,,0.8894967585802078,2,220260803,window_search,solved,True,50,0.0005609792128423751,0.39999999999999997,0.08397459571639831
True,,0,354b2c7ae031a1272bc4ff44426c9242bf5df771791fcaac7eafb37bef44fc89,feasible_incumbent,0.06184336262148795,True,9.552238374562622e-05,,0.029368955812576553,1,5.573895213439872e-09,classical_tabu_lns,hybrid_sparse,20000,-0.04391838277070025,False,1,,6.057765491306782,2,220260803,window_search,solved,True,50,0.00048767278265061465,0.3999998922108227,0.08015208665334342
True,,0,354b2c7ae031a1272bc4ff44426c9242bf5df771791fcaac7eafb37bef44fc89,feasible_incumbent,0.06169893868099669,True,0.0,,0.029564988071502377,1,6.78468594500492e-09,xy_qaoa_subspace,hybrid_sparse,20000,-0.04401390515444588,False,1,,0.5488144904375076,2,220260803,window_search,solved,True,50,0.000466077202949751,0.3999999722013971,0.08000181292864837
True,,0,354b2c7ae031a1272bc4ff44426c9242bf5df771791fcaac7eafb37bef44fc89,feasible_incumbent,0.06169893868099669,True,0.0,,0.029564988071502377,2,6.78468594500492e-09,classical_tabu_lns,hybrid_sparse,20000,-0.04401390515444588,False,1,,4.214837841689587,2,220260803,window_search,solved,True,50,0.000466077202949751,0.3999999722013971,0.08000181292864837
True,,0,354b2c7ae031a1272bc4ff44426c9242bf5df771791fcaac7eafb37bef44fc89,feasible_incumbent,0.06169893868099669,True,0.0,,0.029564988071502377,2,6.78468594500492e-09,xy_qaoa_subspace,hybrid_sparse,20000,-0.04401390515444588,False,1,,2.614981524646282,2,220260803,window_search,solved,True,50,0.000466077202949751,0.3999999722013971,0.08000181292864837
,,1,354b2c7ae031a1272bc4ff44426c9242bf5df771791fcaac7eafb37bef44fc89,uncertified_guide_iterate,0.06047122726901518,False,,,0.022160012561293876,,1.3158864515361302e-05,osqp,continuous_relaxation,20000,-0.04177212466580358,False,2,,30.03012804314494,2,220260804,,run time limit reached,False,51,0.0005252245657222168,0.4000131588645154,0.07649037105170339
True,,0,354b2c7ae031a1272bc4ff44426c9242bf5df771791fcaac7eafb37bef44fc89,feasible_incumbent,0.058937580386388376,True,0.005046972596912475,,0.020425996208421844,,6.616041048346233e-12,feasible_initial_portfolio,hybrid_sparse,20000,-0.03661801795829186,False,2,,0.1835637502372265,2,220260804,initialization,solved,True,50,0.0006408179958959562,0.39999999999999997,0.07986456352652468
True,,0,354b2c7ae031a1272bc4ff44426c9242bf5df771791fcaac7eafb37bef44fc89,feasible_incumbent,0.06031443187671904,True,0.00047173405951358993,,0.021349381050431375,0,1.2647336171400791e-08,classical_tabu_lns,hybrid_sparse,20000,-0.04119325649569074,False,2,,7.054999765008688,2,220260804,window_search,solved,True,50,0.00047372214508927603,0.40000000524486573,0.07657955831833284
True,,0,354b2c7ae031a1272bc4ff44426c9242bf5df771791fcaac7eafb37bef44fc89,feasible_incumbent,0.06047993588346731,True,0.0030717990406715356,,0.020118415451880263,0,6.27490361754246e-09,xy_qaoa_subspace,hybrid_sparse,20000,-0.0385931915145328,False,2,,3.093462787568569,2,220260804,window_search,solved,True,50,0.0005688505927180725,0.4000000041885231,0.07921755045715131
True,,0,354b2c7ae031a1272bc4ff44426c9242bf5df771791fcaac7eafb37bef44fc89,feasible_incumbent,0.06039422995143044,True,0.0,,0.02207005432162442,1,2.7371583832813684e-08,classical_tabu_lns,hybrid_sparse,20000,-0.04166499055520433,False,2,,7.0164032354950905,2,220260804,window_search,solved,True,50,0.0005028192823773075,0.40000002737158386,0.07650025787493923
True,,0,354b2c7ae031a1272bc4ff44426c9242bf5df771791fcaac7eafb37bef44fc89,feasible_incumbent,0.06046650731063222,True,3.6833127856392145e-05,,0.02203223123122468,1,1.0235756235654758e-08,xy_qaoa_subspace,hybrid_sparse,20000,-0.04162815742734794,False,2,,3.1288774386048317,2,220260804,window_search,solved,True,50,0.0005119041411469667,0.3999999958682561,0.07660621561955616
True,,0,354b2c7ae031a1272bc4ff44426c9242bf5df771791fcaac7eafb37bef44fc89,feasible_incumbent,0.06039422995143044,True,0.0,,0.02207005432162442,2,2.7371583832813684e-08,classical_tabu_lns,hybrid_sparse,20000,-0.04166499055520433,False,2,,7.096998885273933,2,220260804,window_search,solved,True,50,0.0005028192823773075,0.40000002737158386,0.07650025787493923
True,,0,354b2c7ae031a1272bc4ff44426c9242bf5df771791fcaac7eafb37bef44fc89,feasible_incumbent,0.06039422995143044,True,0.0,,0.02207005432162442,2,2.7371583832813684e-08,xy_qaoa_subspace,hybrid_sparse,20000,-0.04166499055520433,False,2,,0.07567714527249336,2,220260804,window_search,solved,True,50,0.0005028192823773075,0.40000002737158386,0.07650025787493923
