scaling_schema_version,case_config_sha256,study_tier,n_assets,cardinality,window_size,iterations,repetition,seed,success,best_method,best_objective,hybrid_objective,relaxation_objective,relaxation_guide_objective,relative_gap_to_relaxation,gurobi_objective,gurobi_best_bound,gurobi_reported_gap,relative_hybrid_gap_to_gurobi,breaches,max_violation,time_to_first_valid_seconds,data_generation_seconds,relaxation_seconds,relaxation_requested_tolerance,relaxation_native_tolerance,relaxation_iterations,relaxation_primal_residual,relaxation_dual_residual,relaxation_rho_updates,relaxation_status,relaxation_validation_breaches,relaxation_validation_max_violation,relaxation_accepted,relaxation_bound_available,relaxation_fallback_used,relaxation_fallback_iterate_usable,relaxation_guide_source,initialization_seconds,classical_window_seconds,quantum_window_seconds,window_overhead_seconds,gurobi_seconds,search_end_to_end_seconds,full_end_to_end_seconds,worker_wall_seconds,oracle_calls,oracle_cache_hits,peak_rss_gib,factor_risk_storage_mib,dense_covariance_gib_avoided,dense_covariance_and_correlation_gib_avoided,quantum_backend_requested,quantum_execution_device,quantum_gpu_verified,quantum_cardinality_rate,quantum_angle_seconds,quantum_sampler_seconds,quantum_allocation_seconds,quantum_other_seconds,certification_attempted,certification_completed,certification_optimal,skipped_components,error
2,11ef0ec876e9480c2e690279cfb909f53bd76ca29e66ec28dab415edc81d3df9,scalable_hybrid_search,1000,50,16,1,0,30260802,True,classical_tabu_lns,-0.0405117017458145,-0.0405117017458145,-0.04074121033583921,-0.04074121033583921,0.005633327732112536,,,,,0,1.371398090574405e-10,0.1560773402452469,0.0018171146512031555,0.12440211325883865,1e-09,1e-09,2125,1.0908121958652245e-10,1.0472125892253004e-11,1,solved,0,4.9116382823707617e-11,True,True,False,,accepted_continuous_relaxation,0.029858112335205078,0.11953505873680115,0.9658872187137604,0.01264365017414093,0.0,1.2541432678699493,1.2541432678699493,1.257211335003376,14,2,0.4690132141113281,0.10028076171875,0.007450580596923828,0.014901161193847656,aer_gpu,GPU,True,1.0,0.06562155112624168,0.6303142681717873,0.06600170582532883,0.2039496935904026,False,False,False,{},
2,11ef0ec876e9480c2e690279cfb909f53bd76ca29e66ec28dab415edc81d3df9,scalable_hybrid_search,1000,50,16,1,1,30260803,True,classical_tabu_lns,-0.040591144507600624,-0.040591144507600624,-0.041014295348986735,-0.041014295348986735,0.010317154976955241,,,,,0,1.823039941228899e-09,0.1045672670006752,0.001728307455778122,0.0732298456132412,1e-09,1e-09,1225,9.975273405774516e-11,4.212478367719789e-11,1,solved,0,7.280087339852915e-11,True,True,False,,accepted_continuous_relaxation,0.029609113931655884,0.13174233585596085,0.8508713096380234,0.008747518062591553,0.0,1.095928430557251,1.095928430557251,1.0984172746539116,16,2,0.4724769592285156,0.10028076171875,0.007450580596923828,0.014901161193847656,aer_gpu,GPU,True,1.0,0.06465698406100273,0.5089927203953266,0.07625474780797958,0.20096685737371445,False,False,False,{},
2,11ef0ec876e9480c2e690279cfb909f53bd76ca29e66ec28dab415edc81d3df9,scalable_hybrid_search,1000,50,16,1,2,30260804,True,classical_tabu_lns,-0.04566634280309343,-0.04566634280309343,-0.04639568153033908,-0.04639568153033908,0.015719970117665353,,,,,0,8.856371191967582e-10,0.14818253740668297,0.0016011185944080353,0.11632801592350006,1e-09,1e-09,1975,2.435467002048549e-10,3.1815526417846896e-11,1,solved,0,2.4354665421515495e-10,True,True,False,,accepted_continuous_relaxation,0.030253402888774872,0.11268424242734909,0.8204518146812916,0.01079067587852478,0.0,1.0921092703938484,1.0921092703938484,1.0946610979735851,9,2,0.4585914611816406,0.10028076171875,0.007450580596923828,0.014901161193847656,aer_gpu,GPU,True,1.0,0.07147970050573349,0.5421877428889275,0.00010989606380462646,0.206674475222826,False,False,False,{},
2,11ef0ec876e9480c2e690279cfb909f53bd76ca29e66ec28dab415edc81d3df9,scalable_hybrid_search,10000,50,16,1,0,120260802,True,classical_tabu_lns,-0.039997553767464646,-0.039997553767464646,-0.04311165821825815,-0.04311165821825815,0.07223346490241604,,,,,0,8.717049304607372e-11,9.36614478379488,0.009863335639238358,9.208626177161932,1e-09,1e-09,17100,3.9117825645362814e-10,2.8316062675105385e-12,1,solved,0,1.6181046028230568e-11,True,True,False,,accepted_continuous_relaxation,0.14765527099370956,0.5944070480763912,2.0135489776730537,0.4070941209793091,0.0,12.381194930523634,12.381194930523634,12.431994933634996,24,2,0.7317161560058594,0.992919921875,0.7450580596923828,1.4901161193847656,aer_gpu,GPU,True,1.0,0.0636720061302185,0.48793642222881317,1.2571286894381046,0.20481185987591743,False,False,False,{},
2,11ef0ec876e9480c2e690279cfb909f53bd76ca29e66ec28dab415edc81d3df9,scalable_hybrid_search,10000,50,16,1,1,120260803,True,classical_tabu_lns,-0.03963235037215393,-0.03963235037215393,-0.04048996845478344,-0.04048996845478344,0.021181001501328504,,,,,0,1.1423765822193843e-09,11.234187666326761,0.009793594479560852,11.076051902025938,1e-09,1e-09,20625,1.094198065487717e-10,2.3595430539767992e-12,1,solved,0,5.666762379158544e-12,True,True,False,,accepted_continuous_relaxation,0.14834216982126236,0.8161577582359314,2.277190186083317,0.21462582796812057,0.0,14.54216143861413,14.54216143861413,14.604939628392458,30,2,0.7961273193359375,0.992919921875,0.7450580596923828,1.4901161193847656,aer_gpu,GPU,True,1.0,0.06118525192141533,0.5431209541857243,1.4949055463075638,0.17797843366861343,False,False,False,{},
2,11ef0ec876e9480c2e690279cfb909f53bd76ca29e66ec28dab415edc81d3df9,scalable_hybrid_search,10000,50,16,1,2,120260804,True,classical_tabu_lns,-0.04166896097690336,-0.04166896097690336,-0.04198429610287633,-0.04198429610287633,0.007510787490643784,,,,,0,1.5360902883010397e-08,11.72252182662487,0.009663060307502747,11.563814491033554,1e-09,1e-09,21600,6.285988396470543e-11,2.670383540642473e-12,1,solved,0,1.5340629248169593e-11,True,True,False,,accepted_continuous_relaxation,0.14904427528381348,0.8246358036994934,1.1033341772854328,0.14300735667347908,0.0,13.793499164283276,13.793499164283276,13.827245362102985,16,2,0.6417312622070312,0.992919921875,0.7450580596923828,1.4901161193847656,aer_gpu,GPU,True,1.0,0.062397975474596024,0.5341619402170181,0.33073728531599045,0.17603697627782822,False,False,False,{},
2,11ef0ec876e9480c2e690279cfb909f53bd76ca29e66ec28dab415edc81d3df9,scalable_hybrid_search,20000,50,16,1,0,220260802,True,classical_tabu_lns,-0.04432150794009219,-0.04432150794009219,-0.046139614033898005,-0.046139614033898005,0.03940444955759892,,,,,0,5.593623828015204e-10,27.070405911654234,0.02049371972680092,26.746856782585382,1e-09,1e-09,24375,3.183100449888343e-10,2.092255152484117e-12,1,solved,0,2.131161913609958e-11,True,True,False,,accepted_continuous_relaxation,0.30305540934205055,1.0375144816935062,0.7663824185729027,0.4366883747279644,0.0,29.310991186648607,29.310991186648607,29.35919624194503,8,2,0.6529617309570312,1.9847412109375,2.9802322387695312,5.9604644775390625,aer_gpu,GPU,True,1.0,0.06743764132261276,0.48829135298728943,0.00012885034084320068,0.2105245739221573,False,False,False,{},
2,11ef0ec876e9480c2e690279cfb909f53bd76ca29e66ec28dab415edc81d3df9,scalable_hybrid_search,20000,50,16,1,1,220260803,True,classical_tabu_lns,-0.043854266559271105,-0.043854266559271105,,-0.044094277839561505,,,,,,0,1.8717630223541448e-10,30.296312738209963,0.02107204869389534,30.02849868312478,1e-09,1e-09,27372,2.391459252848449e-10,1.0636611755820135e-11,1,run time limit reached,1,6.419787750289174e-07,False,False,True,True,near_feasible_unaccepted_continuous_iterate,0.24674200639128685,1.9094086550176144,1.623547151684761,0.8023239001631737,0.0,34.63159244507551,34.63159244507551,34.714300870895386,19,2,0.9044380187988281,1.9847412109375,2.9802322387695312,5.9604644775390625,aer_gpu,GPU,True,1.0,0.06539841368794441,0.4900168962776661,0.8295029774308205,0.23862886428833008,False,False,False,"{""continuous_relaxation"": ""continuous relaxation was not accepted: backend='osqp', native_status='run time limit reached', validated_feasible=False, breaches=1, max_violation=6.420e-07. If the native solver converged, set relaxation_options['tol'] comfortably below the validator tolerance (1e-7).""}",
2,11ef0ec876e9480c2e690279cfb909f53bd76ca29e66ec28dab415edc81d3df9,scalable_hybrid_search,20000,50,16,1,2,220260804,True,classical_tabu_lns,-0.04119325664658585,-0.04119325664658585,,-0.04177211330787818,,,,,,0,1.2864406762069791e-09,30.296543661504984,0.021846968680620193,30.028697550296783,1e-09,1e-09,27253,2.095503270904686e-09,1.3047628566625383e-10,1,run time limit reached,1,1.2307582923754001e-05,False,False,True,True,near_feasible_unaccepted_continuous_iterate,0.24599914252758026,1.6183351762592793,3.63533553853631,0.8067386075854301,0.0,36.356952983886,36.356952983886,36.48817075788975,30,2,1.150604248046875,1.9847412109375,2.9802322387695312,5.9604644775390625,aer_gpu,GPU,True,1.0,0.059847112745046616,0.49471544846892357,2.8504634387791157,0.23030953854322433,False,False,False,"{""continuous_relaxation"": ""continuous relaxation was not accepted: backend='osqp', native_status='run time limit reached', validated_feasible=False, breaches=1, max_violation=1.231e-05. If the native solver converged, set relaxation_options['tol'] comfortably below the validator tolerance (1e-7).""}",
2,11ef0ec876e9480c2e690279cfb909f53bd76ca29e66ec28dab415edc81d3df9,scalable_hybrid_search,50000,50,16,1,0,520260802,True,classical_tabu_lns,-0.04189352536968357,-0.04189352536968357,,-0.031463839359051976,,,,,,0,7.332730422859868e-09,30.720155857503414,0.04635738581418991,30.066803600639105,1e-09,1e-09,8270,6.421355782367323e-06,1.1002149858609549e-06,1,run time limit reached,27438,0.13037967164953645,False,False,True,False,current_portfolio,0.6069948710501194,3.591178871691227,1.1882689967751503,2.1607195623219013,0.0,37.66032328829169,37.66032328829169,37.791448563337326,12,1,1.2464179992675781,4.960205078125,18.62645149230957,37.25290298461914,aer_gpu,GPU,True,1.0,0.06250547617673874,0.484862744808197,0.4629286602139473,0.17797211557626724,False,False,False,"{""continuous_relaxation"": ""continuous relaxation was not accepted: backend='osqp', native_status='run time limit reached', validated_feasible=False, breaches=27438, max_violation=1.304e-01. If the native solver converged, set relaxation_options['tol'] comfortably below the validator tolerance (1e-7).""}",
2,11ef0ec876e9480c2e690279cfb909f53bd76ca29e66ec28dab415edc81d3df9,scalable_hybrid_search,50000,50,16,1,1,520260803,True,classical_tabu_lns,-0.04549572343562108,-0.04549572343562108,,-0.03618966249636246,,,,,,0,4.73530953164214e-10,30.720022544264793,0.044197000563144684,30.064021840691566,1e-09,1e-09,8275,1.1266458858440822e-05,5.817597780831478e-06,1,run time limit reached,33666,0.09599448958842466,False,False,True,False,current_portfolio,0.6118037030100822,4.000522319227457,7.80210055410862,1.6965943537652493,0.0,44.21923977136612,44.21923977136612,44.539291735738516,30,2,2.219970703125,4.960205078125,18.62645149230957,37.25290298461914,aer_gpu,GPU,True,1.0,0.0700656846165657,0.48688139393925667,6.966920483857393,0.27823299169540405,False,False,False,"{""continuous_relaxation"": ""continuous relaxation was not accepted: backend='osqp', native_status='run time limit reached', validated_feasible=False, breaches=33666, max_violation=9.599e-02. If the native solver converged, set relaxation_options['tol'] comfortably below the validator tolerance (1e-7).""}",
2,11ef0ec876e9480c2e690279cfb909f53bd76ca29e66ec28dab415edc81d3df9,scalable_hybrid_search,50000,50,16,1,2,520260804,True,classical_tabu_lns,-0.0456513108103704,-0.0456513108103704,,-0.03841526741235517,,,,,,0,7.281208969089903e-10,30.726874142885208,0.04566757380962372,30.067144330590963,1e-09,1e-09,8202,6.328415115460764e-06,7.356124670223711e-07,1,run time limit reached,39148,0.04684423233062118,False,False,True,False,current_portfolio,0.614062238484621,3.994625423103571,7.4441026747226715,1.5838154330849648,0.0,43.749417673796415,43.749417673796415,44.07018146663904,30,2,2.2173995971679688,4.960205078125,18.62645149230957,37.25290298461914,aer_gpu,GPU,True,1.0,0.06362967565655708,0.4987228438258171,6.600944492965937,0.28080566227436066,False,False,False,"{""continuous_relaxation"": ""continuous relaxation was not accepted: backend='osqp', native_status='run time limit reached', validated_feasible=False, breaches=39148, max_violation=4.684e-02. If the native solver converged, set relaxation_options['tol'] comfortably below the validator tolerance (1e-7).""}",
2,11ef0ec876e9480c2e690279cfb909f53bd76ca29e66ec28dab415edc81d3df9,scalable_hybrid_search,80000,50,16,1,0,820260802,True,classical_tabu_lns,-0.04134414068082799,-0.04134414068082799,,-0.030718878293168606,,,,,,0,3.224787981093158e-08,31.219791490584612,0.07102097570896149,30.132692579180002,1e-09,1e-09,3632,6.522438407381703e-05,6.234864385738523e-07,0,run time limit reached,49279,0.9807830503167888,False,False,True,False,current_portfolio,1.0160779356956482,5.393052749335766,0.7404718548059464,3.9714822694659233,0.0,41.32479836419225,41.32479836419225,41.521625969558954,10,2,1.4173202514648438,7.9356689453125,47.6837158203125,95.367431640625,aer_gpu,GPU,True,1.0,0.06933455169200897,0.4909844920039177,0.00019271299242973328,0.17996009811758995,False,False,False,"{""continuous_relaxation"": ""continuous relaxation was not accepted: backend='osqp', native_status='run time limit reached', validated_feasible=False, breaches=49279, max_violation=9.808e-01. If the native solver converged, set relaxation_options['tol'] comfortably below the validator tolerance (1e-7).""}",
2,11ef0ec876e9480c2e690279cfb909f53bd76ca29e66ec28dab415edc81d3df9,scalable_hybrid_search,80000,50,16,1,1,820260803,True,classical_tabu_lns,-0.04197252294252086,-0.04197252294252086,,-0.03164662753547419,,,,,,0,4.392205710246344e-09,31.2040631249547,0.07092682644724846,30.138387598097324,1e-09,1e-09,3523,4.441814924808391e-05,2.48734361771436e-07,0,run time limit reached,46356,0.9424955699390941,False,False,True,False,current_portfolio,0.9947487004101276,5.84046895429492,3.2770952209830284,3.9155985079705715,0.0,44.23722580820322,44.23722580820322,44.51351710408926,15,2,1.8634872436523438,7.9356689453125,47.6837158203125,95.367431640625,aer_gpu,GPU,True,1.0,0.06123954802751541,0.505464643239975,2.5331712514162064,0.17721977829933167,False,False,False,"{""continuous_relaxation"": ""continuous relaxation was not accepted: backend='osqp', native_status='run time limit reached', validated_feasible=False, breaches=46356, max_violation=9.425e-01. If the native solver converged, set relaxation_options['tol'] comfortably below the validator tolerance (1e-7).""}",
2,11ef0ec876e9480c2e690279cfb909f53bd76ca29e66ec28dab415edc81d3df9,scalable_hybrid_search,80000,50,16,1,2,820260804,True,classical_tabu_lns,-0.045825706413399975,-0.045825706413399975,,-0.03503972416589815,,,,,,0,1.014656469955355e-08,31.200552951544523,0.06894810497760773,30.13319953903556,1e-09,1e-09,3619,5.328300479695222e-05,1.2741255530958452e-06,0,run time limit reached,53646,1.0541847668574351,False,False,True,False,current_portfolio,0.9984053075313568,4.072470229119062,3.8859361708164215,3.3686801493167877,0.0,42.527639500796795,42.527639500796795,42.75309386476874,13,2,1.6767616271972656,7.9356689453125,47.6837158203125,95.367431640625,aer_gpu,GPU,True,1.0,0.06436340883374214,0.5090813189744949,3.1328237429261208,0.17966770008206367,False,False,False,"{""continuous_relaxation"": ""continuous relaxation was not accepted: backend='osqp', native_status='run time limit reached', validated_feasible=False, breaches=53646, max_violation=1.054e+00. If the native solver converged, set relaxation_options['tol'] comfortably below the validator tolerance (1e-7).""}",
2,11ef0ec876e9480c2e690279cfb909f53bd76ca29e66ec28dab415edc81d3df9,scalable_hybrid_search,100000,50,16,1,0,1020260802,True,classical_tabu_lns,-0.045546936939190714,-0.045546936939190714,,-0.035154136916696575,,,,,,0,1.0594066179869799e-09,31.500339820981026,0.08572428673505783,30.136303428560495,1e-09,1e-09,2746,5.5051352878025817e-05,1.6472449000960731e-06,0,run time limit reached,72537,1.295482233146104,False,False,True,False,current_portfolio,1.2783121056854725,8.519863560795784,13.42393471300602,4.963272772729397,0.0,58.407410867512226,58.407410867512226,59.05745816603303,31,2,3.987781524658203,9.9193115234375,74.50580596923828,149.01161193847656,aer_gpu,GPU,True,1.0,0.06553903222084045,0.49931488931179047,12.681130535900593,0.17795025557279587,False,False,False,"{""continuous_relaxation"": ""continuous relaxation was not accepted: backend='osqp', native_status='run time limit reached', validated_feasible=False, breaches=72537, max_violation=1.295e+00. If the native solver converged, set relaxation_options['tol'] comfortably below the validator tolerance (1e-7).""}",
2,11ef0ec876e9480c2e690279cfb909f53bd76ca29e66ec28dab415edc81d3df9,scalable_hybrid_search,100000,50,16,1,1,1020260803,True,classical_tabu_lns,-0.044633024332351535,-0.044633024332351535,,-0.034911097754612576,,,,,,0,1.0741538006286966e-09,31.494049351662397,0.08454481512308121,30.14235771819949,1e-09,1e-09,2780,5.8768742422624006e-05,3.1465211325401723e-06,0,run time limit reached,69794,1.1729909776710334,False,False,True,False,current_portfolio,1.2671468183398247,7.178851742297411,4.629350863397121,3.975586950778961,0.0,47.27783890813589,47.27783890813589,47.62346401810646,16,2,2.351459503173828,9.9193115234375,74.50580596923828,149.01161193847656,aer_gpu,GPU,True,1.0,0.061460960656404495,0.5041981637477875,3.885485514998436,0.17820622399449348,False,False,False,"{""continuous_relaxation"": ""continuous relaxation was not accepted: backend='osqp', native_status='run time limit reached', validated_feasible=False, breaches=69794, max_violation=1.173e+00. If the native solver converged, set relaxation_options['tol'] comfortably below the validator tolerance (1e-7).""}",
2,11ef0ec876e9480c2e690279cfb909f53bd76ca29e66ec28dab415edc81d3df9,scalable_hybrid_search,100000,50,16,1,2,1020260804,True,classical_tabu_lns,-0.04289319891988126,-0.04289319891988126,,-0.03364020422391118,,,,,,0,3.28662969062421e-09,31.476098384708166,0.08580503612756729,30.13680685311556,1e-09,1e-09,2714,5.940845209160528e-05,6.189991894968185e-07,0,run time limit reached,63905,1.0551693981310866,False,False,True,False,current_portfolio,1.2534864954650402,5.862648066133261,1.3788783997297287,5.1192751452326775,0.0,43.83689999580383,43.83689999580383,44.055749371647835,10,1,1.6449356079101562,9.9193115234375,74.50580596923828,149.01161193847656,aer_gpu,GPU,True,1.0,0.06494566798210144,0.4997386746108532,0.6359874568879604,0.17820660024881363,False,False,False,"{""continuous_relaxation"": ""continuous relaxation was not accepted: backend='osqp', native_status='run time limit reached', validated_feasible=False, breaches=63905, max_violation=1.055e+00. If the native solver converged, set relaxation_options['tol'] comfortably below the validator tolerance (1e-7).""}",
2,11ef0ec876e9480c2e690279cfb909f53bd76ca29e66ec28dab415edc81d3df9,scalable_hybrid_search,150000,50,16,1,0,1520260802,True,classical_tabu_lns,-0.04663981193120067,-0.04663981193120067,,-0.0372013239188784,,,,,,0,2.529119802474611e-09,32.291772954165936,0.1268812045454979,30.21610487252474,1e-09,1e-09,1623,6.681496801865319e-05,6.0134321664698e-06,0,run time limit reached,122401,2.4383542344229583,False,False,True,False,current_portfolio,1.9487868770956993,9.882392633706331,1.9761495031416416,7.658128719776869,0.0,51.80844381079078,51.80844381079078,52.16218324750662,11,1,2.38348388671875,14.87841796875,167.63806343078613,335.27612686157227,aer_gpu,GPU,True,1.0,0.06319734454154968,0.5060064382851124,1.229862980544567,0.17708273977041245,False,False,False,"{""continuous_relaxation"": ""continuous relaxation was not accepted: backend='osqp', native_status='run time limit reached', validated_feasible=False, breaches=122401, max_violation=2.438e+00. If the native solver converged, set relaxation_options['tol'] comfortably below the validator tolerance (1e-7).""}",
2,11ef0ec876e9480c2e690279cfb909f53bd76ca29e66ec28dab415edc81d3df9,scalable_hybrid_search,150000,50,16,1,1,1520260803,True,classical_tabu_lns,-0.0446288075798803,-0.0446288075798803,,-0.032814811638031106,,,,,,0,1.1873177718779715e-09,32.268983993679285,0.12722795456647873,30.214136566966772,1e-09,1e-09,1634,8.180341855742697e-05,5.326253861906177e-06,0,run time limit reached,116036,2.53819643196588,False,False,True,False,current_portfolio,1.9276194721460342,11.810689575970173,20.3186604231596,7.696830317378044,0.0,72.0951643101871,72.0951643101871,73.05107201635838,30,2,5.5685882568359375,14.87841796875,167.63806343078613,335.27612686157227,aer_gpu,GPU,True,1.0,0.06800445914268494,0.49578549712896347,19.576230496168137,0.1786399707198143,False,False,False,"{""continuous_relaxation"": ""continuous relaxation was not accepted: backend='osqp', native_status='run time limit reached', validated_feasible=False, breaches=116036, max_violation=2.538e+00. If the native solver converged, set relaxation_options['tol'] comfortably below the validator tolerance (1e-7).""}",
2,11ef0ec876e9480c2e690279cfb909f53bd76ca29e66ec28dab415edc81d3df9,scalable_hybrid_search,150000,50,16,1,2,1520260804,True,classical_tabu_lns,-0.042938723777037134,-0.042938723777037134,,-0.029158389194724077,,,,,,0,7.715133032437649e-09,32.22819383442402,0.12763864547014236,30.202718421816826,1e-09,1e-09,1650,7.786892275158683e-05,6.9535044928209725e-06,0,run time limit reached,104953,2.3367373033794876,False,False,True,False,current_portfolio,1.8978367671370506,10.482668623328209,19.80624970048666,7.077360816299915,0.0,69.5944729745388,69.5944729745388,70.52318385615945,29,2,5.395469665527344,14.87841796875,167.63806343078613,335.27612686157227,aer_gpu,GPU,True,1.0,0.062037430703639984,0.7609639093279839,18.806289613246918,0.17695874720811844,False,False,False,"{""continuous_relaxation"": ""continuous relaxation was not accepted: backend='osqp', native_status='run time limit reached', validated_feasible=False, breaches=104953, max_violation=2.337e+00. If the native solver converged, set relaxation_options['tol'] comfortably below the validator tolerance (1e-7).""}",
2,11ef0ec876e9480c2e690279cfb909f53bd76ca29e66ec28dab415edc81d3df9,scalable_hybrid_search,200000,50,16,1,0,2020260802,True,classical_tabu_lns,-0.04297152766827607,-0.04297152766827607,,-0.033067478253239066,,,,,,0,2.4445466761946477e-09,33.085158206522465,0.17279158160090446,30.294496189802885,1e-09,1e-09,1241,0.00010342398986012274,2.6012679574700627e-06,0,run time limit reached,186112,4.225073329170469,False,False,True,False,current_portfolio,2.6178704351186752,13.968629091978073,6.654371861368418,10.555120445787907,0.0,64.26327960565686,64.26327960565686,64.8991562537849,15,2,3.928325653076172,19.8375244140625,298.0232238769531,596.0464477539062,aer_gpu,GPU,True,1.0,0.06071009114384651,0.8226488195359707,5.5922731794416904,0.1787397712469101,False,False,False,"{""continuous_relaxation"": ""continuous relaxation was not accepted: backend='osqp', native_status='run time limit reached', validated_feasible=False, breaches=186112, max_violation=4.225e+00. If the native solver converged, set relaxation_options['tol'] comfortably below the validator tolerance (1e-7).""}",
2,11ef0ec876e9480c2e690279cfb909f53bd76ca29e66ec28dab415edc81d3df9,scalable_hybrid_search,200000,50,16,1,1,2020260803,True,classical_tabu_lns,-0.042767115049571064,-0.042767115049571064,,-0.03183069302900359,,,,,,0,1.0713716025456677e-09,33.07247794419527,0.1708412989974022,30.302957341074944,1e-09,1e-09,1245,7.744571349817958e-05,3.3821943692866323e-06,0,run time limit reached,179480,4.449634259122793,False,False,True,False,current_portfolio,2.598679304122925,18.358917728066444,26.21067538484931,10.414114821702242,0.0,88.05618587881327,88.05618587881327,89.389403373003,32,2,7.722927093505859,19.8375244140625,298.0232238769531,596.0464477539062,aer_gpu,GPU,True,1.0,0.06157190725207329,0.5021544359624386,25.46968675404787,0.17726228758692741,False,False,False,"{""continuous_relaxation"": ""continuous relaxation was not accepted: backend='osqp', native_status='run time limit reached', validated_feasible=False, breaches=179480, max_violation=4.450e+00. If the native solver converged, set relaxation_options['tol'] comfortably below the validator tolerance (1e-7).""}",
2,11ef0ec876e9480c2e690279cfb909f53bd76ca29e66ec28dab415edc81d3df9,scalable_hybrid_search,200000,50,16,1,2,2020260804,True,classical_tabu_lns,-0.04229949306374157,-0.04229949306374157,,-0.03064764369096308,,,,,,0,6.566032648147591e-10,33.056120451539755,0.17090923339128494,30.294826567173004,1e-09,1e-09,1245,0.0001459662031529571,1.7472153068511434e-06,0,run time limit reached,181952,4.448815815805125,False,False,True,False,current_portfolio,2.5903846509754658,15.455618903040886,6.260482359677553,10.320502769201994,0.0,65.09272448346019,65.09272448346019,65.76251617819071,16,2,4.147235870361328,19.8375244140625,298.0232238769531,596.0464477539062,aer_gpu,GPU,True,1.0,0.061910055577754974,0.5000220201909542,5.521307911723852,0.17724237218499184,False,False,False,"{""continuous_relaxation"": ""continuous relaxation was not accepted: backend='osqp', native_status='run time limit reached', validated_feasible=False, breaches=181952, max_violation=4.449e+00. If the native solver converged, set relaxation_options['tol'] comfortably below the validator tolerance (1e-7).""}",
2,11ef0ec876e9480c2e690279cfb909f53bd76ca29e66ec28dab415edc81d3df9,scalable_hybrid_search,300000,50,16,1,0,3020260802,True,classical_tabu_lns,-0.040662068866575085,-0.040662068866575085,,-0.027540615161334617,,,,,,0,1.083743594865183e-09,34.70879918336868,0.2614378593862057,30.465839933604002,1e-09,1e-09,784,0.00014073910844957654,5.580477057809896e-06,0,run time limit reached,299711,10.248770789028583,False,False,True,False,current_portfolio,3.981521390378475,19.16251090914011,9.642914142459631,13.355382423847914,0.0,76.86960665881634,76.86960665881634,77.75855024158955,14,2,5.338031768798828,29.7557373046875,670.5522537231445,1341.104507446289,aer_gpu,GPU,True,1.0,0.06528159230947495,0.4881931357085705,8.911249410361052,0.17819000408053398,False,False,False,"{""continuous_relaxation"": ""continuous relaxation was not accepted: backend='osqp', native_status='run time limit reached', validated_feasible=False, breaches=299711, max_violation=1.025e+01. If the native solver converged, set relaxation_options['tol'] comfortably below the validator tolerance (1e-7).""}",
2,11ef0ec876e9480c2e690279cfb909f53bd76ca29e66ec28dab415edc81d3df9,scalable_hybrid_search,300000,50,16,1,1,3020260803,True,classical_tabu_lns,-0.043534860256862436,-0.043534860256862436,,-0.03162172176001846,,,,,,0,4.3970455054775925e-10,34.660094268620014,0.2632441781461239,30.45783993974328,1e-09,1e-09,784,0.00013361707028396869,1.028929217161195e-05,0,run time limit reached,299619,10.852552414193003,False,False,True,False,current_portfolio,3.93901015073061,23.62848599627614,38.6099098585546,15.701303951442242,0.0,112.599794074893,112.599794074893,114.49206186458468,30,2,10.6572265625,29.7557373046875,670.5522537231445,1341.104507446289,aer_gpu,GPU,True,1.0,0.06363764777779579,0.5020586103200912,37.86700326576829,0.17721033468842506,False,False,False,"{""continuous_relaxation"": ""continuous relaxation was not accepted: backend='osqp', native_status='run time limit reached', validated_feasible=False, breaches=299619, max_violation=1.085e+01. If the native solver converged, set relaxation_options['tol'] comfortably below the validator tolerance (1e-7).""}",
2,11ef0ec876e9480c2e690279cfb909f53bd76ca29e66ec28dab415edc81d3df9,scalable_hybrid_search,300000,50,16,1,2,3020260804,True,classical_tabu_lns,-0.04493365895441986,-0.04493365895441986,,-0.03316566511750866,,,,,,0,7.949566394049867e-09,34.69290153309703,0.26149939745664597,30.460384767502546,1e-09,1e-09,783,0.00028823952750967996,8.0858494956072e-06,0,run time limit reached,299721,9.853599540666307,False,False,True,False,current_portfolio,3.9710173681378365,25.783650372177362,39.30133280158043,15.870694685727358,0.0,115.64857939258218,115.64857939258218,117.5618954449892,31,2,10.99371337890625,29.7557373046875,670.5522537231445,1341.104507446289,aer_gpu,GPU,True,1.0,0.06307713314890862,0.4914630465209484,38.5687208622694,0.1780717596411705,False,False,False,"{""continuous_relaxation"": ""continuous relaxation was not accepted: backend='osqp', native_status='run time limit reached', validated_feasible=False, breaches=299721, max_violation=9.854e+00. If the native solver converged, set relaxation_options['tol'] comfortably below the validator tolerance (1e-7).""}",
